{
"type": "FeatureCollection",
"name": "chennai_central_nodes",
"crs": { "type": "name", "properties": { "name": "urn:ogc:def:crs:OGC:1.3:CRS84" } },
"features": [
{ "type": "Feature", "properties": { "osmid": 30037235, "y": 13.0807843, "x": 80.2651669, "highway": "traffic_signals", "street_count": 4 }, "geometry": { "type": "Point", "coordinates": [ 80.2651669, 13.0807843 ] } },
{ "type": "Feature", "properties": { "osmid": 30037236, "y": 13.0802951, "x": 80.2627848, "highway": "traffic_signals", "street_count": 4 }, "geometry": { "type": "Point", "coordinates": [ 80.2627848, 13.0802951 ] } },
{ "type": "Feature", "properties": { "osmid": 30037239, "y": 13.0794309, "x": 80.2587734, "highway": "traffic_signals", "street_count": 4 }, "geometry": { "type": "Point", "coordinates": [ 80.2587734, 13.0794309 ] } },
{ "type": "Feature", "properties": { "osmid": 30037398, "y": 13.0822677, "x": 80.2816254, "highway": "traffic_signals", "street_count": 4 }, "geometry": { "type": "Point", "coordinates": [ 80.2816254, 13.0822677 ] } },
{ "type": "Feature", "properties": { "osmid": 30037903, "y": 13.0716541, "x": 80.2743139, "highway": "traffic_signals", "street_count": 4 }, "geometry": { "type": "Point", "coordinates": [ 80.2743139, 13.0716541 ] } },
{ "type": "Feature", "properties": { "osmid": 30037904, "y": 13.0717936, "x": 80.2743746, "highway": "traffic_signals", "street_count": 4 }, "geometry": { "type": "Point", "coordinates": [ 80.2743746, 13.0717936 ] } },
{ "type": "Feature", "properties": { "osmid": 243325386, "y": 13.0760151, "x": 80.2672158, "highway": null, "street_count": 4 }, "geometry": { "type": "Point", "coordinates": [ 80.2672158, 13.0760151 ] } },
{ "type": "Feature", "properties": { "osmid": 243325387, "y": 13.075238, "x": 80.2702071, "highway": null, "street_count": 4 }, "geometry": { "type": "Point", "coordinates": [ 80.2702071, 13.075238 ] } },
{ "type": "Feature", "properties": { "osmid": 243325391, "y": 13.0722422, "x": 80.2739583, "highway": null, "street_count": 4 }, "geometry": { "type": "Point", "coordinates": [ 80.2739583, 13.0722422 ] } },
{ "type": "Feature", "properties": { "osmid": 247435682, "y": 13.0894808, "x": 80.2789136, "highway": null, "street_count": 4 }, "geometry": { "type": "Point", "coordinates": [ 80.2789136, 13.0894808 ] } },
{ "type": "Feature", "properties": { "osmid": 247435684, "y": 13.0903952, "x": 80.2772636, "highway": null, "street_count": 3 }, "geometry": { "type": "Point", "coordinates": [ 80.2772636, 13.0903952 ] } },
{ "type": "Feature", "properties": { "osmid": 247435685, "y": 13.0909096, "x": 80.2765243, "highway": null, "street_count": 4 }, "geometry": { "type": "Point", "coordinates": [ 80.2765243, 13.0909096 ] } },
{ "type": "Feature", "properties": { "osmid": 247435687, "y": 13.0914196, "x": 80.2752039, "highway": null, "street_count": 3 }, "geometry": { "type": "Point", "coordinates": [ 80.2752039, 13.0914196 ] } },
{ "type": "Feature", "properties": { "osmid": 247435874, "y": 13.086075, "x": 80.2792164, "highway": null, "street_count": 4 }, "geometry": { "type": "Point", "coordinates": [ 80.2792164, 13.086075 ] } },
{ "type": "Feature", "properties": { "osmid": 247435875, "y": 13.0861687, "x": 80.2784418, "highway": null, "street_count": 4 }, "geometry": { "type": "Point", "coordinates": [ 80.2784418, 13.0861687 ] } },
{ "type": "Feature", "properties": { "osmid": 247435876, "y": 13.0863687, "x": 80.2773133, "highway": null, "street_count": 3 }, "geometry": { "type": "Point", "coordinates": [ 80.2773133, 13.0863687 ] } },
{ "type": "Feature", "properties": { "osmid": 247436720, "y": 13.0955693, "x": 80.2752573, "highway": null, "street_count": 4 }, "geometry": { "type": "Point", "coordinates": [ 80.2752573, 13.0955693 ] } },
{ "type": "Feature", "properties": { "osmid": 247437529, "y": 13.0737818, "x": 80.2764982, "highway": "traffic_signals", "street_count": 4 }, "geometry": { "type": "Point", "coordinates": [ 80.2764982, 13.0737818 ] } },
{ "type": "Feature", "properties": { "osmid": 247437530, "y": 13.0770794, "x": 80.276291, "highway": null, "street_count": 4 }, "geometry": { "type": "Point", "coordinates": [ 80.276291, 13.0770794 ] } },
{ "type": "Feature", "properties": { "osmid": 247438022, "y": 13.0923212, "x": 80.2752963, "highway": "traffic_signals", "street_count": 4 }, "geometry": { "type": "Point", "coordinates": [ 80.2752963, 13.0923212 ] } },
{ "type": "Feature", "properties": { "osmid": 247438110, "y": 13.0951601, "x": 80.2798126, "highway": null, "street_count": 3 }, "geometry": { "type": "Point", "coordinates": [ 80.2798126, 13.0951601 ] } },
{ "type": "Feature", "properties": { "osmid": 247438111, "y": 13.0943668, "x": 80.2796393, "highway": null, "street_count": 4 }, "geometry": { "type": "Point", "coordinates": [ 80.2796393, 13.0943668 ] } },
{ "type": "Feature", "properties": { "osmid": 247438112, "y": 13.0927747, "x": 80.279421, "highway": null, "street_count": 4 }, "geometry": { "type": "Point", "coordinates": [ 80.279421, 13.0927747 ] } },
{ "type": "Feature", "properties": { "osmid": 247438113, "y": 13.09197, "x": 80.2793299, "highway": null, "street_count": 4 }, "geometry": { "type": "Point", "coordinates": [ 80.2793299, 13.09197 ] } },
{ "type": "Feature", "properties": { "osmid": 247438584, "y": 13.0858418, "x": 80.280899, "highway": null, "street_count": 4 }, "geometry": { "type": "Point", "coordinates": [ 80.280899, 13.0858418 ] } },
{ "type": "Feature", "properties": { "osmid": 247439423, "y": 13.0853578, "x": 80.2783081, "highway": null, "street_count": 3 }, "geometry": { "type": "Point", "coordinates": [ 80.2783081, 13.0853578 ] } },
{ "type": "Feature", "properties": { "osmid": 247439424, "y": 13.0835807, "x": 80.2780939, "highway": null, "street_count": 3 }, "geometry": { "type": "Point", "coordinates": [ 80.2780939, 13.0835807 ] } },
{ "type": "Feature", "properties": { "osmid": 247439426, "y": 13.083387, "x": 80.2781193, "highway": null, "street_count": 3 }, "geometry": { "type": "Point", "coordinates": [ 80.2781193, 13.083387 ] } },
{ "type": "Feature", "properties": { "osmid": 247439444, "y": 13.0886274, "x": 80.2815146, "highway": null, "street_count": 3 }, "geometry": { "type": "Point", "coordinates": [ 80.2815146, 13.0886274 ] } },
{ "type": "Feature", "properties": { "osmid": 247692736, "y": 13.0715455, "x": 80.2749612, "highway": null, "street_count": 3 }, "geometry": { "type": "Point", "coordinates": [ 80.2749612, 13.0715455 ] } },
{ "type": "Feature", "properties": { "osmid": 248467510, "y": 13.0700231, "x": 80.266262, "highway": null, "street_count": 3 }, "geometry": { "type": "Point", "coordinates": [ 80.266262, 13.0700231 ] } },
{ "type": "Feature", "properties": { "osmid": 248467513, "y": 13.0720615, "x": 80.2640748, "highway": null, "street_count": 4 }, "geometry": { "type": "Point", "coordinates": [ 80.2640748, 13.0720615 ] } },
{ "type": "Feature", "properties": { "osmid": 248467520, "y": 13.0727188, "x": 80.2625902, "highway": null, "street_count": 3 }, "geometry": { "type": "Point", "coordinates": [ 80.2625902, 13.0727188 ] } },
{ "type": "Feature", "properties": { "osmid": 248467585, "y": 13.0803737, "x": 80.2651477, "highway": null, "street_count": 3 }, "geometry": { "type": "Point", "coordinates": [ 80.2651477, 13.0803737 ] } },
{ "type": "Feature", "properties": { "osmid": 248467712, "y": 13.0747069, "x": 80.2575121, "highway": null, "street_count": 3 }, "geometry": { "type": "Point", "coordinates": [ 80.2575121, 13.0747069 ] } },
{ "type": "Feature", "properties": { "osmid": 248467908, "y": 13.0746219, "x": 80.2627698, "highway": null, "street_count": 3 }, "geometry": { "type": "Point", "coordinates": [ 80.2627698, 13.0746219 ] } },
{ "type": "Feature", "properties": { "osmid": 248467911, "y": 13.0777391, "x": 80.2623028, "highway": null, "street_count": 3 }, "geometry": { "type": "Point", "coordinates": [ 80.2623028, 13.0777391 ] } },
{ "type": "Feature", "properties": { "osmid": 248467912, "y": 13.0695043, "x": 80.2724275, "highway": null, "street_count": 3 }, "geometry": { "type": "Point", "coordinates": [ 80.2724275, 13.0695043 ] } },
{ "type": "Feature", "properties": { "osmid": 248467915, "y": 13.0698885, "x": 80.2713796, "highway": null, "street_count": 3 }, "geometry": { "type": "Point", "coordinates": [ 80.2713796, 13.0698885 ] } },
{ "type": "Feature", "properties": { "osmid": 248467917, "y": 13.0699872, "x": 80.2710687, "highway": null, "street_count": 3 }, "geometry": { "type": "Point", "coordinates": [ 80.2710687, 13.0699872 ] } },
{ "type": "Feature", "properties": { "osmid": 248467921, "y": 13.0700594, "x": 80.2707518, "highway": null, "street_count": 3 }, "geometry": { "type": "Point", "coordinates": [ 80.2707518, 13.0700594 ] } },
{ "type": "Feature", "properties": { "osmid": 248467926, "y": 13.0701446, "x": 80.2703748, "highway": null, "street_count": 3 }, "geometry": { "type": "Point", "coordinates": [ 80.2703748, 13.0701446 ] } },
{ "type": "Feature", "properties": { "osmid": 248467931, "y": 13.0704524, "x": 80.2693581, "highway": null, "street_count": 3 }, "geometry": { "type": "Point", "coordinates": [ 80.2693581, 13.0704524 ] } },
{ "type": "Feature", "properties": { "osmid": 248467935, "y": 13.0698752, "x": 80.2714408, "highway": null, "street_count": 3 }, "geometry": { "type": "Point", "coordinates": [ 80.2714408, 13.0698752 ] } },
{ "type": "Feature", "properties": { "osmid": 248467936, "y": 13.0704281, "x": 80.2716157, "highway": null, "street_count": 4 }, "geometry": { "type": "Point", "coordinates": [ 80.2716157, 13.0704281 ] } },
{ "type": "Feature", "properties": { "osmid": 248467937, "y": 13.0711212, "x": 80.2718338, "highway": null, "street_count": 3 }, "geometry": { "type": "Point", "coordinates": [ 80.2718338, 13.0711212 ] } },
{ "type": "Feature", "properties": { "osmid": 248467966, "y": 13.0710694, "x": 80.2704816, "highway": null, "street_count": 4 }, "geometry": { "type": "Point", "coordinates": [ 80.2704816, 13.0710694 ] } },
{ "type": "Feature", "properties": { "osmid": 248467968, "y": 13.0715542, "x": 80.2704933, "highway": null, "street_count": 3 }, "geometry": { "type": "Point", "coordinates": [ 80.2704933, 13.0715542 ] } },
{ "type": "Feature", "properties": { "osmid": 248467981, "y": 13.0719582, "x": 80.2704944, "highway": null, "street_count": 3 }, "geometry": { "type": "Point", "coordinates": [ 80.2704944, 13.0719582 ] } },
{ "type": "Feature", "properties": { "osmid": 248467983, "y": 13.0728929, "x": 80.2706803, "highway": null, "street_count": 4 }, "geometry": { "type": "Point", "coordinates": [ 80.2706803, 13.0728929 ] } },
{ "type": "Feature", "properties": { "osmid": 248467985, "y": 13.0750155, "x": 80.2712845, "highway": null, "street_count": 4 }, "geometry": { "type": "Point", "coordinates": [ 80.2712845, 13.0750155 ] } },
{ "type": "Feature", "properties": { "osmid": 248467986, "y": 13.0730994, "x": 80.2696027, "highway": null, "street_count": 4 }, "geometry": { "type": "Point", "coordinates": [ 80.2696027, 13.0730994 ] } },
{ "type": "Feature", "properties": { "osmid": 248467987, "y": 13.0776486, "x": 80.2709239, "highway": null, "street_count": 4 }, "geometry": { "type": "Point", "coordinates": [ 80.2709239, 13.0776486 ] } },
{ "type": "Feature", "properties": { "osmid": 248467988, "y": 13.0729626, "x": 80.2702102, "highway": null, "street_count": 3 }, "geometry": { "type": "Point", "coordinates": [ 80.2702102, 13.0729626 ] } },
{ "type": "Feature", "properties": { "osmid": 248467993, "y": 13.0732437, "x": 80.2691181, "highway": null, "street_count": 4 }, "geometry": { "type": "Point", "coordinates": [ 80.2691181, 13.0732437 ] } },
{ "type": "Feature", "properties": { "osmid": 248468058, "y": 13.0733699, "x": 80.2685818, "highway": null, "street_count": 3 }, "geometry": { "type": "Point", "coordinates": [ 80.2685818, 13.0733699 ] } },
{ "type": "Feature", "properties": { "osmid": 248468085, "y": 13.0736165, "x": 80.2675351, "highway": null, "street_count": 3 }, "geometry": { "type": "Point", "coordinates": [ 80.2675351, 13.0736165 ] } },
{ "type": "Feature", "properties": { "osmid": 248468087, "y": 13.0736539, "x": 80.2669532, "highway": null, "street_count": 4 }, "geometry": { "type": "Point", "coordinates": [ 80.2669532, 13.0736539 ] } },
{ "type": "Feature", "properties": { "osmid": 248468109, "y": 13.0712262, "x": 80.2690665, "highway": null, "street_count": 4 }, "geometry": { "type": "Point", "coordinates": [ 80.2690665, 13.0712262 ] } },
{ "type": "Feature", "properties": { "osmid": 248468113, "y": 13.0726495, "x": 80.2677679, "highway": null, "street_count": 3 }, "geometry": { "type": "Point", "coordinates": [ 80.2677679, 13.0726495 ] } },
{ "type": "Feature", "properties": { "osmid": 248468114, "y": 13.0728917, "x": 80.2675478, "highway": null, "street_count": 3 }, "geometry": { "type": "Point", "coordinates": [ 80.2675478, 13.0728917 ] } },
{ "type": "Feature", "properties": { "osmid": 248468118, "y": 13.0750104, "x": 80.2662967, "highway": null, "street_count": 3 }, "geometry": { "type": "Point", "coordinates": [ 80.2662967, 13.0750104 ] } },
{ "type": "Feature", "properties": { "osmid": 248468120, "y": 13.0755166, "x": 80.2662674, "highway": null, "street_count": 3 }, "geometry": { "type": "Point", "coordinates": [ 80.2662674, 13.0755166 ] } },
{ "type": "Feature", "properties": { "osmid": 248468132, "y": 13.0761989, "x": 80.26636, "highway": null, "street_count": 3 }, "geometry": { "type": "Point", "coordinates": [ 80.26636, 13.0761989 ] } },
{ "type": "Feature", "properties": { "osmid": 248468148, "y": 13.0769946, "x": 80.2665597, "highway": null, "street_count": 3 }, "geometry": { "type": "Point", "coordinates": [ 80.2665597, 13.0769946 ] } },
{ "type": "Feature", "properties": { "osmid": 248468165, "y": 13.0774536, "x": 80.2666967, "highway": null, "street_count": 3 }, "geometry": { "type": "Point", "coordinates": [ 80.2666967, 13.0774536 ] } },
{ "type": "Feature", "properties": { "osmid": 248468180, "y": 13.0782594, "x": 80.2670779, "highway": null, "street_count": 3 }, "geometry": { "type": "Point", "coordinates": [ 80.2670779, 13.0782594 ] } },
{ "type": "Feature", "properties": { "osmid": 248468193, "y": 13.0776982, "x": 80.2724187, "highway": null, "street_count": 3 }, "geometry": { "type": "Point", "coordinates": [ 80.2724187, 13.0776982 ] } },
{ "type": "Feature", "properties": { "osmid": 248468197, "y": 13.0757575, "x": 80.2731806, "highway": null, "street_count": 3 }, "geometry": { "type": "Point", "coordinates": [ 80.2731806, 13.0757575 ] } },
{ "type": "Feature", "properties": { "osmid": 248468200, "y": 13.0699358, "x": 80.2728892, "highway": null, "street_count": 3 }, "geometry": { "type": "Point", "coordinates": [ 80.2728892, 13.0699358 ] } },
{ "type": "Feature", "properties": { "osmid": 248468201, "y": 13.0701676, "x": 80.2724158, "highway": null, "street_count": 3 }, "geometry": { "type": "Point", "coordinates": [ 80.2724158, 13.0701676 ] } },
{ "type": "Feature", "properties": { "osmid": 248468204, "y": 13.0705685, "x": 80.2712631, "highway": null, "street_count": 4 }, "geometry": { "type": "Point", "coordinates": [ 80.2712631, 13.0705685 ] } },
{ "type": "Feature", "properties": { "osmid": 248468209, "y": 13.0707953, "x": 80.2709366, "highway": null, "street_count": 4 }, "geometry": { "type": "Point", "coordinates": [ 80.2709366, 13.0707953 ] } },
{ "type": "Feature", "properties": { "osmid": 248468211, "y": 13.0711228, "x": 80.2696641, "highway": null, "street_count": 3 }, "geometry": { "type": "Point", "coordinates": [ 80.2696641, 13.0711228 ] } },
{ "type": "Feature", "properties": { "osmid": 248468215, "y": 13.0747455, "x": 80.270067, "highway": null, "street_count": 3 }, "geometry": { "type": "Point", "coordinates": [ 80.270067, 13.0747455 ] } },
{ "type": "Feature", "properties": { "osmid": 248468216, "y": 13.0748603, "x": 80.2695276, "highway": null, "street_count": 3 }, "geometry": { "type": "Point", "coordinates": [ 80.2695276, 13.0748603 ] } },
{ "type": "Feature", "properties": { "osmid": 248468217, "y": 13.0749793, "x": 80.269017, "highway": null, "street_count": 4 }, "geometry": { "type": "Point", "coordinates": [ 80.269017, 13.0749793 ] } },
{ "type": "Feature", "properties": { "osmid": 248468218, "y": 13.0752581, "x": 80.2679937, "highway": null, "street_count": 4 }, "geometry": { "type": "Point", "coordinates": [ 80.2679937, 13.0752581 ] } },
{ "type": "Feature", "properties": { "osmid": 248468219, "y": 13.0754276, "x": 80.2670819, "highway": null, "street_count": 4 }, "geometry": { "type": "Point", "coordinates": [ 80.2670819, 13.0754276 ] } },
{ "type": "Feature", "properties": { "osmid": 248468222, "y": 13.0773412, "x": 80.2723808, "highway": null, "street_count": 3 }, "geometry": { "type": "Point", "coordinates": [ 80.2723808, 13.0773412 ] } },
{ "type": "Feature", "properties": { "osmid": 248468223, "y": 13.0757817, "x": 80.2721789, "highway": null, "street_count": 3 }, "geometry": { "type": "Point", "coordinates": [ 80.2721789, 13.0757817 ] } },
{ "type": "Feature", "properties": { "osmid": 248468226, "y": 13.0747475, "x": 80.2721639, "highway": null, "street_count": 3 }, "geometry": { "type": "Point", "coordinates": [ 80.2721639, 13.0747475 ] } },
{ "type": "Feature", "properties": { "osmid": 248468231, "y": 13.0780523, "x": 80.2719975, "highway": null, "street_count": 3 }, "geometry": { "type": "Point", "coordinates": [ 80.2719975, 13.0780523 ] } },
{ "type": "Feature", "properties": { "osmid": 248468232, "y": 13.0774426, "x": 80.2718366, "highway": null, "street_count": 4 }, "geometry": { "type": "Point", "coordinates": [ 80.2718366, 13.0774426 ] } },
{ "type": "Feature", "properties": { "osmid": 248468233, "y": 13.0778198, "x": 80.2703422, "highway": null, "street_count": 3 }, "geometry": { "type": "Point", "coordinates": [ 80.2703422, 13.0778198 ] } },
{ "type": "Feature", "properties": { "osmid": 248468239, "y": 13.0788138, "x": 80.270501, "highway": null, "street_count": 3 }, "geometry": { "type": "Point", "coordinates": [ 80.270501, 13.0788138 ] } },
{ "type": "Feature", "properties": { "osmid": 248468241, "y": 13.0771032, "x": 80.2701881, "highway": null, "street_count": 3 }, "geometry": { "type": "Point", "coordinates": [ 80.2701881, 13.0771032 ] } },
{ "type": "Feature", "properties": { "osmid": 248468242, "y": 13.0759678, "x": 80.2698756, "highway": null, "street_count": 4 }, "geometry": { "type": "Point", "coordinates": [ 80.2698756, 13.0759678 ] } },
{ "type": "Feature", "properties": { "osmid": 248468245, "y": 13.0753584, "x": 80.2697186, "highway": null, "street_count": 3 }, "geometry": { "type": "Point", "coordinates": [ 80.2697186, 13.0753584 ] } },
{ "type": "Feature", "properties": { "osmid": 248468246, "y": 13.0787642, "x": 80.2700272, "highway": null, "street_count": 3 }, "geometry": { "type": "Point", "coordinates": [ 80.2700272, 13.0787642 ] } },
{ "type": "Feature", "properties": { "osmid": 248468247, "y": 13.079308, "x": 80.268948, "highway": null, "street_count": 3 }, "geometry": { "type": "Point", "coordinates": [ 80.268948, 13.079308 ] } },
{ "type": "Feature", "properties": { "osmid": 248468270, "y": 13.0789065, "x": 80.268027, "highway": null, "street_count": 3 }, "geometry": { "type": "Point", "coordinates": [ 80.268027, 13.0789065 ] } },
{ "type": "Feature", "properties": { "osmid": 248468273, "y": 13.0765348, "x": 80.2694706, "highway": null, "street_count": 3 }, "geometry": { "type": "Point", "coordinates": [ 80.2694706, 13.0765348 ] } },
{ "type": "Feature", "properties": { "osmid": 248468274, "y": 13.0755097, "x": 80.2691808, "highway": null, "street_count": 4 }, "geometry": { "type": "Point", "coordinates": [ 80.2691808, 13.0755097 ] } },
{ "type": "Feature", "properties": { "osmid": 248468275, "y": 13.0725444, "x": 80.2689746, "highway": null, "street_count": 3 }, "geometry": { "type": "Point", "coordinates": [ 80.2689746, 13.0725444 ] } },
{ "type": "Feature", "properties": { "osmid": 248468284, "y": 13.0745832, "x": 80.2689215, "highway": null, "street_count": 3 }, "geometry": { "type": "Point", "coordinates": [ 80.2689215, 13.0745832 ] } },
{ "type": "Feature", "properties": { "osmid": 248468285, "y": 13.0748011, "x": 80.2678427, "highway": null, "street_count": 3 }, "geometry": { "type": "Point", "coordinates": [ 80.2678427, 13.0748011 ] } },
{ "type": "Feature", "properties": { "osmid": 248468291, "y": 13.0740573, "x": 80.267641, "highway": null, "street_count": 3 }, "geometry": { "type": "Point", "coordinates": [ 80.267641, 13.0740573 ] } },
{ "type": "Feature", "properties": { "osmid": 248468293, "y": 13.0716194, "x": 80.2696983, "highway": null, "street_count": 3 }, "geometry": { "type": "Point", "coordinates": [ 80.2696983, 13.0716194 ] } },
{ "type": "Feature", "properties": { "osmid": 248468294, "y": 13.0712796, "x": 80.2710616, "highway": null, "street_count": 4 }, "geometry": { "type": "Point", "coordinates": [ 80.2710616, 13.0712796 ] } },
{ "type": "Feature", "properties": { "osmid": 248468295, "y": 13.0713327, "x": 80.2704994, "highway": null, "street_count": 3 }, "geometry": { "type": "Point", "coordinates": [ 80.2704994, 13.0713327 ] } },
{ "type": "Feature", "properties": { "osmid": 248468307, "y": 13.0732082, "x": 80.2719116, "highway": null, "street_count": 1 }, "geometry": { "type": "Point", "coordinates": [ 80.2719116, 13.0732082 ] } },
{ "type": "Feature", "properties": { "osmid": 248468311, "y": 13.0748757, "x": 80.2718636, "highway": null, "street_count": 3 }, "geometry": { "type": "Point", "coordinates": [ 80.2718636, 13.0748757 ] } },
{ "type": "Feature", "properties": { "osmid": 248468314, "y": 13.0749202, "x": 80.2669615, "highway": null, "street_count": 3 }, "geometry": { "type": "Point", "coordinates": [ 80.2669615, 13.0749202 ] } },
{ "type": "Feature", "properties": { "osmid": 248468324, "y": 13.07367, "x": 80.2671617, "highway": null, "street_count": 3 }, "geometry": { "type": "Point", "coordinates": [ 80.2671617, 13.07367 ] } },
{ "type": "Feature", "properties": { "osmid": 248468326, "y": 13.0768966, "x": 80.267347, "highway": null, "street_count": 3 }, "geometry": { "type": "Point", "coordinates": [ 80.267347, 13.0768966 ] } },
{ "type": "Feature", "properties": { "osmid": 248468329, "y": 13.0767684, "x": 80.2683332, "highway": null, "street_count": 3 }, "geometry": { "type": "Point", "coordinates": [ 80.2683332, 13.0767684 ] } },
{ "type": "Feature", "properties": { "osmid": 248468331, "y": 13.0770183, "x": 80.2696031, "highway": null, "street_count": 3 }, "geometry": { "type": "Point", "coordinates": [ 80.2696031, 13.0770183 ] } },
{ "type": "Feature", "properties": { "osmid": 248468334, "y": 13.0772497, "x": 80.2679483, "highway": null, "street_count": 4 }, "geometry": { "type": "Point", "coordinates": [ 80.2679483, 13.0772497 ] } },
{ "type": "Feature", "properties": { "osmid": 248468347, "y": 13.0781324, "x": 80.2680845, "highway": null, "street_count": 4 }, "geometry": { "type": "Point", "coordinates": [ 80.2680845, 13.0781324 ] } },
{ "type": "Feature", "properties": { "osmid": 248468351, "y": 13.0768349, "x": 80.2678596, "highway": null, "street_count": 3 }, "geometry": { "type": "Point", "coordinates": [ 80.2678596, 13.0768349 ] } },
{ "type": "Feature", "properties": { "osmid": 248468361, "y": 13.075789, "x": 80.2681402, "highway": null, "street_count": 4 }, "geometry": { "type": "Point", "coordinates": [ 80.2681402, 13.075789 ] } },
{ "type": "Feature", "properties": { "osmid": 248468378, "y": 13.0762806, "x": 80.2682564, "highway": null, "street_count": 3 }, "geometry": { "type": "Point", "coordinates": [ 80.2682564, 13.0762806 ] } },
{ "type": "Feature", "properties": { "osmid": 248468395, "y": 13.0760349, "x": 80.2693278, "highway": null, "street_count": 3 }, "geometry": { "type": "Point", "coordinates": [ 80.2693278, 13.0760349 ] } },
{ "type": "Feature", "properties": { "osmid": 248468405, "y": 13.076095, "x": 80.2693448, "highway": null, "street_count": 3 }, "geometry": { "type": "Point", "coordinates": [ 80.2693448, 13.076095 ] } },
{ "type": "Feature", "properties": { "osmid": 248468408, "y": 13.0758365, "x": 80.2703688, "highway": null, "street_count": 3 }, "geometry": { "type": "Point", "coordinates": [ 80.2703688, 13.0758365 ] } },
{ "type": "Feature", "properties": { "osmid": 248468411, "y": 13.0781955, "x": 80.2715969, "highway": null, "street_count": 3 }, "geometry": { "type": "Point", "coordinates": [ 80.2715969, 13.0781955 ] } },
{ "type": "Feature", "properties": { "osmid": 248468442, "y": 13.0775605, "x": 80.2714105, "highway": null, "street_count": 4 }, "geometry": { "type": "Point", "coordinates": [ 80.2714105, 13.0775605 ] } },
{ "type": "Feature", "properties": { "osmid": 248468453, "y": 13.0751091, "x": 80.2707302, "highway": null, "street_count": 3 }, "geometry": { "type": "Point", "coordinates": [ 80.2707302, 13.0751091 ] } },
{ "type": "Feature", "properties": { "osmid": 248468472, "y": 13.0784807, "x": 80.271092, "highway": null, "street_count": 3 }, "geometry": { "type": "Point", "coordinates": [ 80.271092, 13.0784807 ] } },
{ "type": "Feature", "properties": { "osmid": 248468480, "y": 13.0743064, "x": 80.2710621, "highway": null, "street_count": 3 }, "geometry": { "type": "Point", "coordinates": [ 80.2710621, 13.0743064 ] } },
{ "type": "Feature", "properties": { "osmid": 248468482, "y": 13.0745996, "x": 80.2700276, "highway": null, "street_count": 3 }, "geometry": { "type": "Point", "coordinates": [ 80.2700276, 13.0745996 ] } },
{ "type": "Feature", "properties": { "osmid": 248468485, "y": 13.0744823, "x": 80.270539, "highway": null, "street_count": 3 }, "geometry": { "type": "Point", "coordinates": [ 80.270539, 13.0744823 ] } },
{ "type": "Feature", "properties": { "osmid": 248468540, "y": 13.072997, "x": 80.2700426, "highway": null, "street_count": 3 }, "geometry": { "type": "Point", "coordinates": [ 80.2700426, 13.072997 ] } },
{ "type": "Feature", "properties": { "osmid": 248468644, "y": 13.0701775, "x": 80.2702215, "highway": null, "street_count": 3 }, "geometry": { "type": "Point", "coordinates": [ 80.2702215, 13.0701775 ] } },
{ "type": "Feature", "properties": { "osmid": 248468657, "y": 13.0729316, "x": 80.2704441, "highway": null, "street_count": 3 }, "geometry": { "type": "Point", "coordinates": [ 80.2704441, 13.0729316 ] } },
{ "type": "Feature", "properties": { "osmid": 248468703, "y": 13.0715957, "x": 80.2701329, "highway": null, "street_count": 3 }, "geometry": { "type": "Point", "coordinates": [ 80.2701329, 13.0715957 ] } },
{ "type": "Feature", "properties": { "osmid": 248468705, "y": 13.0709961, "x": 80.2710034, "highway": null, "street_count": 3 }, "geometry": { "type": "Point", "coordinates": [ 80.2710034, 13.0709961 ] } },
{ "type": "Feature", "properties": { "osmid": 248468712, "y": 13.0708608, "x": 80.2717555, "highway": null, "street_count": 3 }, "geometry": { "type": "Point", "coordinates": [ 80.2717555, 13.0708608 ] } },
{ "type": "Feature", "properties": { "osmid": 248468715, "y": 13.0709273, "x": 80.2713345, "highway": null, "street_count": 3 }, "geometry": { "type": "Point", "coordinates": [ 80.2713345, 13.0709273 ] } },
{ "type": "Feature", "properties": { "osmid": 248468724, "y": 13.0728073, "x": 80.2710813, "highway": null, "street_count": 3 }, "geometry": { "type": "Point", "coordinates": [ 80.2710813, 13.0728073 ] } },
{ "type": "Feature", "properties": { "osmid": 248468728, "y": 13.0718888, "x": 80.2712121, "highway": null, "street_count": 3 }, "geometry": { "type": "Point", "coordinates": [ 80.2712121, 13.0718888 ] } },
{ "type": "Feature", "properties": { "osmid": 248468761, "y": 13.0719537, "x": 80.2692633, "highway": null, "street_count": 3 }, "geometry": { "type": "Point", "coordinates": [ 80.2692633, 13.0719537 ] } },
{ "type": "Feature", "properties": { "osmid": 248468763, "y": 13.0742533, "x": 80.2685284, "highway": null, "street_count": 1 }, "geometry": { "type": "Point", "coordinates": [ 80.2685284, 13.0742533 ] } },
{ "type": "Feature", "properties": { "osmid": 248468771, "y": 13.0744101, "x": 80.2677218, "highway": null, "street_count": 3 }, "geometry": { "type": "Point", "coordinates": [ 80.2677218, 13.0744101 ] } },
{ "type": "Feature", "properties": { "osmid": 248468773, "y": 13.0776619, "x": 80.268028, "highway": null, "street_count": 3 }, "geometry": { "type": "Point", "coordinates": [ 80.268028, 13.0776619 ] } },
{ "type": "Feature", "properties": { "osmid": 248468777, "y": 13.0778107, "x": 80.2672152, "highway": null, "street_count": 3 }, "geometry": { "type": "Point", "coordinates": [ 80.2672152, 13.0778107 ] } },
{ "type": "Feature", "properties": { "osmid": 248468793, "y": 13.0784735, "x": 80.268903, "highway": null, "street_count": 3 }, "geometry": { "type": "Point", "coordinates": [ 80.268903, 13.0784735 ] } },
{ "type": "Feature", "properties": { "osmid": 248468794, "y": 13.0780731, "x": 80.2688849, "highway": null, "street_count": 3 }, "geometry": { "type": "Point", "coordinates": [ 80.2688849, 13.0780731 ] } },
{ "type": "Feature", "properties": { "osmid": 248468799, "y": 13.0783847, "x": 80.2699546, "highway": null, "street_count": 3 }, "geometry": { "type": "Point", "coordinates": [ 80.2699546, 13.0783847 ] } },
{ "type": "Feature", "properties": { "osmid": 248468818, "y": 13.0752562, "x": 80.2652981, "highway": null, "street_count": 4 }, "geometry": { "type": "Point", "coordinates": [ 80.2652981, 13.0752562 ] } },
{ "type": "Feature", "properties": { "osmid": 248468820, "y": 13.0750622, "x": 80.2653177, "highway": null, "street_count": 3 }, "geometry": { "type": "Point", "coordinates": [ 80.2653177, 13.0750622 ] } },
{ "type": "Feature", "properties": { "osmid": 248468822, "y": 13.0734551, "x": 80.2659333, "highway": null, "street_count": 3 }, "geometry": { "type": "Point", "coordinates": [ 80.2659333, 13.0734551 ] } },
{ "type": "Feature", "properties": { "osmid": 248468824, "y": 13.0715139, "x": 80.2677162, "highway": null, "street_count": 3 }, "geometry": { "type": "Point", "coordinates": [ 80.2677162, 13.0715139 ] } },
{ "type": "Feature", "properties": { "osmid": 248468883, "y": 13.0707626, "x": 80.2610716, "highway": null, "street_count": 3 }, "geometry": { "type": "Point", "coordinates": [ 80.2610716, 13.0707626 ] } },
{ "type": "Feature", "properties": { "osmid": 248468937, "y": 13.069422, "x": 80.2569186, "highway": null, "street_count": 4 }, "geometry": { "type": "Point", "coordinates": [ 80.2569186, 13.069422 ] } },
{ "type": "Feature", "properties": { "osmid": 248468948, "y": 13.0749597, "x": 80.2615245, "highway": null, "street_count": 1 }, "geometry": { "type": "Point", "coordinates": [ 80.2615245, 13.0749597 ] } },
{ "type": "Feature", "properties": { "osmid": 248468950, "y": 13.0710289, "x": 80.2610926, "highway": null, "street_count": 3 }, "geometry": { "type": "Point", "coordinates": [ 80.2610926, 13.0710289 ] } },
{ "type": "Feature", "properties": { "osmid": 248468952, "y": 13.0709215, "x": 80.2639423, "highway": null, "street_count": 3 }, "geometry": { "type": "Point", "coordinates": [ 80.2639423, 13.0709215 ] } },
{ "type": "Feature", "properties": { "osmid": 248468957, "y": 13.0705409, "x": 80.2638988, "highway": null, "street_count": 3 }, "geometry": { "type": "Point", "coordinates": [ 80.2638988, 13.0705409 ] } },
{ "type": "Feature", "properties": { "osmid": 249075323, "y": 13.0869856, "x": 80.2582889, "highway": null, "street_count": 3 }, "geometry": { "type": "Point", "coordinates": [ 80.2582889, 13.0869856 ] } },
{ "type": "Feature", "properties": { "osmid": 249075325, "y": 13.0883726, "x": 80.2629632, "highway": null, "street_count": 3 }, "geometry": { "type": "Point", "coordinates": [ 80.2629632, 13.0883726 ] } },
{ "type": "Feature", "properties": { "osmid": 249075328, "y": 13.090179, "x": 80.2652815, "highway": null, "street_count": 3 }, "geometry": { "type": "Point", "coordinates": [ 80.2652815, 13.090179 ] } },
{ "type": "Feature", "properties": { "osmid": 254141868, "y": 13.0959964, "x": 80.2799096, "highway": null, "street_count": 3 }, "geometry": { "type": "Point", "coordinates": [ 80.2799096, 13.0959964 ] } },
{ "type": "Feature", "properties": { "osmid": 254141877, "y": 13.0961003, "x": 80.2795166, "highway": null, "street_count": 3 }, "geometry": { "type": "Point", "coordinates": [ 80.2795166, 13.0961003 ] } },
{ "type": "Feature", "properties": { "osmid": 254142001, "y": 13.095582, "x": 80.2789878, "highway": null, "street_count": 3 }, "geometry": { "type": "Point", "coordinates": [ 80.2789878, 13.095582 ] } },
{ "type": "Feature", "properties": { "osmid": 254142013, "y": 13.0945588, "x": 80.2788114, "highway": null, "street_count": 3 }, "geometry": { "type": "Point", "coordinates": [ 80.2788114, 13.0945588 ] } },
{ "type": "Feature", "properties": { "osmid": 254149379, "y": 13.0957738, "x": 80.2776964, "highway": null, "street_count": 3 }, "geometry": { "type": "Point", "coordinates": [ 80.2776964, 13.0957738 ] } },
{ "type": "Feature", "properties": { "osmid": 254149385, "y": 13.095157, "x": 80.2776987, "highway": null, "street_count": 3 }, "geometry": { "type": "Point", "coordinates": [ 80.2776987, 13.095157 ] } },
{ "type": "Feature", "properties": { "osmid": 254149394, "y": 13.0948726, "x": 80.2776845, "highway": null, "street_count": 4 }, "geometry": { "type": "Point", "coordinates": [ 80.2776845, 13.0948726 ] } },
{ "type": "Feature", "properties": { "osmid": 254149398, "y": 13.0936354, "x": 80.2774902, "highway": null, "street_count": 3 }, "geometry": { "type": "Point", "coordinates": [ 80.2774902, 13.0936354 ] } },
{ "type": "Feature", "properties": { "osmid": 254149403, "y": 13.0932171, "x": 80.2774341, "highway": null, "street_count": 4 }, "geometry": { "type": "Point", "coordinates": [ 80.2774341, 13.0932171 ] } },
{ "type": "Feature", "properties": { "osmid": 254149411, "y": 13.0940738, "x": 80.2752621, "highway": null, "street_count": 4 }, "geometry": { "type": "Point", "coordinates": [ 80.2752621, 13.0940738 ] } },
{ "type": "Feature", "properties": { "osmid": 254149413, "y": 13.0951881, "x": 80.2765566, "highway": null, "street_count": 3 }, "geometry": { "type": "Point", "coordinates": [ 80.2765566, 13.0951881 ] } },
{ "type": "Feature", "properties": { "osmid": 254149414, "y": 13.0944566, "x": 80.2792952, "highway": null, "street_count": 3 }, "geometry": { "type": "Point", "coordinates": [ 80.2792952, 13.0944566 ] } },
{ "type": "Feature", "properties": { "osmid": 254149415, "y": 13.0942191, "x": 80.2803423, "highway": null, "street_count": 4 }, "geometry": { "type": "Point", "coordinates": [ 80.2803423, 13.0942191 ] } },
{ "type": "Feature", "properties": { "osmid": 254149417, "y": 13.0940179, "x": 80.2810413, "highway": null, "street_count": 3 }, "geometry": { "type": "Point", "coordinates": [ 80.2810413, 13.0940179 ] } },
{ "type": "Feature", "properties": { "osmid": 254149422, "y": 13.0950881, "x": 80.2804957, "highway": null, "street_count": 4 }, "geometry": { "type": "Point", "coordinates": [ 80.2804957, 13.0950881 ] } },
{ "type": "Feature", "properties": { "osmid": 254149425, "y": 13.0950621, "x": 80.2784654, "highway": null, "street_count": 1 }, "geometry": { "type": "Point", "coordinates": [ 80.2784654, 13.0950621 ] } },
{ "type": "Feature", "properties": { "osmid": 254149426, "y": 13.0946754, "x": 80.278342, "highway": null, "street_count": 3 }, "geometry": { "type": "Point", "coordinates": [ 80.278342, 13.0946754 ] } },
{ "type": "Feature", "properties": { "osmid": 254149443, "y": 13.0960242, "x": 80.2790693, "highway": null, "street_count": 3 }, "geometry": { "type": "Point", "coordinates": [ 80.2790693, 13.0960242 ] } },
{ "type": "Feature", "properties": { "osmid": 254149516, "y": 13.0959418, "x": 80.2766838, "highway": null, "street_count": 4 }, "geometry": { "type": "Point", "coordinates": [ 80.2766838, 13.0959418 ] } },
{ "type": "Feature", "properties": { "osmid": 254149532, "y": 13.0956906, "x": 80.2766437, "highway": null, "street_count": 4 }, "geometry": { "type": "Point", "coordinates": [ 80.2766437, 13.0956906 ] } },
{ "type": "Feature", "properties": { "osmid": 254149534, "y": 13.0955493, "x": 80.2772448, "highway": null, "street_count": 3 }, "geometry": { "type": "Point", "coordinates": [ 80.2772448, 13.0955493 ] } },
{ "type": "Feature", "properties": { "osmid": 254149538, "y": 13.0958427, "x": 80.2773065, "highway": null, "street_count": 3 }, "geometry": { "type": "Point", "coordinates": [ 80.2773065, 13.0958427 ] } },
{ "type": "Feature", "properties": { "osmid": 254149542, "y": 13.0961412, "x": 80.2755927, "highway": null, "street_count": 3 }, "geometry": { "type": "Point", "coordinates": [ 80.2755927, 13.0961412 ] } },
{ "type": "Feature", "properties": { "osmid": 254149547, "y": 13.0961445, "x": 80.2767171, "highway": null, "street_count": 4 }, "geometry": { "type": "Point", "coordinates": [ 80.2767171, 13.0961445 ] } },
{ "type": "Feature", "properties": { "osmid": 254149580, "y": 13.0960454, "x": 80.2773379, "highway": null, "street_count": 3 }, "geometry": { "type": "Point", "coordinates": [ 80.2773379, 13.0960454 ] } },
{ "type": "Feature", "properties": { "osmid": 254149581, "y": 13.0950244, "x": 80.2771315, "highway": null, "street_count": 3 }, "geometry": { "type": "Point", "coordinates": [ 80.2771315, 13.0950244 ] } },
{ "type": "Feature", "properties": { "osmid": 254149603, "y": 13.0954594, "x": 80.2766024, "highway": null, "street_count": 4 }, "geometry": { "type": "Point", "coordinates": [ 80.2766024, 13.0954594 ] } },
{ "type": "Feature", "properties": { "osmid": 254149604, "y": 13.095388, "x": 80.2769856, "highway": null, "street_count": 3 }, "geometry": { "type": "Point", "coordinates": [ 80.2769856, 13.095388 ] } },
{ "type": "Feature", "properties": { "osmid": 254149605, "y": 13.0956029, "x": 80.2770366, "highway": null, "street_count": 3 }, "geometry": { "type": "Point", "coordinates": [ 80.2770366, 13.0956029 ] } },
{ "type": "Feature", "properties": { "osmid": 254149612, "y": 13.0951002, "x": 80.2769091, "highway": null, "street_count": 3 }, "geometry": { "type": "Point", "coordinates": [ 80.2769091, 13.0951002 ] } },
{ "type": "Feature", "properties": { "osmid": 254149717, "y": 13.094773, "x": 80.2780457, "highway": null, "street_count": 3 }, "geometry": { "type": "Point", "coordinates": [ 80.2780457, 13.094773 ] } },
{ "type": "Feature", "properties": { "osmid": 254149723, "y": 13.0946335, "x": 80.2785264, "highway": null, "street_count": 3 }, "geometry": { "type": "Point", "coordinates": [ 80.2785264, 13.0946335 ] } },
{ "type": "Feature", "properties": { "osmid": 254149750, "y": 13.0958943, "x": 80.2806793, "highway": null, "street_count": 3 }, "geometry": { "type": "Point", "coordinates": [ 80.2806793, 13.0958943 ] } },
{ "type": "Feature", "properties": { "osmid": 254491142, "y": 13.0811395, "x": 80.2568606, "highway": null, "street_count": 3 }, "geometry": { "type": "Point", "coordinates": [ 80.2568606, 13.0811395 ] } },
{ "type": "Feature", "properties": { "osmid": 254491151, "y": 13.0817558, "x": 80.2585522, "highway": null, "street_count": 3 }, "geometry": { "type": "Point", "coordinates": [ 80.2585522, 13.0817558 ] } },
{ "type": "Feature", "properties": { "osmid": 254491154, "y": 13.0829588, "x": 80.2623052, "highway": null, "street_count": 3 }, "geometry": { "type": "Point", "coordinates": [ 80.2623052, 13.0829588 ] } },
{ "type": "Feature", "properties": { "osmid": 254491155, "y": 13.0855773, "x": 80.2629079, "highway": null, "street_count": 4 }, "geometry": { "type": "Point", "coordinates": [ 80.2629079, 13.0855773 ] } },
{ "type": "Feature", "properties": { "osmid": 254491159, "y": 13.086757, "x": 80.2606362, "highway": null, "street_count": 3 }, "geometry": { "type": "Point", "coordinates": [ 80.2606362, 13.086757 ] } },
{ "type": "Feature", "properties": { "osmid": 254491161, "y": 13.0862952, "x": 80.2611749, "highway": null, "street_count": 3 }, "geometry": { "type": "Point", "coordinates": [ 80.2611749, 13.0862952 ] } },
{ "type": "Feature", "properties": { "osmid": 254491165, "y": 13.0856393, "x": 80.2625542, "highway": null, "street_count": 3 }, "geometry": { "type": "Point", "coordinates": [ 80.2625542, 13.0856393 ] } },
{ "type": "Feature", "properties": { "osmid": 254491168, "y": 13.0855338, "x": 80.2641849, "highway": null, "street_count": 3 }, "geometry": { "type": "Point", "coordinates": [ 80.2641849, 13.0855338 ] } },
{ "type": "Feature", "properties": { "osmid": 254491178, "y": 13.0823673, "x": 80.2585407, "highway": null, "street_count": 3 }, "geometry": { "type": "Point", "coordinates": [ 80.2585407, 13.0823673 ] } },
{ "type": "Feature", "properties": { "osmid": 254491183, "y": 13.0843076, "x": 80.2586117, "highway": null, "street_count": 3 }, "geometry": { "type": "Point", "coordinates": [ 80.2586117, 13.0843076 ] } },
{ "type": "Feature", "properties": { "osmid": 254491184, "y": 13.0869406, "x": 80.2584869, "highway": null, "street_count": 4 }, "geometry": { "type": "Point", "coordinates": [ 80.2584869, 13.0869406 ] } },
{ "type": "Feature", "properties": { "osmid": 254491185, "y": 13.0871168, "x": 80.2585432, "highway": null, "street_count": 4 }, "geometry": { "type": "Point", "coordinates": [ 80.2585432, 13.0871168 ] } },
{ "type": "Feature", "properties": { "osmid": 254491187, "y": 13.0908619, "x": 80.2587029, "highway": null, "street_count": 2 }, "geometry": { "type": "Point", "coordinates": [ 80.2587029, 13.0908619 ] } },
{ "type": "Feature", "properties": { "osmid": 254491188, "y": 13.091855, "x": 80.2587719, "highway": null, "street_count": 1 }, "geometry": { "type": "Point", "coordinates": [ 80.2587719, 13.091855 ] } },
{ "type": "Feature", "properties": { "osmid": 254491191, "y": 13.0934773, "x": 80.2588649, "highway": null, "street_count": 4 }, "geometry": { "type": "Point", "coordinates": [ 80.2588649, 13.0934773 ] } },
{ "type": "Feature", "properties": { "osmid": 254491195, "y": 13.0948915, "x": 80.2589228, "highway": null, "street_count": 3 }, "geometry": { "type": "Point", "coordinates": [ 80.2589228, 13.0948915 ] } },
{ "type": "Feature", "properties": { "osmid": 254491279, "y": 13.0868053, "x": 80.2611743, "highway": null, "street_count": 3 }, "geometry": { "type": "Point", "coordinates": [ 80.2611743, 13.0868053 ] } },
{ "type": "Feature", "properties": { "osmid": 254491298, "y": 13.0872316, "x": 80.2630189, "highway": null, "street_count": 3 }, "geometry": { "type": "Point", "coordinates": [ 80.2630189, 13.0872316 ] } },
{ "type": "Feature", "properties": { "osmid": 254491302, "y": 13.0882537, "x": 80.263309, "highway": null, "street_count": 3 }, "geometry": { "type": "Point", "coordinates": [ 80.263309, 13.0882537 ] } },
{ "type": "Feature", "properties": { "osmid": 254497196, "y": 13.0842894, "x": 80.2704402, "highway": null, "street_count": 4 }, "geometry": { "type": "Point", "coordinates": [ 80.2704402, 13.0842894 ] } },
{ "type": "Feature", "properties": { "osmid": 254497222, "y": 13.0926715, "x": 80.2691005, "highway": null, "street_count": 3 }, "geometry": { "type": "Point", "coordinates": [ 80.2691005, 13.0926715 ] } },
{ "type": "Feature", "properties": { "osmid": 254497224, "y": 13.0942828, "x": 80.2681408, "highway": null, "street_count": 3 }, "geometry": { "type": "Point", "coordinates": [ 80.2681408, 13.0942828 ] } },
{ "type": "Feature", "properties": { "osmid": 254497226, "y": 13.0950366, "x": 80.266381, "highway": null, "street_count": 3 }, "geometry": { "type": "Point", "coordinates": [ 80.266381, 13.0950366 ] } },
{ "type": "Feature", "properties": { "osmid": 254497228, "y": 13.0953683, "x": 80.265403, "highway": null, "street_count": 3 }, "geometry": { "type": "Point", "coordinates": [ 80.265403, 13.0953683 ] } },
{ "type": "Feature", "properties": { "osmid": 254497229, "y": 13.0957271, "x": 80.2649368, "highway": null, "street_count": 3 }, "geometry": { "type": "Point", "coordinates": [ 80.2649368, 13.0957271 ] } },
{ "type": "Feature", "properties": { "osmid": 254497368, "y": 13.0904955, "x": 80.2586533, "highway": null, "street_count": 3 }, "geometry": { "type": "Point", "coordinates": [ 80.2586533, 13.0904955 ] } },
{ "type": "Feature", "properties": { "osmid": 254497395, "y": 13.0903157, "x": 80.2658841, "highway": null, "street_count": 4 }, "geometry": { "type": "Point", "coordinates": [ 80.2658841, 13.0903157 ] } },
{ "type": "Feature", "properties": { "osmid": 254497396, "y": 13.0903822, "x": 80.2662528, "highway": null, "street_count": 3 }, "geometry": { "type": "Point", "coordinates": [ 80.2662528, 13.0903822 ] } },
{ "type": "Feature", "properties": { "osmid": 254497397, "y": 13.0904605, "x": 80.26694, "highway": null, "street_count": 3 }, "geometry": { "type": "Point", "coordinates": [ 80.26694, 13.0904605 ] } },
{ "type": "Feature", "properties": { "osmid": 254497398, "y": 13.0905272, "x": 80.2678947, "highway": null, "street_count": 3 }, "geometry": { "type": "Point", "coordinates": [ 80.2678947, 13.0905272 ] } },
{ "type": "Feature", "properties": { "osmid": 254497407, "y": 13.087023, "x": 80.2700194, "highway": null, "street_count": 3 }, "geometry": { "type": "Point", "coordinates": [ 80.2700194, 13.087023 ] } },
{ "type": "Feature", "properties": { "osmid": 254497410, "y": 13.0872735, "x": 80.268004, "highway": null, "street_count": 3 }, "geometry": { "type": "Point", "coordinates": [ 80.268004, 13.0872735 ] } },
{ "type": "Feature", "properties": { "osmid": 254497436, "y": 13.0873996, "x": 80.2659203, "highway": null, "street_count": 3 }, "geometry": { "type": "Point", "coordinates": [ 80.2659203, 13.0873996 ] } },
{ "type": "Feature", "properties": { "osmid": 254497437, "y": 13.0853063, "x": 80.2661477, "highway": null, "street_count": 4 }, "geometry": { "type": "Point", "coordinates": [ 80.2661477, 13.0853063 ] } },
{ "type": "Feature", "properties": { "osmid": 254497438, "y": 13.0852164, "x": 80.2667786, "highway": null, "street_count": 4 }, "geometry": { "type": "Point", "coordinates": [ 80.2667786, 13.0852164 ] } },
{ "type": "Feature", "properties": { "osmid": 254497441, "y": 13.0849183, "x": 80.2682226, "highway": null, "street_count": 4 }, "geometry": { "type": "Point", "coordinates": [ 80.2682226, 13.0849183 ] } },
{ "type": "Feature", "properties": { "osmid": 254497442, "y": 13.0848896, "x": 80.268682, "highway": null, "street_count": 4 }, "geometry": { "type": "Point", "coordinates": [ 80.268682, 13.0848896 ] } },
{ "type": "Feature", "properties": { "osmid": 254497447, "y": 13.084703, "x": 80.2694813, "highway": null, "street_count": 4 }, "geometry": { "type": "Point", "coordinates": [ 80.2694813, 13.084703 ] } },
{ "type": "Feature", "properties": { "osmid": 254497448, "y": 13.0845526, "x": 80.2698131, "highway": null, "street_count": 3 }, "geometry": { "type": "Point", "coordinates": [ 80.2698131, 13.0845526 ] } },
{ "type": "Feature", "properties": { "osmid": 254497449, "y": 13.0807792, "x": 80.266937, "highway": null, "street_count": 3 }, "geometry": { "type": "Point", "coordinates": [ 80.266937, 13.0807792 ] } },
{ "type": "Feature", "properties": { "osmid": 254497450, "y": 13.0822961, "x": 80.2668745, "highway": null, "street_count": 3 }, "geometry": { "type": "Point", "coordinates": [ 80.2668745, 13.0822961 ] } },
{ "type": "Feature", "properties": { "osmid": 254497452, "y": 13.082636, "x": 80.2668734, "highway": null, "street_count": 3 }, "geometry": { "type": "Point", "coordinates": [ 80.2668734, 13.082636 ] } },
{ "type": "Feature", "properties": { "osmid": 254497485, "y": 13.0825827, "x": 80.2674289, "highway": null, "street_count": 4 }, "geometry": { "type": "Point", "coordinates": [ 80.2674289, 13.0825827 ] } },
{ "type": "Feature", "properties": { "osmid": 254497539, "y": 13.0825283, "x": 80.2679481, "highway": null, "street_count": 3 }, "geometry": { "type": "Point", "coordinates": [ 80.2679481, 13.0825283 ] } },
{ "type": "Feature", "properties": { "osmid": 254497540, "y": 13.0824714, "x": 80.2684848, "highway": null, "street_count": 3 }, "geometry": { "type": "Point", "coordinates": [ 80.2684848, 13.0824714 ] } },
{ "type": "Feature", "properties": { "osmid": 254497546, "y": 13.0837322, "x": 80.2685538, "highway": null, "street_count": 4 }, "geometry": { "type": "Point", "coordinates": [ 80.2685538, 13.0837322 ] } },
{ "type": "Feature", "properties": { "osmid": 254497570, "y": 13.0839383, "x": 80.2697259, "highway": null, "street_count": 3 }, "geometry": { "type": "Point", "coordinates": [ 80.2697259, 13.0839383 ] } },
{ "type": "Feature", "properties": { "osmid": 254497576, "y": 13.0834399, "x": 80.2697308, "highway": null, "street_count": 3 }, "geometry": { "type": "Point", "coordinates": [ 80.2697308, 13.0834399 ] } },
{ "type": "Feature", "properties": { "osmid": 254497582, "y": 13.083466, "x": 80.2705721, "highway": null, "street_count": 3 }, "geometry": { "type": "Point", "coordinates": [ 80.2705721, 13.083466 ] } },
{ "type": "Feature", "properties": { "osmid": 254497593, "y": 13.0824585, "x": 80.2696199, "highway": null, "street_count": 4 }, "geometry": { "type": "Point", "coordinates": [ 80.2696199, 13.0824585 ] } },
{ "type": "Feature", "properties": { "osmid": 254497594, "y": 13.0819, "x": 80.2695657, "highway": null, "street_count": 3 }, "geometry": { "type": "Point", "coordinates": [ 80.2695657, 13.0819 ] } },
{ "type": "Feature", "properties": { "osmid": 254497595, "y": 13.0825329, "x": 80.2706992, "highway": null, "street_count": 3 }, "geometry": { "type": "Point", "coordinates": [ 80.2706992, 13.0825329 ] } },
{ "type": "Feature", "properties": { "osmid": 254497596, "y": 13.082515, "x": 80.2704409, "highway": null, "street_count": 4 }, "geometry": { "type": "Point", "coordinates": [ 80.2704409, 13.082515 ] } },
{ "type": "Feature", "properties": { "osmid": 254497597, "y": 13.0825038, "x": 80.2700291, "highway": null, "street_count": 3 }, "geometry": { "type": "Point", "coordinates": [ 80.2700291, 13.0825038 ] } },
{ "type": "Feature", "properties": { "osmid": 254497607, "y": 13.0819377, "x": 80.2689645, "highway": null, "street_count": 4 }, "geometry": { "type": "Point", "coordinates": [ 80.2689645, 13.0819377 ] } },
{ "type": "Feature", "properties": { "osmid": 254497612, "y": 13.0814794, "x": 80.2689552, "highway": null, "street_count": 4 }, "geometry": { "type": "Point", "coordinates": [ 80.2689552, 13.0814794 ] } },
{ "type": "Feature", "properties": { "osmid": 254497613, "y": 13.0807902, "x": 80.2688925, "highway": null, "street_count": 3 }, "geometry": { "type": "Point", "coordinates": [ 80.2688925, 13.0807902 ] } },
{ "type": "Feature", "properties": { "osmid": 254497618, "y": 13.0835794, "x": 80.2691327, "highway": null, "street_count": 3 }, "geometry": { "type": "Point", "coordinates": [ 80.2691327, 13.0835794 ] } },
{ "type": "Feature", "properties": { "osmid": 254497620, "y": 13.0807658, "x": 80.2674773, "highway": null, "street_count": 3 }, "geometry": { "type": "Point", "coordinates": [ 80.2674773, 13.0807658 ] } },
{ "type": "Feature", "properties": { "osmid": 254497627, "y": 13.0807703, "x": 80.268009, "highway": null, "street_count": 3 }, "geometry": { "type": "Point", "coordinates": [ 80.268009, 13.0807703 ] } },
{ "type": "Feature", "properties": { "osmid": 254497629, "y": 13.0815353, "x": 80.2686795, "highway": null, "street_count": 3 }, "geometry": { "type": "Point", "coordinates": [ 80.2686795, 13.0815353 ] } },
{ "type": "Feature", "properties": { "osmid": 254497630, "y": 13.0814348, "x": 80.26925, "highway": null, "street_count": 3 }, "geometry": { "type": "Point", "coordinates": [ 80.26925, 13.0814348 ] } },
{ "type": "Feature", "properties": { "osmid": 254497639, "y": 13.0813788, "x": 80.2702727, "highway": null, "street_count": 3 }, "geometry": { "type": "Point", "coordinates": [ 80.2702727, 13.0813788 ] } },
{ "type": "Feature", "properties": { "osmid": 254497640, "y": 13.0830691, "x": 80.2706302, "highway": null, "street_count": 3 }, "geometry": { "type": "Point", "coordinates": [ 80.2706302, 13.0830691 ] } },
{ "type": "Feature", "properties": { "osmid": 254497645, "y": 13.0829503, "x": 80.2696283, "highway": null, "street_count": 4 }, "geometry": { "type": "Point", "coordinates": [ 80.2696283, 13.0829503 ] } },
{ "type": "Feature", "properties": { "osmid": 254497657, "y": 13.0830139, "x": 80.2705138, "highway": null, "street_count": 3 }, "geometry": { "type": "Point", "coordinates": [ 80.2705138, 13.0830139 ] } },
{ "type": "Feature", "properties": { "osmid": 254497658, "y": 13.0808265, "x": 80.2701705, "highway": null, "street_count": 3 }, "geometry": { "type": "Point", "coordinates": [ 80.2701705, 13.0808265 ] } },
{ "type": "Feature", "properties": { "osmid": 254497662, "y": 13.0828916, "x": 80.2660164, "highway": null, "street_count": 4 }, "geometry": { "type": "Point", "coordinates": [ 80.2660164, 13.0828916 ] } },
{ "type": "Feature", "properties": { "osmid": 254497665, "y": 13.082925, "x": 80.2636743, "highway": null, "street_count": 3 }, "geometry": { "type": "Point", "coordinates": [ 80.2636743, 13.082925 ] } },
{ "type": "Feature", "properties": { "osmid": 254497666, "y": 13.0805566, "x": 80.2639719, "highway": null, "street_count": 3 }, "geometry": { "type": "Point", "coordinates": [ 80.2639719, 13.0805566 ] } },
{ "type": "Feature", "properties": { "osmid": 254497672, "y": 13.083918, "x": 80.2638588, "highway": null, "street_count": 3 }, "geometry": { "type": "Point", "coordinates": [ 80.2638588, 13.083918 ] } },
{ "type": "Feature", "properties": { "osmid": 254497687, "y": 13.0841274, "x": 80.2625742, "highway": null, "street_count": 3 }, "geometry": { "type": "Point", "coordinates": [ 80.2625742, 13.0841274 ] } },
{ "type": "Feature", "properties": { "osmid": 254497693, "y": 13.085367, "x": 80.2656912, "highway": null, "street_count": 3 }, "geometry": { "type": "Point", "coordinates": [ 80.2656912, 13.085367 ] } },
{ "type": "Feature", "properties": { "osmid": 254497719, "y": 13.087856, "x": 80.2659216, "highway": null, "street_count": 3 }, "geometry": { "type": "Point", "coordinates": [ 80.2659216, 13.087856 ] } },
{ "type": "Feature", "properties": { "osmid": 254497720, "y": 13.0896796, "x": 80.2659042, "highway": null, "street_count": 4 }, "geometry": { "type": "Point", "coordinates": [ 80.2659042, 13.0896796 ] } },
{ "type": "Feature", "properties": { "osmid": 254497721, "y": 13.0908457, "x": 80.2661353, "highway": null, "street_count": 3 }, "geometry": { "type": "Point", "coordinates": [ 80.2661353, 13.0908457 ] } },
{ "type": "Feature", "properties": { "osmid": 254497730, "y": 13.0910043, "x": 80.2660403, "highway": null, "street_count": 3 }, "geometry": { "type": "Point", "coordinates": [ 80.2660403, 13.0910043 ] } },
{ "type": "Feature", "properties": { "osmid": 254497731, "y": 13.0911306, "x": 80.2658337, "highway": null, "street_count": 3 }, "geometry": { "type": "Point", "coordinates": [ 80.2658337, 13.0911306 ] } },
{ "type": "Feature", "properties": { "osmid": 254497740, "y": 13.0915995, "x": 80.2646552, "highway": null, "street_count": 3 }, "geometry": { "type": "Point", "coordinates": [ 80.2646552, 13.0915995 ] } },
{ "type": "Feature", "properties": { "osmid": 254497744, "y": 13.0921745, "x": 80.2634418, "highway": null, "street_count": 4 }, "geometry": { "type": "Point", "coordinates": [ 80.2634418, 13.0921745 ] } },
{ "type": "Feature", "properties": { "osmid": 254497745, "y": 13.0922176, "x": 80.2631023, "highway": null, "street_count": 3 }, "geometry": { "type": "Point", "coordinates": [ 80.2631023, 13.0922176 ] } },
{ "type": "Feature", "properties": { "osmid": 254497747, "y": 13.0922564, "x": 80.262709, "highway": null, "street_count": 3 }, "geometry": { "type": "Point", "coordinates": [ 80.262709, 13.0922564 ] } },
{ "type": "Feature", "properties": { "osmid": 254497755, "y": 13.0923292, "x": 80.2621464, "highway": null, "street_count": 3 }, "geometry": { "type": "Point", "coordinates": [ 80.2621464, 13.0923292 ] } },
{ "type": "Feature", "properties": { "osmid": 254497757, "y": 13.0923908, "x": 80.2604017, "highway": null, "street_count": 4 }, "geometry": { "type": "Point", "coordinates": [ 80.2604017, 13.0923908 ] } },
{ "type": "Feature", "properties": { "osmid": 254497758, "y": 13.0934839, "x": 80.2601867, "highway": null, "street_count": 3 }, "geometry": { "type": "Point", "coordinates": [ 80.2601867, 13.0934839 ] } },
{ "type": "Feature", "properties": { "osmid": 254497759, "y": 13.093478, "x": 80.262439, "highway": null, "street_count": 3 }, "geometry": { "type": "Point", "coordinates": [ 80.262439, 13.093478 ] } },
{ "type": "Feature", "properties": { "osmid": 254497760, "y": 13.0933067, "x": 80.2626125, "highway": null, "street_count": 3 }, "geometry": { "type": "Point", "coordinates": [ 80.2626125, 13.0933067 ] } },
{ "type": "Feature", "properties": { "osmid": 254497761, "y": 13.0930731, "x": 80.2628237, "highway": null, "street_count": 3 }, "geometry": { "type": "Point", "coordinates": [ 80.2628237, 13.0930731 ] } },
{ "type": "Feature", "properties": { "osmid": 254497768, "y": 13.0927918, "x": 80.2635172, "highway": null, "street_count": 3 }, "geometry": { "type": "Point", "coordinates": [ 80.2635172, 13.0927918 ] } },
{ "type": "Feature", "properties": { "osmid": 254497791, "y": 13.0908943, "x": 80.2632648, "highway": null, "street_count": 4 }, "geometry": { "type": "Point", "coordinates": [ 80.2632648, 13.0908943 ] } },
{ "type": "Feature", "properties": { "osmid": 254497808, "y": 13.0935379, "x": 80.2627728, "highway": null, "street_count": 4 }, "geometry": { "type": "Point", "coordinates": [ 80.2627728, 13.0935379 ] } },
{ "type": "Feature", "properties": { "osmid": 254497837, "y": 13.094681, "x": 80.2626486, "highway": null, "street_count": 3 }, "geometry": { "type": "Point", "coordinates": [ 80.2626486, 13.094681 ] } },
{ "type": "Feature", "properties": { "osmid": 254497848, "y": 13.0955538, "x": 80.2625394, "highway": null, "street_count": 3 }, "geometry": { "type": "Point", "coordinates": [ 80.2625394, 13.0955538 ] } },
{ "type": "Feature", "properties": { "osmid": 254497991, "y": 13.0947123, "x": 80.2629743, "highway": null, "street_count": 3 }, "geometry": { "type": "Point", "coordinates": [ 80.2629743, 13.0947123 ] } },
{ "type": "Feature", "properties": { "osmid": 254498004, "y": 13.0946882, "x": 80.2635355, "highway": null, "street_count": 3 }, "geometry": { "type": "Point", "coordinates": [ 80.2635355, 13.0946882 ] } },
{ "type": "Feature", "properties": { "osmid": 254498008, "y": 13.0947109, "x": 80.2646657, "highway": null, "street_count": 4 }, "geometry": { "type": "Point", "coordinates": [ 80.2646657, 13.0947109 ] } },
{ "type": "Feature", "properties": { "osmid": 254498011, "y": 13.0941741, "x": 80.2648738, "highway": null, "street_count": 3 }, "geometry": { "type": "Point", "coordinates": [ 80.2648738, 13.0941741 ] } },
{ "type": "Feature", "properties": { "osmid": 254498013, "y": 13.0931259, "x": 80.2647914, "highway": null, "street_count": 4 }, "geometry": { "type": "Point", "coordinates": [ 80.2647914, 13.0931259 ] } },
{ "type": "Feature", "properties": { "osmid": 254498016, "y": 13.0929032, "x": 80.266619, "highway": null, "street_count": 4 }, "geometry": { "type": "Point", "coordinates": [ 80.266619, 13.0929032 ] } },
{ "type": "Feature", "properties": { "osmid": 254498017, "y": 13.0929989, "x": 80.2656909, "highway": null, "street_count": 4 }, "geometry": { "type": "Point", "coordinates": [ 80.2656909, 13.0929989 ] } },
{ "type": "Feature", "properties": { "osmid": 254498018, "y": 13.0931454, "x": 80.2644968, "highway": null, "street_count": 3 }, "geometry": { "type": "Point", "coordinates": [ 80.2644968, 13.0931454 ] } },
{ "type": "Feature", "properties": { "osmid": 254498019, "y": 13.0927129, "x": 80.2644625, "highway": null, "street_count": 3 }, "geometry": { "type": "Point", "coordinates": [ 80.2644625, 13.0927129 ] } },
{ "type": "Feature", "properties": { "osmid": 254498020, "y": 13.0926798, "x": 80.2642842, "highway": null, "street_count": 3 }, "geometry": { "type": "Point", "coordinates": [ 80.2642842, 13.0926798 ] } },
{ "type": "Feature", "properties": { "osmid": 254498022, "y": 13.0925572, "x": 80.2638249, "highway": null, "street_count": 3 }, "geometry": { "type": "Point", "coordinates": [ 80.2638249, 13.0925572 ] } },
{ "type": "Feature", "properties": { "osmid": 254498023, "y": 13.092572, "x": 80.2634947, "highway": null, "street_count": 3 }, "geometry": { "type": "Point", "coordinates": [ 80.2634947, 13.092572 ] } },
{ "type": "Feature", "properties": { "osmid": 254498024, "y": 13.0917853, "x": 80.265961, "highway": null, "street_count": 4 }, "geometry": { "type": "Point", "coordinates": [ 80.265961, 13.0917853 ] } },
{ "type": "Feature", "properties": { "osmid": 254498025, "y": 13.092955, "x": 80.2661043, "highway": null, "street_count": 4 }, "geometry": { "type": "Point", "coordinates": [ 80.2661043, 13.092955 ] } },
{ "type": "Feature", "properties": { "osmid": 254498026, "y": 13.0940007, "x": 80.2662015, "highway": null, "street_count": 4 }, "geometry": { "type": "Point", "coordinates": [ 80.2662015, 13.0940007 ] } },
{ "type": "Feature", "properties": { "osmid": 254498027, "y": 13.094682, "x": 80.2672911, "highway": null, "street_count": 3 }, "geometry": { "type": "Point", "coordinates": [ 80.2672911, 13.094682 ] } },
{ "type": "Feature", "properties": { "osmid": 254498029, "y": 13.09394, "x": 80.2667605, "highway": null, "street_count": 3 }, "geometry": { "type": "Point", "coordinates": [ 80.2667605, 13.09394 ] } },
{ "type": "Feature", "properties": { "osmid": 254498031, "y": 13.0918181, "x": 80.2655687, "highway": null, "street_count": 3 }, "geometry": { "type": "Point", "coordinates": [ 80.2655687, 13.0918181 ] } },
{ "type": "Feature", "properties": { "osmid": 254498032, "y": 13.0940684, "x": 80.2657595, "highway": null, "street_count": 3 }, "geometry": { "type": "Point", "coordinates": [ 80.2657595, 13.0940684 ] } },
{ "type": "Feature", "properties": { "osmid": 254498037, "y": 13.0904816, "x": 80.2606331, "highway": null, "street_count": 3 }, "geometry": { "type": "Point", "coordinates": [ 80.2606331, 13.0904816 ] } },
{ "type": "Feature", "properties": { "osmid": 254498039, "y": 13.0916498, "x": 80.2605491, "highway": null, "street_count": 4 }, "geometry": { "type": "Point", "coordinates": [ 80.2605491, 13.0916498 ] } },
{ "type": "Feature", "properties": { "osmid": 254498040, "y": 13.0915488, "x": 80.2619893, "highway": null, "street_count": 4 }, "geometry": { "type": "Point", "coordinates": [ 80.2619893, 13.0915488 ] } },
{ "type": "Feature", "properties": { "osmid": 254498044, "y": 13.0904015, "x": 80.2617669, "highway": null, "street_count": 3 }, "geometry": { "type": "Point", "coordinates": [ 80.2617669, 13.0904015 ] } },
{ "type": "Feature", "properties": { "osmid": 254498045, "y": 13.0901735, "x": 80.2640681, "highway": null, "street_count": 3 }, "geometry": { "type": "Point", "coordinates": [ 80.2640681, 13.0901735 ] } },
{ "type": "Feature", "properties": { "osmid": 254498046, "y": 13.0907894, "x": 80.2641259, "highway": null, "street_count": 3 }, "geometry": { "type": "Point", "coordinates": [ 80.2641259, 13.0907894 ] } },
{ "type": "Feature", "properties": { "osmid": 254498048, "y": 13.091077, "x": 80.2618419, "highway": null, "street_count": 3 }, "geometry": { "type": "Point", "coordinates": [ 80.2618419, 13.091077 ] } },
{ "type": "Feature", "properties": { "osmid": 254498049, "y": 13.0911284, "x": 80.2618504, "highway": null, "street_count": 3 }, "geometry": { "type": "Point", "coordinates": [ 80.2618504, 13.0911284 ] } },
{ "type": "Feature", "properties": { "osmid": 254498050, "y": 13.0912034, "x": 80.260691, "highway": null, "street_count": 4 }, "geometry": { "type": "Point", "coordinates": [ 80.260691, 13.0912034 ] } },
{ "type": "Feature", "properties": { "osmid": 254498060, "y": 13.0914285, "x": 80.2587423, "highway": null, "street_count": 1 }, "geometry": { "type": "Point", "coordinates": [ 80.2587423, 13.0914285 ] } },
{ "type": "Feature", "properties": { "osmid": 254498066, "y": 13.0875999, "x": 80.2659222, "highway": null, "street_count": 3 }, "geometry": { "type": "Point", "coordinates": [ 80.2659222, 13.0875999 ] } },
{ "type": "Feature", "properties": { "osmid": 254498071, "y": 13.0908088, "x": 80.2569415, "highway": null, "street_count": 4 }, "geometry": { "type": "Point", "coordinates": [ 80.2569415, 13.0908088 ] } },
{ "type": "Feature", "properties": { "osmid": 254498107, "y": 13.0902695, "x": 80.2570901, "highway": null, "street_count": 3 }, "geometry": { "type": "Point", "coordinates": [ 80.2570901, 13.0902695 ] } },
{ "type": "Feature", "properties": { "osmid": 254498114, "y": 13.0886775, "x": 80.2575642, "highway": null, "street_count": 3 }, "geometry": { "type": "Point", "coordinates": [ 80.2575642, 13.0886775 ] } },
{ "type": "Feature", "properties": { "osmid": 254498134, "y": 13.0894797, "x": 80.2573238, "highway": null, "street_count": 3 }, "geometry": { "type": "Point", "coordinates": [ 80.2573238, 13.0894797 ] } },
{ "type": "Feature", "properties": { "osmid": 254498138, "y": 13.0905389, "x": 80.2570143, "highway": null, "street_count": 3 }, "geometry": { "type": "Point", "coordinates": [ 80.2570143, 13.0905389 ] } },
{ "type": "Feature", "properties": { "osmid": 254498139, "y": 13.0896786, "x": 80.2572659, "highway": null, "street_count": 3 }, "geometry": { "type": "Point", "coordinates": [ 80.2572659, 13.0896786 ] } },
{ "type": "Feature", "properties": { "osmid": 254498145, "y": 13.0903068, "x": 80.2586423, "highway": null, "street_count": 3 }, "geometry": { "type": "Point", "coordinates": [ 80.2586423, 13.0903068 ] } },
{ "type": "Feature", "properties": { "osmid": 254498150, "y": 13.0899414, "x": 80.2572075, "highway": null, "street_count": 3 }, "geometry": { "type": "Point", "coordinates": [ 80.2572075, 13.0899414 ] } },
{ "type": "Feature", "properties": { "osmid": 254498163, "y": 13.0900746, "x": 80.2581976, "highway": null, "street_count": 1 }, "geometry": { "type": "Point", "coordinates": [ 80.2581976, 13.0900746 ] } },
{ "type": "Feature", "properties": { "osmid": 254498194, "y": 13.090477, "x": 80.2590123, "highway": null, "street_count": 3 }, "geometry": { "type": "Point", "coordinates": [ 80.2590123, 13.090477 ] } },
{ "type": "Feature", "properties": { "osmid": 254498196, "y": 13.0897175, "x": 80.2590295, "highway": null, "street_count": 3 }, "geometry": { "type": "Point", "coordinates": [ 80.2590295, 13.0897175 ] } },
{ "type": "Feature", "properties": { "osmid": 254498200, "y": 13.0894025, "x": 80.2645435, "highway": null, "street_count": 3 }, "geometry": { "type": "Point", "coordinates": [ 80.2645435, 13.0894025 ] } },
{ "type": "Feature", "properties": { "osmid": 256347029, "y": 13.0944974, "x": 80.2836759, "highway": null, "street_count": 4 }, "geometry": { "type": "Point", "coordinates": [ 80.2836759, 13.0944974 ] } },
{ "type": "Feature", "properties": { "osmid": 256347030, "y": 13.0946354, "x": 80.2828956, "highway": null, "street_count": 4 }, "geometry": { "type": "Point", "coordinates": [ 80.2828956, 13.0946354 ] } },
{ "type": "Feature", "properties": { "osmid": 256347031, "y": 13.0947943, "x": 80.2821533, "highway": null, "street_count": 4 }, "geometry": { "type": "Point", "coordinates": [ 80.2821533, 13.0947943 ] } },
{ "type": "Feature", "properties": { "osmid": 258890799, "y": 13.087114, "x": 80.2757277, "highway": null, "street_count": 3 }, "geometry": { "type": "Point", "coordinates": [ 80.2757277, 13.087114 ] } },
{ "type": "Feature", "properties": { "osmid": 258890800, "y": 13.0867284, "x": 80.2785305, "highway": null, "street_count": 3 }, "geometry": { "type": "Point", "coordinates": [ 80.2785305, 13.0867284 ] } },
{ "type": "Feature", "properties": { "osmid": 258890801, "y": 13.0862999, "x": 80.277641, "highway": null, "street_count": 3 }, "geometry": { "type": "Point", "coordinates": [ 80.277641, 13.0862999 ] } },
{ "type": "Feature", "properties": { "osmid": 258890802, "y": 13.0848635, "x": 80.2774778, "highway": null, "street_count": 4 }, "geometry": { "type": "Point", "coordinates": [ 80.2774778, 13.0848635 ] } },
{ "type": "Feature", "properties": { "osmid": 258890803, "y": 13.0837007, "x": 80.2767614, "highway": null, "street_count": 3 }, "geometry": { "type": "Point", "coordinates": [ 80.2767614, 13.0837007 ] } },
{ "type": "Feature", "properties": { "osmid": 258890805, "y": 13.0862232, "x": 80.2780241, "highway": null, "street_count": 3 }, "geometry": { "type": "Point", "coordinates": [ 80.2780241, 13.0862232 ] } },
{ "type": "Feature", "properties": { "osmid": 258890807, "y": 13.0849003, "x": 80.2764665, "highway": null, "street_count": 3 }, "geometry": { "type": "Point", "coordinates": [ 80.2764665, 13.0849003 ] } },
{ "type": "Feature", "properties": { "osmid": 258890808, "y": 13.0848929, "x": 80.2768331, "highway": null, "street_count": 3 }, "geometry": { "type": "Point", "coordinates": [ 80.2768331, 13.0848929 ] } },
{ "type": "Feature", "properties": { "osmid": 258890810, "y": 13.084876, "x": 80.2770933, "highway": null, "street_count": 3 }, "geometry": { "type": "Point", "coordinates": [ 80.2770933, 13.084876 ] } },
{ "type": "Feature", "properties": { "osmid": 258890813, "y": 13.0848741, "x": 80.2772785, "highway": null, "street_count": 3 }, "geometry": { "type": "Point", "coordinates": [ 80.2772785, 13.0848741 ] } },
{ "type": "Feature", "properties": { "osmid": 258890816, "y": 13.0848477, "x": 80.2777182, "highway": null, "street_count": 3 }, "geometry": { "type": "Point", "coordinates": [ 80.2777182, 13.0848477 ] } },
{ "type": "Feature", "properties": { "osmid": 258890817, "y": 13.0835995, "x": 80.2775765, "highway": null, "street_count": 3 }, "geometry": { "type": "Point", "coordinates": [ 80.2775765, 13.0835995 ] } },
{ "type": "Feature", "properties": { "osmid": 258890818, "y": 13.0841077, "x": 80.2776466, "highway": null, "street_count": 3 }, "geometry": { "type": "Point", "coordinates": [ 80.2776466, 13.0841077 ] } },
{ "type": "Feature", "properties": { "osmid": 258890819, "y": 13.0840611, "x": 80.27813, "highway": null, "street_count": 3 }, "geometry": { "type": "Point", "coordinates": [ 80.27813, 13.0840611 ] } },
{ "type": "Feature", "properties": { "osmid": 258890825, "y": 13.0851711, "x": 80.2791079, "highway": null, "street_count": 4 }, "geometry": { "type": "Point", "coordinates": [ 80.2791079, 13.0851711 ] } },
{ "type": "Feature", "properties": { "osmid": 258890827, "y": 13.0836548, "x": 80.2789566, "highway": null, "street_count": 4 }, "geometry": { "type": "Point", "coordinates": [ 80.2789566, 13.0836548 ] } },
{ "type": "Feature", "properties": { "osmid": 258890829, "y": 13.089204, "x": 80.2796713, "highway": null, "street_count": 4 }, "geometry": { "type": "Point", "coordinates": [ 80.2796713, 13.089204 ] } },
{ "type": "Feature", "properties": { "osmid": 258890831, "y": 13.0851219, "x": 80.277341, "highway": null, "street_count": 1 }, "geometry": { "type": "Point", "coordinates": [ 80.277341, 13.0851219 ] } },
{ "type": "Feature", "properties": { "osmid": 258890835, "y": 13.0864359, "x": 80.2768869, "highway": null, "street_count": 3 }, "geometry": { "type": "Point", "coordinates": [ 80.2768869, 13.0864359 ] } },
{ "type": "Feature", "properties": { "osmid": 258890840, "y": 13.0861744, "x": 80.2772791, "highway": null, "street_count": 1 }, "geometry": { "type": "Point", "coordinates": [ 80.2772791, 13.0861744 ] } },
{ "type": "Feature", "properties": { "osmid": 258890844, "y": 13.0860978, "x": 80.2771586, "highway": null, "street_count": 1 }, "geometry": { "type": "Point", "coordinates": [ 80.2771586, 13.0860978 ] } },
{ "type": "Feature", "properties": { "osmid": 258890848, "y": 13.085135, "x": 80.2770676, "highway": null, "street_count": 3 }, "geometry": { "type": "Point", "coordinates": [ 80.2770676, 13.085135 ] } },
{ "type": "Feature", "properties": { "osmid": 258890861, "y": 13.086013, "x": 80.276837, "highway": null, "street_count": 3 }, "geometry": { "type": "Point", "coordinates": [ 80.276837, 13.086013 ] } },
{ "type": "Feature", "properties": { "osmid": 258890869, "y": 13.0851405, "x": 80.2764704, "highway": null, "street_count": 3 }, "geometry": { "type": "Point", "coordinates": [ 80.2764704, 13.0851405 ] } },
{ "type": "Feature", "properties": { "osmid": 258890883, "y": 13.0869626, "x": 80.2768377, "highway": null, "street_count": 3 }, "geometry": { "type": "Point", "coordinates": [ 80.2768377, 13.0869626 ] } },
{ "type": "Feature", "properties": { "osmid": 258890894, "y": 13.0878657, "x": 80.2769724, "highway": null, "street_count": 1 }, "geometry": { "type": "Point", "coordinates": [ 80.2769724, 13.0878657 ] } },
{ "type": "Feature", "properties": { "osmid": 258890907, "y": 13.0892892, "x": 80.2788984, "highway": null, "street_count": 3 }, "geometry": { "type": "Point", "coordinates": [ 80.2788984, 13.0892892 ] } },
{ "type": "Feature", "properties": { "osmid": 258890914, "y": 13.0894236, "x": 80.2781346, "highway": null, "street_count": 3 }, "geometry": { "type": "Point", "coordinates": [ 80.2781346, 13.0894236 ] } },
{ "type": "Feature", "properties": { "osmid": 258890922, "y": 13.0893863, "x": 80.2776624, "highway": null, "street_count": 3 }, "geometry": { "type": "Point", "coordinates": [ 80.2776624, 13.0893863 ] } },
{ "type": "Feature", "properties": { "osmid": 258890930, "y": 13.0881343, "x": 80.2765671, "highway": null, "street_count": 1 }, "geometry": { "type": "Point", "coordinates": [ 80.2765671, 13.0881343 ] } },
{ "type": "Feature", "properties": { "osmid": 258890931, "y": 13.0876805, "x": 80.276939, "highway": null, "street_count": 3 }, "geometry": { "type": "Point", "coordinates": [ 80.276939, 13.0876805 ] } },
{ "type": "Feature", "properties": { "osmid": 258890936, "y": 13.08751, "x": 80.2769171, "highway": null, "street_count": 3 }, "geometry": { "type": "Point", "coordinates": [ 80.2769171, 13.08751 ] } },
{ "type": "Feature", "properties": { "osmid": 258890939, "y": 13.0879302, "x": 80.2782422, "highway": null, "street_count": 3 }, "geometry": { "type": "Point", "coordinates": [ 80.2782422, 13.0879302 ] } },
{ "type": "Feature", "properties": { "osmid": 258890940, "y": 13.087302, "x": 80.2781557, "highway": null, "street_count": 3 }, "geometry": { "type": "Point", "coordinates": [ 80.2781557, 13.087302 ] } },
{ "type": "Feature", "properties": { "osmid": 258890941, "y": 13.0868147, "x": 80.278102, "highway": null, "street_count": 3 }, "geometry": { "type": "Point", "coordinates": [ 80.278102, 13.0868147 ] } },
{ "type": "Feature", "properties": { "osmid": 258890943, "y": 13.0878546, "x": 80.2786636, "highway": null, "street_count": 3 }, "geometry": { "type": "Point", "coordinates": [ 80.2786636, 13.0878546 ] } },
{ "type": "Feature", "properties": { "osmid": 258891008, "y": 13.0882864, "x": 80.2787168, "highway": null, "street_count": 3 }, "geometry": { "type": "Point", "coordinates": [ 80.2787168, 13.0882864 ] } },
{ "type": "Feature", "properties": { "osmid": 258891042, "y": 13.0890121, "x": 80.2788316, "highway": null, "street_count": 3 }, "geometry": { "type": "Point", "coordinates": [ 80.2788316, 13.0890121 ] } },
{ "type": "Feature", "properties": { "osmid": 258891043, "y": 13.0891866, "x": 80.2778861, "highway": null, "street_count": 1 }, "geometry": { "type": "Point", "coordinates": [ 80.2778861, 13.0891866 ] } },
{ "type": "Feature", "properties": { "osmid": 258891044, "y": 13.0887496, "x": 80.2787863, "highway": null, "street_count": 3 }, "geometry": { "type": "Point", "coordinates": [ 80.2787863, 13.0887496 ] } },
{ "type": "Feature", "properties": { "osmid": 258891045, "y": 13.0887148, "x": 80.2796178, "highway": null, "street_count": 3 }, "geometry": { "type": "Point", "coordinates": [ 80.2796178, 13.0887148 ] } },
{ "type": "Feature", "properties": { "osmid": 258891046, "y": 13.088777, "x": 80.2807928, "highway": null, "street_count": 3 }, "geometry": { "type": "Point", "coordinates": [ 80.2807928, 13.088777 ] } },
{ "type": "Feature", "properties": { "osmid": 258891050, "y": 13.0859403, "x": 80.2800539, "highway": null, "street_count": 4 }, "geometry": { "type": "Point", "coordinates": [ 80.2800539, 13.0859403 ] } },
{ "type": "Feature", "properties": { "osmid": 258891067, "y": 13.0883624, "x": 80.2795555, "highway": null, "street_count": 3 }, "geometry": { "type": "Point", "coordinates": [ 80.2795555, 13.0883624 ] } },
{ "type": "Feature", "properties": { "osmid": 258891075, "y": 13.0882493, "x": 80.2806359, "highway": null, "street_count": 3 }, "geometry": { "type": "Point", "coordinates": [ 80.2806359, 13.0882493 ] } },
{ "type": "Feature", "properties": { "osmid": 258891076, "y": 13.0883133, "x": 80.2799737, "highway": null, "street_count": 3 }, "geometry": { "type": "Point", "coordinates": [ 80.2799737, 13.0883133 ] } },
{ "type": "Feature", "properties": { "osmid": 258891078, "y": 13.0860059, "x": 80.2796108, "highway": null, "street_count": 3 }, "geometry": { "type": "Point", "coordinates": [ 80.2796108, 13.0860059 ] } },
{ "type": "Feature", "properties": { "osmid": 258891084, "y": 13.086919, "x": 80.2789171, "highway": null, "street_count": 1 }, "geometry": { "type": "Point", "coordinates": [ 80.2789171, 13.086919 ] } },
{ "type": "Feature", "properties": { "osmid": 258891085, "y": 13.0887405, "x": 80.2791659, "highway": null, "street_count": 3 }, "geometry": { "type": "Point", "coordinates": [ 80.2791659, 13.0887405 ] } },
{ "type": "Feature", "properties": { "osmid": 258902911, "y": 13.0810234, "x": 80.2702083, "highway": null, "street_count": 3 }, "geometry": { "type": "Point", "coordinates": [ 80.2702083, 13.0810234 ] } },
{ "type": "Feature", "properties": { "osmid": 258902912, "y": 13.081055, "x": 80.2696966, "highway": null, "street_count": 1 }, "geometry": { "type": "Point", "coordinates": [ 80.2696966, 13.081055 ] } },
{ "type": "Feature", "properties": { "osmid": 258902915, "y": 13.0839633, "x": 80.2704958, "highway": null, "street_count": 3 }, "geometry": { "type": "Point", "coordinates": [ 80.2704958, 13.0839633 ] } },
{ "type": "Feature", "properties": { "osmid": 258915874, "y": 13.0812261, "x": 80.2706659, "highway": null, "street_count": 1 }, "geometry": { "type": "Point", "coordinates": [ 80.2706659, 13.0812261 ] } },
{ "type": "Feature", "properties": { "osmid": 258915878, "y": 13.0817816, "x": 80.2706234, "highway": null, "street_count": 3 }, "geometry": { "type": "Point", "coordinates": [ 80.2706234, 13.0817816 ] } },
{ "type": "Feature", "properties": { "osmid": 258915883, "y": 13.0818026, "x": 80.2707936, "highway": null, "street_count": 3 }, "geometry": { "type": "Point", "coordinates": [ 80.2707936, 13.0818026 ] } },
{ "type": "Feature", "properties": { "osmid": 258915889, "y": 13.0817604, "x": 80.2703325, "highway": null, "street_count": 3 }, "geometry": { "type": "Point", "coordinates": [ 80.2703325, 13.0817604 ] } },
{ "type": "Feature", "properties": { "osmid": 258915897, "y": 13.0922511, "x": 80.2757373, "highway": null, "street_count": 4 }, "geometry": { "type": "Point", "coordinates": [ 80.2757373, 13.0922511 ] } },
{ "type": "Feature", "properties": { "osmid": 258915901, "y": 13.0921651, "x": 80.2772482, "highway": null, "street_count": 4 }, "geometry": { "type": "Point", "coordinates": [ 80.2772482, 13.0921651 ] } },
{ "type": "Feature", "properties": { "osmid": 258915910, "y": 13.0926246, "x": 80.2801565, "highway": null, "street_count": 4 }, "geometry": { "type": "Point", "coordinates": [ 80.2801565, 13.0926246 ] } },
{ "type": "Feature", "properties": { "osmid": 258915917, "y": 13.0929075, "x": 80.2784963, "highway": null, "street_count": 3 }, "geometry": { "type": "Point", "coordinates": [ 80.2784963, 13.0929075 ] } },
{ "type": "Feature", "properties": { "osmid": 258915922, "y": 13.0930819, "x": 80.2779943, "highway": null, "street_count": 3 }, "geometry": { "type": "Point", "coordinates": [ 80.2779943, 13.0930819 ] } },
{ "type": "Feature", "properties": { "osmid": 258915933, "y": 13.0927171, "x": 80.2758518, "highway": null, "street_count": 3 }, "geometry": { "type": "Point", "coordinates": [ 80.2758518, 13.0927171 ] } },
{ "type": "Feature", "properties": { "osmid": 258915938, "y": 13.092721, "x": 80.2752928, "highway": null, "street_count": 3 }, "geometry": { "type": "Point", "coordinates": [ 80.2752928, 13.092721 ] } },
{ "type": "Feature", "properties": { "osmid": 258915942, "y": 13.0927178, "x": 80.2757051, "highway": null, "street_count": 3 }, "geometry": { "type": "Point", "coordinates": [ 80.2757051, 13.0927178 ] } },
{ "type": "Feature", "properties": { "osmid": 258915959, "y": 13.0934413, "x": 80.2761144, "highway": null, "street_count": 3 }, "geometry": { "type": "Point", "coordinates": [ 80.2761144, 13.0934413 ] } },
{ "type": "Feature", "properties": { "osmid": 258915963, "y": 13.0936562, "x": 80.2752959, "highway": null, "street_count": 3 }, "geometry": { "type": "Point", "coordinates": [ 80.2752959, 13.0936562 ] } },
{ "type": "Feature", "properties": { "osmid": 258915968, "y": 13.0930863, "x": 80.2771443, "highway": null, "street_count": 3 }, "geometry": { "type": "Point", "coordinates": [ 80.2771443, 13.0930863 ] } },
{ "type": "Feature", "properties": { "osmid": 258915978, "y": 13.0921911, "x": 80.2769022, "highway": null, "street_count": 4 }, "geometry": { "type": "Point", "coordinates": [ 80.2769022, 13.0921911 ] } },
{ "type": "Feature", "properties": { "osmid": 258915992, "y": 13.0902821, "x": 80.2762591, "highway": null, "street_count": 3 }, "geometry": { "type": "Point", "coordinates": [ 80.2762591, 13.0902821 ] } },
{ "type": "Feature", "properties": { "osmid": 258915997, "y": 13.0898529, "x": 80.2782533, "highway": null, "street_count": 3 }, "geometry": { "type": "Point", "coordinates": [ 80.2782533, 13.0898529 ] } },
{ "type": "Feature", "properties": { "osmid": 258916007, "y": 13.0902205, "x": 80.278468, "highway": null, "street_count": 1 }, "geometry": { "type": "Point", "coordinates": [ 80.278468, 13.0902205 ] } },
{ "type": "Feature", "properties": { "osmid": 258916057, "y": 13.0912658, "x": 80.2786311, "highway": null, "street_count": 1 }, "geometry": { "type": "Point", "coordinates": [ 80.2786311, 13.0912658 ] } },
{ "type": "Feature", "properties": { "osmid": 258916071, "y": 13.0913808, "x": 80.2792333, "highway": null, "street_count": 3 }, "geometry": { "type": "Point", "coordinates": [ 80.2792333, 13.0913808 ] } },
{ "type": "Feature", "properties": { "osmid": 258916090, "y": 13.0921456, "x": 80.2777592, "highway": null, "street_count": 4 }, "geometry": { "type": "Point", "coordinates": [ 80.2777592, 13.0921456 ] } },
{ "type": "Feature", "properties": { "osmid": 258916105, "y": 13.0945117, "x": 80.2789419, "highway": null, "street_count": 3 }, "geometry": { "type": "Point", "coordinates": [ 80.2789419, 13.0945117 ] } },
{ "type": "Feature", "properties": { "osmid": 258916110, "y": 13.0928401, "x": 80.2789109, "highway": null, "street_count": 3 }, "geometry": { "type": "Point", "coordinates": [ 80.2789109, 13.0928401 ] } },
{ "type": "Feature", "properties": { "osmid": 258916115, "y": 13.0920575, "x": 80.2788302, "highway": null, "street_count": 3 }, "geometry": { "type": "Point", "coordinates": [ 80.2788302, 13.0920575 ] } },
{ "type": "Feature", "properties": { "osmid": 258916132, "y": 13.0921058, "x": 80.2783952, "highway": null, "street_count": 3 }, "geometry": { "type": "Point", "coordinates": [ 80.2783952, 13.0921058 ] } },
{ "type": "Feature", "properties": { "osmid": 258916137, "y": 13.0931786, "x": 80.277525, "highway": null, "street_count": 3 }, "geometry": { "type": "Point", "coordinates": [ 80.277525, 13.0931786 ] } },
{ "type": "Feature", "properties": { "osmid": 258916147, "y": 13.0907613, "x": 80.2767971, "highway": null, "street_count": 3 }, "geometry": { "type": "Point", "coordinates": [ 80.2767971, 13.0907613 ] } },
{ "type": "Feature", "properties": { "osmid": 258916170, "y": 13.0910608, "x": 80.2761788, "highway": null, "street_count": 3 }, "geometry": { "type": "Point", "coordinates": [ 80.2761788, 13.0910608 ] } },
{ "type": "Feature", "properties": { "osmid": 258916257, "y": 13.0927851, "x": 80.2762965, "highway": null, "street_count": 3 }, "geometry": { "type": "Point", "coordinates": [ 80.2762965, 13.0927851 ] } },
{ "type": "Feature", "properties": { "osmid": 258916263, "y": 13.092217, "x": 80.2761456, "highway": null, "street_count": 4 }, "geometry": { "type": "Point", "coordinates": [ 80.2761456, 13.092217 ] } },
{ "type": "Feature", "properties": { "osmid": 258916269, "y": 13.0911991, "x": 80.275841, "highway": null, "street_count": 3 }, "geometry": { "type": "Point", "coordinates": [ 80.275841, 13.0911991 ] } },
{ "type": "Feature", "properties": { "osmid": 258916276, "y": 13.0913559, "x": 80.2754731, "highway": null, "street_count": 3 }, "geometry": { "type": "Point", "coordinates": [ 80.2754731, 13.0913559 ] } },
{ "type": "Feature", "properties": { "osmid": 258916298, "y": 13.0911525, "x": 80.2759504, "highway": null, "street_count": 3 }, "geometry": { "type": "Point", "coordinates": [ 80.2759504, 13.0911525 ] } },
{ "type": "Feature", "properties": { "osmid": 258916313, "y": 13.0903497, "x": 80.275772, "highway": null, "street_count": 3 }, "geometry": { "type": "Point", "coordinates": [ 80.275772, 13.0903497 ] } },
{ "type": "Feature", "properties": { "osmid": 258916320, "y": 13.0903764, "x": 80.275339, "highway": null, "street_count": 3 }, "geometry": { "type": "Point", "coordinates": [ 80.275339, 13.0903764 ] } },
{ "type": "Feature", "properties": { "osmid": 258916373, "y": 13.0899285, "x": 80.2753952, "highway": null, "street_count": 3 }, "geometry": { "type": "Point", "coordinates": [ 80.2753952, 13.0899285 ] } },
{ "type": "Feature", "properties": { "osmid": 258916382, "y": 13.0894098, "x": 80.2766003, "highway": null, "street_count": 3 }, "geometry": { "type": "Point", "coordinates": [ 80.2766003, 13.0894098 ] } },
{ "type": "Feature", "properties": { "osmid": 258916408, "y": 13.0889027, "x": 80.2766713, "highway": null, "street_count": 3 }, "geometry": { "type": "Point", "coordinates": [ 80.2766713, 13.0889027 ] } },
{ "type": "Feature", "properties": { "osmid": 258916433, "y": 13.0893637, "x": 80.2767635, "highway": null, "street_count": 3 }, "geometry": { "type": "Point", "coordinates": [ 80.2767635, 13.0893637 ] } },
{ "type": "Feature", "properties": { "osmid": 258916451, "y": 13.0942749, "x": 80.280029, "highway": null, "street_count": 3 }, "geometry": { "type": "Point", "coordinates": [ 80.280029, 13.0942749 ] } },
{ "type": "Feature", "properties": { "osmid": 258916456, "y": 13.0926896, "x": 80.2798024, "highway": null, "street_count": 4 }, "geometry": { "type": "Point", "coordinates": [ 80.2798024, 13.0926896 ] } },
{ "type": "Feature", "properties": { "osmid": 258916486, "y": 13.0893649, "x": 80.2792606, "highway": null, "street_count": 3 }, "geometry": { "type": "Point", "coordinates": [ 80.2792606, 13.0893649 ] } },
{ "type": "Feature", "properties": { "osmid": 258916496, "y": 13.0924251, "x": 80.2817478, "highway": null, "street_count": 4 }, "geometry": { "type": "Point", "coordinates": [ 80.2817478, 13.0924251 ] } },
{ "type": "Feature", "properties": { "osmid": 258916542, "y": 13.0923452, "x": 80.2825594, "highway": null, "street_count": 4 }, "geometry": { "type": "Point", "coordinates": [ 80.2825594, 13.0923452 ] } },
{ "type": "Feature", "properties": { "osmid": 258916554, "y": 13.0921172, "x": 80.2834121, "highway": null, "street_count": 3 }, "geometry": { "type": "Point", "coordinates": [ 80.2834121, 13.0921172 ] } },
{ "type": "Feature", "properties": { "osmid": 258916558, "y": 13.0917836, "x": 80.2841222, "highway": null, "street_count": 4 }, "geometry": { "type": "Point", "coordinates": [ 80.2841222, 13.0917836 ] } },
{ "type": "Feature", "properties": { "osmid": 258916563, "y": 13.0916052, "x": 80.2845305, "highway": null, "street_count": 3 }, "geometry": { "type": "Point", "coordinates": [ 80.2845305, 13.0916052 ] } },
{ "type": "Feature", "properties": { "osmid": 258916612, "y": 13.0914513, "x": 80.2799664, "highway": null, "street_count": 3 }, "geometry": { "type": "Point", "coordinates": [ 80.2799664, 13.0914513 ] } },
{ "type": "Feature", "properties": { "osmid": 258916668, "y": 13.0932656, "x": 80.281875, "highway": null, "street_count": 3 }, "geometry": { "type": "Point", "coordinates": [ 80.281875, 13.0932656 ] } },
{ "type": "Feature", "properties": { "osmid": 258916694, "y": 13.0885355, "x": 80.2819531, "highway": null, "street_count": 3 }, "geometry": { "type": "Point", "coordinates": [ 80.2819531, 13.0885355 ] } },
{ "type": "Feature", "properties": { "osmid": 258916702, "y": 13.0913902, "x": 80.2824171, "highway": null, "street_count": 3 }, "geometry": { "type": "Point", "coordinates": [ 80.2824171, 13.0913902 ] } },
{ "type": "Feature", "properties": { "osmid": 258916707, "y": 13.0928075, "x": 80.2826263, "highway": null, "street_count": 4 }, "geometry": { "type": "Point", "coordinates": [ 80.2826263, 13.0928075 ] } },
{ "type": "Feature", "properties": { "osmid": 258916771, "y": 13.0949535, "x": 80.2813076, "highway": null, "street_count": 3 }, "geometry": { "type": "Point", "coordinates": [ 80.2813076, 13.0949535 ] } },
{ "type": "Feature", "properties": { "osmid": 258916784, "y": 13.0948734, "x": 80.2817164, "highway": null, "street_count": 3 }, "geometry": { "type": "Point", "coordinates": [ 80.2817164, 13.0948734 ] } },
{ "type": "Feature", "properties": { "osmid": 258916792, "y": 13.0948847, "x": 80.2816547, "highway": null, "street_count": 3 }, "geometry": { "type": "Point", "coordinates": [ 80.2816547, 13.0948847 ] } },
{ "type": "Feature", "properties": { "osmid": 258916800, "y": 13.0941422, "x": 80.2815225, "highway": null, "street_count": 1 }, "geometry": { "type": "Point", "coordinates": [ 80.2815225, 13.0941422 ] } },
{ "type": "Feature", "properties": { "osmid": 258916823, "y": 13.0930632, "x": 80.2822221, "highway": null, "street_count": 3 }, "geometry": { "type": "Point", "coordinates": [ 80.2822221, 13.0930632 ] } },
{ "type": "Feature", "properties": { "osmid": 258916833, "y": 13.092469, "x": 80.2834762, "highway": null, "street_count": 3 }, "geometry": { "type": "Point", "coordinates": [ 80.2834762, 13.092469 ] } },
{ "type": "Feature", "properties": { "osmid": 258916994, "y": 13.0944221, "x": 80.2842242, "highway": null, "street_count": 3 }, "geometry": { "type": "Point", "coordinates": [ 80.2842242, 13.0944221 ] } },
{ "type": "Feature", "properties": { "osmid": 258917025, "y": 13.0943723, "x": 80.284472, "highway": null, "street_count": 3 }, "geometry": { "type": "Point", "coordinates": [ 80.284472, 13.0943723 ] } },
{ "type": "Feature", "properties": { "osmid": 258917086, "y": 13.0925484, "x": 80.280641, "highway": null, "street_count": 3 }, "geometry": { "type": "Point", "coordinates": [ 80.280641, 13.0925484 ] } },
{ "type": "Feature", "properties": { "osmid": 258917103, "y": 13.0914001, "x": 80.2804811, "highway": null, "street_count": 4 }, "geometry": { "type": "Point", "coordinates": [ 80.2804811, 13.0914001 ] } },
{ "type": "Feature", "properties": { "osmid": 258917187, "y": 13.0884475, "x": 80.2824297, "highway": null, "street_count": 3 }, "geometry": { "type": "Point", "coordinates": [ 80.2824297, 13.0884475 ] } },
{ "type": "Feature", "properties": { "osmid": 258917201, "y": 13.0912661, "x": 80.2828443, "highway": null, "street_count": 3 }, "geometry": { "type": "Point", "coordinates": [ 80.2828443, 13.0912661 ] } },
{ "type": "Feature", "properties": { "osmid": 258917544, "y": 13.0938973, "x": 80.2823807, "highway": null, "street_count": 1 }, "geometry": { "type": "Point", "coordinates": [ 80.2823807, 13.0938973 ] } },
{ "type": "Feature", "properties": { "osmid": 258917550, "y": 13.0925427, "x": 80.2807304, "highway": null, "street_count": 3 }, "geometry": { "type": "Point", "coordinates": [ 80.2807304, 13.0925427 ] } },
{ "type": "Feature", "properties": { "osmid": 258917559, "y": 13.0944086, "x": 80.2811508, "highway": null, "street_count": 1 }, "geometry": { "type": "Point", "coordinates": [ 80.2811508, 13.0944086 ] } },
{ "type": "Feature", "properties": { "osmid": 258917563, "y": 13.0949668, "x": 80.2812568, "highway": null, "street_count": 3 }, "geometry": { "type": "Point", "coordinates": [ 80.2812568, 13.0949668 ] } },
{ "type": "Feature", "properties": { "osmid": 258917567, "y": 13.0937555, "x": 80.2813718, "highway": null, "street_count": 3 }, "geometry": { "type": "Point", "coordinates": [ 80.2813718, 13.0937555 ] } },
{ "type": "Feature", "properties": { "osmid": 258917683, "y": 13.0960766, "x": 80.2807076, "highway": null, "street_count": 3 }, "geometry": { "type": "Point", "coordinates": [ 80.2807076, 13.0960766 ] } },
{ "type": "Feature", "properties": { "osmid": 258917819, "y": 13.0957686, "x": 80.2811039, "highway": null, "street_count": 3 }, "geometry": { "type": "Point", "coordinates": [ 80.2811039, 13.0957686 ] } },
{ "type": "Feature", "properties": { "osmid": 258969899, "y": 13.0851079, "x": 80.2696291, "highway": null, "street_count": 3 }, "geometry": { "type": "Point", "coordinates": [ 80.2696291, 13.0851079 ] } },
{ "type": "Feature", "properties": { "osmid": 258969903, "y": 13.0856454, "x": 80.2689748, "highway": null, "street_count": 1 }, "geometry": { "type": "Point", "coordinates": [ 80.2689748, 13.0856454 ] } },
{ "type": "Feature", "properties": { "osmid": 258976003, "y": 13.0945224, "x": 80.274338, "highway": null, "street_count": 1 }, "geometry": { "type": "Point", "coordinates": [ 80.274338, 13.0945224 ] } },
{ "type": "Feature", "properties": { "osmid": 258976010, "y": 13.094781, "x": 80.2743354, "highway": null, "street_count": 3 }, "geometry": { "type": "Point", "coordinates": [ 80.2743354, 13.094781 ] } },
{ "type": "Feature", "properties": { "osmid": 258976028, "y": 13.094793, "x": 80.2745496, "highway": null, "street_count": 3 }, "geometry": { "type": "Point", "coordinates": [ 80.2745496, 13.094793 ] } },
{ "type": "Feature", "properties": { "osmid": 258976032, "y": 13.0957247, "x": 80.2745634, "highway": null, "street_count": 3 }, "geometry": { "type": "Point", "coordinates": [ 80.2745634, 13.0957247 ] } },
{ "type": "Feature", "properties": { "osmid": 258976036, "y": 13.0931484, "x": 80.2777546, "highway": null, "street_count": 3 }, "geometry": { "type": "Point", "coordinates": [ 80.2777546, 13.0931484 ] } },
{ "type": "Feature", "properties": { "osmid": 266204154, "y": 13.0773492, "x": 80.2671289, "highway": null, "street_count": 3 }, "geometry": { "type": "Point", "coordinates": [ 80.2671289, 13.0773492 ] } },
{ "type": "Feature", "properties": { "osmid": 266204155, "y": 13.0714882, "x": 80.2611302, "highway": null, "street_count": 3 }, "geometry": { "type": "Point", "coordinates": [ 80.2611302, 13.0714882 ] } },
{ "type": "Feature", "properties": { "osmid": 266204159, "y": 13.0713707, "x": 80.2639883, "highway": null, "street_count": 3 }, "geometry": { "type": "Point", "coordinates": [ 80.2639883, 13.0713707 ] } },
{ "type": "Feature", "properties": { "osmid": 266204165, "y": 13.0718866, "x": 80.2611516, "highway": null, "street_count": 3 }, "geometry": { "type": "Point", "coordinates": [ 80.2611516, 13.0718866 ] } },
{ "type": "Feature", "properties": { "osmid": 266204170, "y": 13.0717901, "x": 80.2640414, "highway": null, "street_count": 3 }, "geometry": { "type": "Point", "coordinates": [ 80.2640414, 13.0717901 ] } },
{ "type": "Feature", "properties": { "osmid": 266204188, "y": 13.070467, "x": 80.2648779, "highway": null, "street_count": 3 }, "geometry": { "type": "Point", "coordinates": [ 80.2648779, 13.070467 ] } },
{ "type": "Feature", "properties": { "osmid": 266204190, "y": 13.0705352, "x": 80.2639887, "highway": null, "street_count": 3 }, "geometry": { "type": "Point", "coordinates": [ 80.2639887, 13.0705352 ] } },
{ "type": "Feature", "properties": { "osmid": 266204191, "y": 13.0705071, "x": 80.2643868, "highway": null, "street_count": 3 }, "geometry": { "type": "Point", "coordinates": [ 80.2643868, 13.0705071 ] } },
{ "type": "Feature", "properties": { "osmid": 266204192, "y": 13.0711155, "x": 80.264519, "highway": null, "street_count": 4 }, "geometry": { "type": "Point", "coordinates": [ 80.264519, 13.0711155 ] } },
{ "type": "Feature", "properties": { "osmid": 266204193, "y": 13.0713862, "x": 80.2648239, "highway": null, "street_count": 3 }, "geometry": { "type": "Point", "coordinates": [ 80.2648239, 13.0713862 ] } },
{ "type": "Feature", "properties": { "osmid": 266204194, "y": 13.071186, "x": 80.2639724, "highway": null, "street_count": 3 }, "geometry": { "type": "Point", "coordinates": [ 80.2639724, 13.071186 ] } },
{ "type": "Feature", "properties": { "osmid": 266204195, "y": 13.0709622, "x": 80.2649426, "highway": null, "street_count": 3 }, "geometry": { "type": "Point", "coordinates": [ 80.2649426, 13.0709622 ] } },
{ "type": "Feature", "properties": { "osmid": 266204198, "y": 13.0710184, "x": 80.265212, "highway": null, "street_count": 3 }, "geometry": { "type": "Point", "coordinates": [ 80.265212, 13.0710184 ] } },
{ "type": "Feature", "properties": { "osmid": 266204210, "y": 13.0692377, "x": 80.2660445, "highway": null, "street_count": 3 }, "geometry": { "type": "Point", "coordinates": [ 80.2660445, 13.0692377 ] } },
{ "type": "Feature", "properties": { "osmid": 266204257, "y": 13.0697233, "x": 80.2648034, "highway": null, "street_count": 3 }, "geometry": { "type": "Point", "coordinates": [ 80.2648034, 13.0697233 ] } },
{ "type": "Feature", "properties": { "osmid": 266204260, "y": 13.0697979, "x": 80.2639626, "highway": null, "street_count": 3 }, "geometry": { "type": "Point", "coordinates": [ 80.2639626, 13.0697979 ] } },
{ "type": "Feature", "properties": { "osmid": 266204261, "y": 13.06993, "x": 80.2648251, "highway": null, "street_count": 3 }, "geometry": { "type": "Point", "coordinates": [ 80.2648251, 13.06993 ] } },
{ "type": "Feature", "properties": { "osmid": 266204262, "y": 13.0699609, "x": 80.2639597, "highway": null, "street_count": 3 }, "geometry": { "type": "Point", "coordinates": [ 80.2639597, 13.0699609 ] } },
{ "type": "Feature", "properties": { "osmid": 266204263, "y": 13.0700916, "x": 80.2648425, "highway": null, "street_count": 3 }, "geometry": { "type": "Point", "coordinates": [ 80.2648425, 13.0700916 ] } },
{ "type": "Feature", "properties": { "osmid": 266204272, "y": 13.0701596, "x": 80.2639614, "highway": null, "street_count": 3 }, "geometry": { "type": "Point", "coordinates": [ 80.2639614, 13.0701596 ] } },
{ "type": "Feature", "properties": { "osmid": 266204275, "y": 13.0695447, "x": 80.264781, "highway": null, "street_count": 3 }, "geometry": { "type": "Point", "coordinates": [ 80.264781, 13.0695447 ] } },
{ "type": "Feature", "properties": { "osmid": 266204277, "y": 13.0695932, "x": 80.2639583, "highway": null, "street_count": 3 }, "geometry": { "type": "Point", "coordinates": [ 80.2639583, 13.0695932 ] } },
{ "type": "Feature", "properties": { "osmid": 266204281, "y": 13.0693516, "x": 80.2647619, "highway": null, "street_count": 3 }, "geometry": { "type": "Point", "coordinates": [ 80.2647619, 13.0693516 ] } },
{ "type": "Feature", "properties": { "osmid": 266204288, "y": 13.0693848, "x": 80.2639618, "highway": null, "street_count": 3 }, "geometry": { "type": "Point", "coordinates": [ 80.2639618, 13.0693848 ] } },
{ "type": "Feature", "properties": { "osmid": 266204290, "y": 13.0694325, "x": 80.2647662, "highway": null, "street_count": 3 }, "geometry": { "type": "Point", "coordinates": [ 80.2647662, 13.0694325 ] } },
{ "type": "Feature", "properties": { "osmid": 266204297, "y": 13.0695095, "x": 80.2639575, "highway": null, "street_count": 3 }, "geometry": { "type": "Point", "coordinates": [ 80.2639575, 13.0695095 ] } },
{ "type": "Feature", "properties": { "osmid": 266204304, "y": 13.0692218, "x": 80.2647493, "highway": null, "street_count": 3 }, "geometry": { "type": "Point", "coordinates": [ 80.2647493, 13.0692218 ] } },
{ "type": "Feature", "properties": { "osmid": 266204313, "y": 13.0692751, "x": 80.2639713, "highway": null, "street_count": 3 }, "geometry": { "type": "Point", "coordinates": [ 80.2639713, 13.0692751 ] } },
{ "type": "Feature", "properties": { "osmid": 266204372, "y": 13.0721898, "x": 80.2646479, "highway": null, "street_count": 3 }, "geometry": { "type": "Point", "coordinates": [ 80.2646479, 13.0721898 ] } },
{ "type": "Feature", "properties": { "osmid": 266204376, "y": 13.0733178, "x": 80.2657067, "highway": null, "street_count": 3 }, "geometry": { "type": "Point", "coordinates": [ 80.2657067, 13.0733178 ] } },
{ "type": "Feature", "properties": { "osmid": 266204381, "y": 13.0714561, "x": 80.2658136, "highway": null, "street_count": 3 }, "geometry": { "type": "Point", "coordinates": [ 80.2658136, 13.0714561 ] } },
{ "type": "Feature", "properties": { "osmid": 266204383, "y": 13.0709492, "x": 80.2657478, "highway": null, "street_count": 3 }, "geometry": { "type": "Point", "coordinates": [ 80.2657478, 13.0709492 ] } },
{ "type": "Feature", "properties": { "osmid": 266204390, "y": 13.0716602, "x": 80.2660907, "highway": null, "street_count": 1 }, "geometry": { "type": "Point", "coordinates": [ 80.2660907, 13.0716602 ] } },
{ "type": "Feature", "properties": { "osmid": 266204402, "y": 13.0720707, "x": 80.2671909, "highway": null, "street_count": 3 }, "geometry": { "type": "Point", "coordinates": [ 80.2671909, 13.0720707 ] } },
{ "type": "Feature", "properties": { "osmid": 266204408, "y": 13.0708978, "x": 80.2660414, "highway": null, "street_count": 3 }, "geometry": { "type": "Point", "coordinates": [ 80.2660414, 13.0708978 ] } },
{ "type": "Feature", "properties": { "osmid": 266204409, "y": 13.0708541, "x": 80.2664422, "highway": null, "street_count": 3 }, "geometry": { "type": "Point", "coordinates": [ 80.2664422, 13.0708541 ] } },
{ "type": "Feature", "properties": { "osmid": 266204410, "y": 13.0708215, "x": 80.2668238, "highway": null, "street_count": 3 }, "geometry": { "type": "Point", "coordinates": [ 80.2668238, 13.0708215 ] } },
{ "type": "Feature", "properties": { "osmid": 266204411, "y": 13.0708159, "x": 80.2671623, "highway": null, "street_count": 3 }, "geometry": { "type": "Point", "coordinates": [ 80.2671623, 13.0708159 ] } },
{ "type": "Feature", "properties": { "osmid": 266204415, "y": 13.0709672, "x": 80.2679104, "highway": null, "street_count": 3 }, "geometry": { "type": "Point", "coordinates": [ 80.2679104, 13.0709672 ] } },
{ "type": "Feature", "properties": { "osmid": 266204417, "y": 13.0701896, "x": 80.2681498, "highway": null, "street_count": 3 }, "geometry": { "type": "Point", "coordinates": [ 80.2681498, 13.0701896 ] } },
{ "type": "Feature", "properties": { "osmid": 266204423, "y": 13.0697226, "x": 80.268159, "highway": null, "street_count": 4 }, "geometry": { "type": "Point", "coordinates": [ 80.268159, 13.0697226 ] } },
{ "type": "Feature", "properties": { "osmid": 266204424, "y": 13.0692292, "x": 80.2680948, "highway": null, "street_count": 3 }, "geometry": { "type": "Point", "coordinates": [ 80.2680948, 13.0692292 ] } },
{ "type": "Feature", "properties": { "osmid": 266204430, "y": 13.0695208, "x": 80.2667769, "highway": null, "street_count": 3 }, "geometry": { "type": "Point", "coordinates": [ 80.2667769, 13.0695208 ] } },
{ "type": "Feature", "properties": { "osmid": 266204439, "y": 13.0713547, "x": 80.2648595, "highway": null, "street_count": 4 }, "geometry": { "type": "Point", "coordinates": [ 80.2648595, 13.0713547 ] } },
{ "type": "Feature", "properties": { "osmid": 266204442, "y": 13.0745711, "x": 80.2654268, "highway": null, "street_count": 3 }, "geometry": { "type": "Point", "coordinates": [ 80.2654268, 13.0745711 ] } },
{ "type": "Feature", "properties": { "osmid": 266204447, "y": 13.0757376, "x": 80.2642916, "highway": null, "street_count": 3 }, "geometry": { "type": "Point", "coordinates": [ 80.2642916, 13.0757376 ] } },
{ "type": "Feature", "properties": { "osmid": 266204468, "y": 13.0753859, "x": 80.2643285, "highway": null, "street_count": 3 }, "geometry": { "type": "Point", "coordinates": [ 80.2643285, 13.0753859 ] } },
{ "type": "Feature", "properties": { "osmid": 266204470, "y": 13.0750717, "x": 80.2646729, "highway": null, "street_count": 1 }, "geometry": { "type": "Point", "coordinates": [ 80.2646729, 13.0750717 ] } },
{ "type": "Feature", "properties": { "osmid": 266204475, "y": 13.0748444, "x": 80.2643494, "highway": null, "street_count": 3 }, "geometry": { "type": "Point", "coordinates": [ 80.2643494, 13.0748444 ] } },
{ "type": "Feature", "properties": { "osmid": 266204546, "y": 13.0718533, "x": 80.262464, "highway": null, "street_count": 3 }, "geometry": { "type": "Point", "coordinates": [ 80.262464, 13.0718533 ] } },
{ "type": "Feature", "properties": { "osmid": 266204548, "y": 13.0709934, "x": 80.2624242, "highway": null, "street_count": 3 }, "geometry": { "type": "Point", "coordinates": [ 80.2624242, 13.0709934 ] } },
{ "type": "Feature", "properties": { "osmid": 266204551, "y": 13.0714647, "x": 80.2624433, "highway": null, "street_count": 4 }, "geometry": { "type": "Point", "coordinates": [ 80.2624433, 13.0714647 ] } },
{ "type": "Feature", "properties": { "osmid": 266204552, "y": 13.072142, "x": 80.2657942, "highway": null, "street_count": 3 }, "geometry": { "type": "Point", "coordinates": [ 80.2657942, 13.072142 ] } },
{ "type": "Feature", "properties": { "osmid": 266204840, "y": 13.0753952, "x": 80.2573936, "highway": null, "street_count": 3 }, "geometry": { "type": "Point", "coordinates": [ 80.2573936, 13.0753952 ] } },
{ "type": "Feature", "properties": { "osmid": 266204988, "y": 13.0758938, "x": 80.2576529, "highway": null, "street_count": 3 }, "geometry": { "type": "Point", "coordinates": [ 80.2576529, 13.0758938 ] } },
{ "type": "Feature", "properties": { "osmid": 266205031, "y": 13.0742118, "x": 80.2572539, "highway": null, "street_count": 3 }, "geometry": { "type": "Point", "coordinates": [ 80.2572539, 13.0742118 ] } },
{ "type": "Feature", "properties": { "osmid": 266205067, "y": 13.0719667, "x": 80.2657865, "highway": null, "street_count": 3 }, "geometry": { "type": "Point", "coordinates": [ 80.2657865, 13.0719667 ] } },
{ "type": "Feature", "properties": { "osmid": 303283553, "y": 13.0814946, "x": 80.2732799, "highway": null, "street_count": 3 }, "geometry": { "type": "Point", "coordinates": [ 80.2732799, 13.0814946 ] } },
{ "type": "Feature", "properties": { "osmid": 303283554, "y": 13.0817259, "x": 80.2751616, "highway": "traffic_signals", "street_count": 3 }, "geometry": { "type": "Point", "coordinates": [ 80.2751616, 13.0817259 ] } },
{ "type": "Feature", "properties": { "osmid": 303283584, "y": 13.0821655, "x": 80.2784672, "highway": "traffic_signals", "street_count": 4 }, "geometry": { "type": "Point", "coordinates": [ 80.2784672, 13.0821655 ] } },
{ "type": "Feature", "properties": { "osmid": 303283585, "y": 13.082277, "x": 80.2817846, "highway": "traffic_signals", "street_count": 4 }, "geometry": { "type": "Point", "coordinates": [ 80.2817846, 13.082277 ] } },
{ "type": "Feature", "properties": { "osmid": 303283783, "y": 13.082256, "x": 80.2811546, "highway": null, "street_count": 3 }, "geometry": { "type": "Point", "coordinates": [ 80.2811546, 13.082256 ] } },
{ "type": "Feature", "properties": { "osmid": 303283792, "y": 13.0817612, "x": 80.2811903, "highway": null, "street_count": 3 }, "geometry": { "type": "Point", "coordinates": [ 80.2811903, 13.0817612 ] } },
{ "type": "Feature", "properties": { "osmid": 303284173, "y": 13.0854871, "x": 80.2835529, "highway": null, "street_count": 3 }, "geometry": { "type": "Point", "coordinates": [ 80.2835529, 13.0854871 ] } },
{ "type": "Feature", "properties": { "osmid": 303284180, "y": 13.082379, "x": 80.2816954, "highway": "traffic_signals", "street_count": 4 }, "geometry": { "type": "Point", "coordinates": [ 80.2816954, 13.082379 ] } },
{ "type": "Feature", "properties": { "osmid": 304918664, "y": 13.0829073, "x": 80.2668562, "highway": null, "street_count": 3 }, "geometry": { "type": "Point", "coordinates": [ 80.2668562, 13.0829073 ] } },
{ "type": "Feature", "properties": { "osmid": 304918740, "y": 13.0793192, "x": 80.2587891, "highway": "traffic_signals", "street_count": 3 }, "geometry": { "type": "Point", "coordinates": [ 80.2587891, 13.0793192 ] } },
{ "type": "Feature", "properties": { "osmid": 304918752, "y": 13.0801904, "x": 80.2628257, "highway": "traffic_signals", "street_count": 3 }, "geometry": { "type": "Point", "coordinates": [ 80.2628257, 13.0801904 ] } },
{ "type": "Feature", "properties": { "osmid": 304918757, "y": 13.0806112, "x": 80.2647889, "highway": null, "street_count": 3 }, "geometry": { "type": "Point", "coordinates": [ 80.2647889, 13.0806112 ] } },
{ "type": "Feature", "properties": { "osmid": 309061637, "y": 13.0735535, "x": 80.2765139, "highway": null, "street_count": 3 }, "geometry": { "type": "Point", "coordinates": [ 80.2765139, 13.0735535 ] } },
{ "type": "Feature", "properties": { "osmid": 309061742, "y": 13.072874, "x": 80.2755199, "highway": null, "street_count": 3 }, "geometry": { "type": "Point", "coordinates": [ 80.2755199, 13.072874 ] } },
{ "type": "Feature", "properties": { "osmid": 309061751, "y": 13.0720436, "x": 80.274623, "highway": null, "street_count": 3 }, "geometry": { "type": "Point", "coordinates": [ 80.274623, 13.0720436 ] } },
{ "type": "Feature", "properties": { "osmid": 309061752, "y": 13.0756798, "x": 80.2786653, "highway": null, "street_count": 3 }, "geometry": { "type": "Point", "coordinates": [ 80.2786653, 13.0756798 ] } },
{ "type": "Feature", "properties": { "osmid": 309061753, "y": 13.0758192, "x": 80.2785507, "highway": null, "street_count": 3 }, "geometry": { "type": "Point", "coordinates": [ 80.2785507, 13.0758192 ] } },
{ "type": "Feature", "properties": { "osmid": 309061755, "y": 13.0762045, "x": 80.2790161, "highway": null, "street_count": 3 }, "geometry": { "type": "Point", "coordinates": [ 80.2790161, 13.0762045 ] } },
{ "type": "Feature", "properties": { "osmid": 309061756, "y": 13.0760921, "x": 80.2791396, "highway": null, "street_count": 3 }, "geometry": { "type": "Point", "coordinates": [ 80.2791396, 13.0760921 ] } },
{ "type": "Feature", "properties": { "osmid": 309062017, "y": 13.0742962, "x": 80.2764355, "highway": null, "street_count": 3 }, "geometry": { "type": "Point", "coordinates": [ 80.2764355, 13.0742962 ] } },
{ "type": "Feature", "properties": { "osmid": 309062020, "y": 13.0741199, "x": 80.2768684, "highway": null, "street_count": 3 }, "geometry": { "type": "Point", "coordinates": [ 80.2768684, 13.0741199 ] } },
{ "type": "Feature", "properties": { "osmid": 310505387, "y": 13.0833505, "x": 80.2790026, "highway": null, "street_count": 3 }, "geometry": { "type": "Point", "coordinates": [ 80.2790026, 13.0833505 ] } },
{ "type": "Feature", "properties": { "osmid": 310505808, "y": 13.0884075, "x": 80.2837875, "highway": null, "street_count": 3 }, "geometry": { "type": "Point", "coordinates": [ 80.2837875, 13.0884075 ] } },
{ "type": "Feature", "properties": { "osmid": 310505809, "y": 13.0883888, "x": 80.2833615, "highway": null, "street_count": 3 }, "geometry": { "type": "Point", "coordinates": [ 80.2833615, 13.0883888 ] } },
{ "type": "Feature", "properties": { "osmid": 310505810, "y": 13.0883895, "x": 80.2829029, "highway": null, "street_count": 3 }, "geometry": { "type": "Point", "coordinates": [ 80.2829029, 13.0883895 ] } },
{ "type": "Feature", "properties": { "osmid": 310505815, "y": 13.0858803, "x": 80.2808012, "highway": null, "street_count": 4 }, "geometry": { "type": "Point", "coordinates": [ 80.2808012, 13.0858803 ] } },
{ "type": "Feature", "properties": { "osmid": 310505817, "y": 13.0856637, "x": 80.2800612, "highway": null, "street_count": 3 }, "geometry": { "type": "Point", "coordinates": [ 80.2800612, 13.0856637 ] } },
{ "type": "Feature", "properties": { "osmid": 310505819, "y": 13.0855156, "x": 80.2796086, "highway": null, "street_count": 3 }, "geometry": { "type": "Point", "coordinates": [ 80.2796086, 13.0855156 ] } },
{ "type": "Feature", "properties": { "osmid": 310505821, "y": 13.0851333, "x": 80.2793292, "highway": null, "street_count": 3 }, "geometry": { "type": "Point", "coordinates": [ 80.2793292, 13.0851333 ] } },
{ "type": "Feature", "properties": { "osmid": 310505827, "y": 13.0883111, "x": 80.282541, "highway": null, "street_count": 3 }, "geometry": { "type": "Point", "coordinates": [ 80.282541, 13.0883111 ] } },
{ "type": "Feature", "properties": { "osmid": 310505903, "y": 13.0855778, "x": 80.279194, "highway": null, "street_count": 3 }, "geometry": { "type": "Point", "coordinates": [ 80.279194, 13.0855778 ] } },
{ "type": "Feature", "properties": { "osmid": 310506630, "y": 13.0837155, "x": 80.2765601, "highway": null, "street_count": 3 }, "geometry": { "type": "Point", "coordinates": [ 80.2765601, 13.0837155 ] } },
{ "type": "Feature", "properties": { "osmid": 310506632, "y": 13.0887765, "x": 80.2767362, "highway": null, "street_count": 3 }, "geometry": { "type": "Point", "coordinates": [ 80.2767362, 13.0887765 ] } },
{ "type": "Feature", "properties": { "osmid": 310506634, "y": 13.0890826, "x": 80.2796529, "highway": null, "street_count": 3 }, "geometry": { "type": "Point", "coordinates": [ 80.2796529, 13.0890826 ] } },
{ "type": "Feature", "properties": { "osmid": 310506635, "y": 13.089168, "x": 80.278861, "highway": null, "street_count": 3 }, "geometry": { "type": "Point", "coordinates": [ 80.278861, 13.089168 ] } },
{ "type": "Feature", "properties": { "osmid": 311286999, "y": 13.0897861, "x": 80.2679048, "highway": null, "street_count": 3 }, "geometry": { "type": "Point", "coordinates": [ 80.2679048, 13.0897861 ] } },
{ "type": "Feature", "properties": { "osmid": 317148365, "y": 13.0779893, "x": 80.2694517, "highway": null, "street_count": 3 }, "geometry": { "type": "Point", "coordinates": [ 80.2694517, 13.0779893 ] } },
{ "type": "Feature", "properties": { "osmid": 317148366, "y": 13.0787991, "x": 80.2694433, "highway": null, "street_count": 3 }, "geometry": { "type": "Point", "coordinates": [ 80.2694433, 13.0787991 ] } },
{ "type": "Feature", "properties": { "osmid": 317148376, "y": 13.0777982, "x": 80.2689288, "highway": null, "street_count": 4 }, "geometry": { "type": "Point", "coordinates": [ 80.2689288, 13.0777982 ] } },
{ "type": "Feature", "properties": { "osmid": 317148377, "y": 13.0778976, "x": 80.268075, "highway": null, "street_count": 3 }, "geometry": { "type": "Point", "coordinates": [ 80.268075, 13.0778976 ] } },
{ "type": "Feature", "properties": { "osmid": 317148380, "y": 13.0770947, "x": 80.2688905, "highway": null, "street_count": 3 }, "geometry": { "type": "Point", "coordinates": [ 80.2688905, 13.0770947 ] } },
{ "type": "Feature", "properties": { "osmid": 317151732, "y": 13.0769053, "x": 80.2672861, "highway": null, "street_count": 3 }, "geometry": { "type": "Point", "coordinates": [ 80.2672861, 13.0769053 ] } },
{ "type": "Feature", "properties": { "osmid": 317151733, "y": 13.0773093, "x": 80.2673373, "highway": null, "street_count": 3 }, "geometry": { "type": "Point", "coordinates": [ 80.2673373, 13.0773093 ] } },
{ "type": "Feature", "properties": { "osmid": 317151764, "y": 13.0781722, "x": 80.2670286, "highway": null, "street_count": 3 }, "geometry": { "type": "Point", "coordinates": [ 80.2670286, 13.0781722 ] } },
{ "type": "Feature", "properties": { "osmid": 317152629, "y": 13.0749143, "x": 80.2717388, "highway": null, "street_count": 3 }, "geometry": { "type": "Point", "coordinates": [ 80.2717388, 13.0749143 ] } },
{ "type": "Feature", "properties": { "osmid": 317155229, "y": 13.0728056, "x": 80.2690173, "highway": null, "street_count": 3 }, "geometry": { "type": "Point", "coordinates": [ 80.2690173, 13.0728056 ] } },
{ "type": "Feature", "properties": { "osmid": 320277386, "y": 13.073127, "x": 80.261205, "highway": null, "street_count": 3 }, "geometry": { "type": "Point", "coordinates": [ 80.261205, 13.073127 ] } },
{ "type": "Feature", "properties": { "osmid": 333204230, "y": 13.0819708, "x": 80.2686625, "highway": null, "street_count": 3 }, "geometry": { "type": "Point", "coordinates": [ 80.2686625, 13.0819708 ] } },
{ "type": "Feature", "properties": { "osmid": 333204235, "y": 13.0807851, "x": 80.2685741, "highway": null, "street_count": 3 }, "geometry": { "type": "Point", "coordinates": [ 80.2685741, 13.0807851 ] } },
{ "type": "Feature", "properties": { "osmid": 333204238, "y": 13.0824865, "x": 80.2682156, "highway": null, "street_count": 3 }, "geometry": { "type": "Point", "coordinates": [ 80.2682156, 13.0824865 ] } },
{ "type": "Feature", "properties": { "osmid": 333204244, "y": 13.0837329, "x": 80.268175, "highway": null, "street_count": 3 }, "geometry": { "type": "Point", "coordinates": [ 80.268175, 13.0837329 ] } },
{ "type": "Feature", "properties": { "osmid": 333204248, "y": 13.0843339, "x": 80.2681945, "highway": null, "street_count": 3 }, "geometry": { "type": "Point", "coordinates": [ 80.2681945, 13.0843339 ] } },
{ "type": "Feature", "properties": { "osmid": 333204272, "y": 13.0834902, "x": 80.2677709, "highway": null, "street_count": 3 }, "geometry": { "type": "Point", "coordinates": [ 80.2677709, 13.0834902 ] } },
{ "type": "Feature", "properties": { "osmid": 333204279, "y": 13.0834632, "x": 80.2667873, "highway": null, "street_count": 3 }, "geometry": { "type": "Point", "coordinates": [ 80.2667873, 13.0834632 ] } },
{ "type": "Feature", "properties": { "osmid": 333204285, "y": 13.0843191, "x": 80.2660837, "highway": null, "street_count": 3 }, "geometry": { "type": "Point", "coordinates": [ 80.2660837, 13.0843191 ] } },
{ "type": "Feature", "properties": { "osmid": 333204287, "y": 13.0844824, "x": 80.2651516, "highway": null, "street_count": 1 }, "geometry": { "type": "Point", "coordinates": [ 80.2651516, 13.0844824 ] } },
{ "type": "Feature", "properties": { "osmid": 333204293, "y": 13.0840657, "x": 80.2660832, "highway": null, "street_count": 3 }, "geometry": { "type": "Point", "coordinates": [ 80.2660832, 13.0840657 ] } },
{ "type": "Feature", "properties": { "osmid": 333204298, "y": 13.0841673, "x": 80.2651378, "highway": null, "street_count": 1 }, "geometry": { "type": "Point", "coordinates": [ 80.2651378, 13.0841673 ] } },
{ "type": "Feature", "properties": { "osmid": 333204305, "y": 13.0837708, "x": 80.2660678, "highway": null, "street_count": 3 }, "geometry": { "type": "Point", "coordinates": [ 80.2660678, 13.0837708 ] } },
{ "type": "Feature", "properties": { "osmid": 333204311, "y": 13.0839329, "x": 80.2650407, "highway": null, "street_count": 1 }, "geometry": { "type": "Point", "coordinates": [ 80.2650407, 13.0839329 ] } },
{ "type": "Feature", "properties": { "osmid": 333204314, "y": 13.0835057, "x": 80.2660529, "highway": null, "street_count": 3 }, "geometry": { "type": "Point", "coordinates": [ 80.2660529, 13.0835057 ] } },
{ "type": "Feature", "properties": { "osmid": 333218852, "y": 13.0877013, "x": 80.2608248, "highway": null, "street_count": 4 }, "geometry": { "type": "Point", "coordinates": [ 80.2608248, 13.0877013 ] } },
{ "type": "Feature", "properties": { "osmid": 333218864, "y": 13.0872973, "x": 80.2591322, "highway": null, "street_count": 3 }, "geometry": { "type": "Point", "coordinates": [ 80.2591322, 13.0872973 ] } },
{ "type": "Feature", "properties": { "osmid": 333218877, "y": 13.0866508, "x": 80.2570229, "highway": null, "street_count": 3 }, "geometry": { "type": "Point", "coordinates": [ 80.2570229, 13.0866508 ] } },
{ "type": "Feature", "properties": { "osmid": 333218898, "y": 13.0866882, "x": 80.2606859, "highway": null, "street_count": 4 }, "geometry": { "type": "Point", "coordinates": [ 80.2606859, 13.0866882 ] } },
{ "type": "Feature", "properties": { "osmid": 333218970, "y": 13.088607, "x": 80.2635124, "highway": null, "street_count": 3 }, "geometry": { "type": "Point", "coordinates": [ 80.2635124, 13.088607 ] } },
{ "type": "Feature", "properties": { "osmid": 333218976, "y": 13.0884061, "x": 80.2633917, "highway": null, "street_count": 4 }, "geometry": { "type": "Point", "coordinates": [ 80.2633917, 13.0884061 ] } },
{ "type": "Feature", "properties": { "osmid": 333219007, "y": 13.0839393, "x": 80.2570431, "highway": null, "street_count": 3 }, "geometry": { "type": "Point", "coordinates": [ 80.2570431, 13.0839393 ] } },
{ "type": "Feature", "properties": { "osmid": 333219030, "y": 13.0866301, "x": 80.2572953, "highway": null, "street_count": 3 }, "geometry": { "type": "Point", "coordinates": [ 80.2572953, 13.0866301 ] } },
{ "type": "Feature", "properties": { "osmid": 333219035, "y": 13.0841476, "x": 80.2579585, "highway": null, "street_count": 3 }, "geometry": { "type": "Point", "coordinates": [ 80.2579585, 13.0841476 ] } },
{ "type": "Feature", "properties": { "osmid": 333226194, "y": 13.0950191, "x": 80.2572225, "highway": null, "street_count": 4 }, "geometry": { "type": "Point", "coordinates": [ 80.2572225, 13.0950191 ] } },
{ "type": "Feature", "properties": { "osmid": 344454337, "y": 13.0959882, "x": 80.2570092, "highway": null, "street_count": 3 }, "geometry": { "type": "Point", "coordinates": [ 80.2570092, 13.0959882 ] } },
{ "type": "Feature", "properties": { "osmid": 344454376, "y": 13.0945425, "x": 80.2573384, "highway": null, "street_count": 3 }, "geometry": { "type": "Point", "coordinates": [ 80.2573384, 13.0945425 ] } },
{ "type": "Feature", "properties": { "osmid": 344454379, "y": 13.0942404, "x": 80.2573897, "highway": null, "street_count": 3 }, "geometry": { "type": "Point", "coordinates": [ 80.2573897, 13.0942404 ] } },
{ "type": "Feature", "properties": { "osmid": 344454395, "y": 13.0948355, "x": 80.2572828, "highway": null, "street_count": 3 }, "geometry": { "type": "Point", "coordinates": [ 80.2572828, 13.0948355 ] } },
{ "type": "Feature", "properties": { "osmid": 344454399, "y": 13.0960554, "x": 80.257869, "highway": null, "street_count": 3 }, "geometry": { "type": "Point", "coordinates": [ 80.257869, 13.0960554 ] } },
{ "type": "Feature", "properties": { "osmid": 344454407, "y": 13.0949989, "x": 80.258217, "highway": null, "street_count": 3 }, "geometry": { "type": "Point", "coordinates": [ 80.258217, 13.0949989 ] } },
{ "type": "Feature", "properties": { "osmid": 344454425, "y": 13.0960177, "x": 80.2573417, "highway": null, "street_count": 3 }, "geometry": { "type": "Point", "coordinates": [ 80.2573417, 13.0960177 ] } },
{ "type": "Feature", "properties": { "osmid": 344454433, "y": 13.095627, "x": 80.2583104, "highway": null, "street_count": 4 }, "geometry": { "type": "Point", "coordinates": [ 80.2583104, 13.095627 ] } },
{ "type": "Feature", "properties": { "osmid": 344454437, "y": 13.0955339, "x": 80.2589857, "highway": null, "street_count": 3 }, "geometry": { "type": "Point", "coordinates": [ 80.2589857, 13.0955339 ] } },
{ "type": "Feature", "properties": { "osmid": 344454442, "y": 13.0933624, "x": 80.2571455, "highway": null, "street_count": 3 }, "geometry": { "type": "Point", "coordinates": [ 80.2571455, 13.0933624 ] } },
{ "type": "Feature", "properties": { "osmid": 344454452, "y": 13.092766, "x": 80.2571723, "highway": null, "street_count": 3 }, "geometry": { "type": "Point", "coordinates": [ 80.2571723, 13.092766 ] } },
{ "type": "Feature", "properties": { "osmid": 344485899, "y": 13.0941196, "x": 80.2652892, "highway": null, "street_count": 3 }, "geometry": { "type": "Point", "coordinates": [ 80.2652892, 13.0941196 ] } },
{ "type": "Feature", "properties": { "osmid": 344485900, "y": 13.0930931, "x": 80.265216, "highway": null, "street_count": 4 }, "geometry": { "type": "Point", "coordinates": [ 80.265216, 13.0930931 ] } },
{ "type": "Feature", "properties": { "osmid": 344485901, "y": 13.0922859, "x": 80.2651649, "highway": null, "street_count": 3 }, "geometry": { "type": "Point", "coordinates": [ 80.2651649, 13.0922859 ] } },
{ "type": "Feature", "properties": { "osmid": 344485902, "y": 13.0923215, "x": 80.2647432, "highway": null, "street_count": 3 }, "geometry": { "type": "Point", "coordinates": [ 80.2647432, 13.0923215 ] } },
{ "type": "Feature", "properties": { "osmid": 344485907, "y": 13.0908592, "x": 80.2669631, "highway": null, "street_count": 3 }, "geometry": { "type": "Point", "coordinates": [ 80.2669631, 13.0908592 ] } },
{ "type": "Feature", "properties": { "osmid": 344485914, "y": 13.0908414, "x": 80.2693901, "highway": null, "street_count": 3 }, "geometry": { "type": "Point", "coordinates": [ 80.2693901, 13.0908414 ] } },
{ "type": "Feature", "properties": { "osmid": 344485918, "y": 13.0904589, "x": 80.2670321, "highway": null, "street_count": 3 }, "geometry": { "type": "Point", "coordinates": [ 80.2670321, 13.0904589 ] } },
{ "type": "Feature", "properties": { "osmid": 344485919, "y": 13.0897407, "x": 80.2670691, "highway": null, "street_count": 4 }, "geometry": { "type": "Point", "coordinates": [ 80.2670691, 13.0897407 ] } },
{ "type": "Feature", "properties": { "osmid": 344485920, "y": 13.0878165, "x": 80.2669992, "highway": null, "street_count": 3 }, "geometry": { "type": "Point", "coordinates": [ 80.2669992, 13.0878165 ] } },
{ "type": "Feature", "properties": { "osmid": 344485921, "y": 13.0878004, "x": 80.2675127, "highway": null, "street_count": 1 }, "geometry": { "type": "Point", "coordinates": [ 80.2675127, 13.0878004 ] } },
{ "type": "Feature", "properties": { "osmid": 344485922, "y": 13.0878276, "x": 80.2668499, "highway": null, "street_count": 3 }, "geometry": { "type": "Point", "coordinates": [ 80.2668499, 13.0878276 ] } },
{ "type": "Feature", "properties": { "osmid": 344485924, "y": 13.0873421, "x": 80.2668222, "highway": null, "street_count": 3 }, "geometry": { "type": "Point", "coordinates": [ 80.2668222, 13.0873421 ] } },
{ "type": "Feature", "properties": { "osmid": 344485925, "y": 13.0897833, "x": 80.2649928, "highway": null, "street_count": 3 }, "geometry": { "type": "Point", "coordinates": [ 80.2649928, 13.0897833 ] } },
{ "type": "Feature", "properties": { "osmid": 344485926, "y": 13.0897045, "x": 80.2665108, "highway": null, "street_count": 3 }, "geometry": { "type": "Point", "coordinates": [ 80.2665108, 13.0897045 ] } },
{ "type": "Feature", "properties": { "osmid": 344485930, "y": 13.092408, "x": 80.2598049, "highway": null, "street_count": 1 }, "geometry": { "type": "Point", "coordinates": [ 80.2598049, 13.092408 ] } },
{ "type": "Feature", "properties": { "osmid": 344485933, "y": 13.0920712, "x": 80.2604556, "highway": null, "street_count": 4 }, "geometry": { "type": "Point", "coordinates": [ 80.2604556, 13.0920712 ] } },
{ "type": "Feature", "properties": { "osmid": 344492574, "y": 13.0919875, "x": 80.2620866, "highway": null, "street_count": 3 }, "geometry": { "type": "Point", "coordinates": [ 80.2620866, 13.0919875 ] } },
{ "type": "Feature", "properties": { "osmid": 344492596, "y": 13.0923093, "x": 80.2623613, "highway": null, "street_count": 3 }, "geometry": { "type": "Point", "coordinates": [ 80.2623613, 13.0923093 ] } },
{ "type": "Feature", "properties": { "osmid": 344492605, "y": 13.0934578, "x": 80.2622894, "highway": null, "street_count": 3 }, "geometry": { "type": "Point", "coordinates": [ 80.2622894, 13.0934578 ] } },
{ "type": "Feature", "properties": { "osmid": 344492627, "y": 13.0923405, "x": 80.2620245, "highway": null, "street_count": 3 }, "geometry": { "type": "Point", "coordinates": [ 80.2620245, 13.0923405 ] } },
{ "type": "Feature", "properties": { "osmid": 344492650, "y": 13.0934651, "x": 80.2620169, "highway": null, "street_count": 3 }, "geometry": { "type": "Point", "coordinates": [ 80.2620169, 13.0934651 ] } },
{ "type": "Feature", "properties": { "osmid": 344492660, "y": 13.0923518, "x": 80.2617449, "highway": null, "street_count": 3 }, "geometry": { "type": "Point", "coordinates": [ 80.2617449, 13.0923518 ] } },
{ "type": "Feature", "properties": { "osmid": 344492678, "y": 13.0923649, "x": 80.2612823, "highway": null, "street_count": 3 }, "geometry": { "type": "Point", "coordinates": [ 80.2612823, 13.0923649 ] } },
{ "type": "Feature", "properties": { "osmid": 344492699, "y": 13.0934749, "x": 80.2615203, "highway": null, "street_count": 3 }, "geometry": { "type": "Point", "coordinates": [ 80.2615203, 13.0934749 ] } },
{ "type": "Feature", "properties": { "osmid": 344492736, "y": 13.0945982, "x": 80.2626534, "highway": null, "street_count": 3 }, "geometry": { "type": "Point", "coordinates": [ 80.2626534, 13.0945982 ] } },
{ "type": "Feature", "properties": { "osmid": 344492738, "y": 13.0943566, "x": 80.2589084, "highway": null, "street_count": 3 }, "geometry": { "type": "Point", "coordinates": [ 80.2589084, 13.0943566 ] } },
{ "type": "Feature", "properties": { "osmid": 344492739, "y": 13.093212, "x": 80.2639937, "highway": null, "street_count": 3 }, "geometry": { "type": "Point", "coordinates": [ 80.2639937, 13.093212 ] } },
{ "type": "Feature", "properties": { "osmid": 344492740, "y": 13.0934969, "x": 80.263167, "highway": null, "street_count": 3 }, "geometry": { "type": "Point", "coordinates": [ 80.263167, 13.0934969 ] } },
{ "type": "Feature", "properties": { "osmid": 344492741, "y": 13.0947013, "x": 80.2627485, "highway": null, "street_count": 3 }, "geometry": { "type": "Point", "coordinates": [ 80.2627485, 13.0947013 ] } },
{ "type": "Feature", "properties": { "osmid": 344492745, "y": 13.0956909, "x": 80.2629573, "highway": null, "street_count": 3 }, "geometry": { "type": "Point", "coordinates": [ 80.2629573, 13.0956909 ] } },
{ "type": "Feature", "properties": { "osmid": 344492750, "y": 13.0957443, "x": 80.2613285, "highway": null, "street_count": 3 }, "geometry": { "type": "Point", "coordinates": [ 80.2613285, 13.0957443 ] } },
{ "type": "Feature", "properties": { "osmid": 344492751, "y": 13.0956536, "x": 80.261794, "highway": null, "street_count": 3 }, "geometry": { "type": "Point", "coordinates": [ 80.261794, 13.0956536 ] } },
{ "type": "Feature", "properties": { "osmid": 344506120, "y": 13.0946775, "x": 80.2636048, "highway": null, "street_count": 3 }, "geometry": { "type": "Point", "coordinates": [ 80.2636048, 13.0946775 ] } },
{ "type": "Feature", "properties": { "osmid": 344506123, "y": 13.0942248, "x": 80.264601, "highway": null, "street_count": 3 }, "geometry": { "type": "Point", "coordinates": [ 80.264601, 13.0942248 ] } },
{ "type": "Feature", "properties": { "osmid": 344506124, "y": 13.0941904, "x": 80.2640665, "highway": null, "street_count": 3 }, "geometry": { "type": "Point", "coordinates": [ 80.2640665, 13.0941904 ] } },
{ "type": "Feature", "properties": { "osmid": 344506125, "y": 13.0934492, "x": 80.2645953, "highway": null, "street_count": 3 }, "geometry": { "type": "Point", "coordinates": [ 80.2645953, 13.0934492 ] } },
{ "type": "Feature", "properties": { "osmid": 344506132, "y": 13.0931505, "x": 80.2645754, "highway": null, "street_count": 3 }, "geometry": { "type": "Point", "coordinates": [ 80.2645754, 13.0931505 ] } },
{ "type": "Feature", "properties": { "osmid": 344506138, "y": 13.0936771, "x": 80.264179, "highway": null, "street_count": 3 }, "geometry": { "type": "Point", "coordinates": [ 80.264179, 13.0936771 ] } },
{ "type": "Feature", "properties": { "osmid": 367869131, "y": 13.0696001, "x": 80.2722055, "highway": null, "street_count": 3 }, "geometry": { "type": "Point", "coordinates": [ 80.2722055, 13.0696001 ] } },
{ "type": "Feature", "properties": { "osmid": 367869310, "y": 13.0704135, "x": 80.2712176, "highway": null, "street_count": 3 }, "geometry": { "type": "Point", "coordinates": [ 80.2712176, 13.0704135 ] } },
{ "type": "Feature", "properties": { "osmid": 367869383, "y": 13.0705608, "x": 80.2708648, "highway": null, "street_count": 3 }, "geometry": { "type": "Point", "coordinates": [ 80.2708648, 13.0705608 ] } },
{ "type": "Feature", "properties": { "osmid": 367869387, "y": 13.0706103, "x": 80.2704607, "highway": null, "street_count": 3 }, "geometry": { "type": "Point", "coordinates": [ 80.2704607, 13.0706103 ] } },
{ "type": "Feature", "properties": { "osmid": 367869636, "y": 13.0708969, "x": 80.2714881, "highway": null, "street_count": 3 }, "geometry": { "type": "Point", "coordinates": [ 80.2714881, 13.0708969 ] } },
{ "type": "Feature", "properties": { "osmid": 367869639, "y": 13.0711894, "x": 80.2715468, "highway": null, "street_count": 3 }, "geometry": { "type": "Point", "coordinates": [ 80.2715468, 13.0711894 ] } },
{ "type": "Feature", "properties": { "osmid": 369875180, "y": 13.0813668, "x": 80.2585671, "highway": null, "street_count": 3 }, "geometry": { "type": "Point", "coordinates": [ 80.2585671, 13.0813668 ] } },
{ "type": "Feature", "properties": { "osmid": 600643472, "y": 13.0838094, "x": 80.2778676, "highway": null, "street_count": 1 }, "geometry": { "type": "Point", "coordinates": [ 80.2778676, 13.0838094 ] } },
{ "type": "Feature", "properties": { "osmid": 600643473, "y": 13.0840791, "x": 80.2778981, "highway": null, "street_count": 3 }, "geometry": { "type": "Point", "coordinates": [ 80.2778981, 13.0840791 ] } },
{ "type": "Feature", "properties": { "osmid": 600643484, "y": 13.0869757, "x": 80.2767576, "highway": null, "street_count": 3 }, "geometry": { "type": "Point", "coordinates": [ 80.2767576, 13.0869757 ] } },
{ "type": "Feature", "properties": { "osmid": 600643487, "y": 13.0864702, "x": 80.2766869, "highway": null, "street_count": 3 }, "geometry": { "type": "Point", "coordinates": [ 80.2766869, 13.0864702 ] } },
{ "type": "Feature", "properties": { "osmid": 600643488, "y": 13.0927229, "x": 80.2755401, "highway": null, "street_count": 3 }, "geometry": { "type": "Point", "coordinates": [ 80.2755401, 13.0927229 ] } },
{ "type": "Feature", "properties": { "osmid": 600643489, "y": 13.0927346, "x": 80.2759539, "highway": null, "street_count": 3 }, "geometry": { "type": "Point", "coordinates": [ 80.2759539, 13.0927346 ] } },
{ "type": "Feature", "properties": { "osmid": 600643490, "y": 13.093539, "x": 80.2757415, "highway": null, "street_count": 3 }, "geometry": { "type": "Point", "coordinates": [ 80.2757415, 13.093539 ] } },
{ "type": "Feature", "properties": { "osmid": 600643518, "y": 13.0893102, "x": 80.2839822, "highway": null, "street_count": 3 }, "geometry": { "type": "Point", "coordinates": [ 80.2839822, 13.0893102 ] } },
{ "type": "Feature", "properties": { "osmid": 600643520, "y": 13.0893968, "x": 80.2835602, "highway": null, "street_count": 3 }, "geometry": { "type": "Point", "coordinates": [ 80.2835602, 13.0893968 ] } },
{ "type": "Feature", "properties": { "osmid": 603480712, "y": 13.0953724, "x": 80.275937, "highway": null, "street_count": 3 }, "geometry": { "type": "Point", "coordinates": [ 80.275937, 13.0953724 ] } },
{ "type": "Feature", "properties": { "osmid": 603480713, "y": 13.0955816, "x": 80.2759818, "highway": null, "street_count": 4 }, "geometry": { "type": "Point", "coordinates": [ 80.2759818, 13.0955816 ] } },
{ "type": "Feature", "properties": { "osmid": 603480716, "y": 13.0934365, "x": 80.2782925, "highway": null, "street_count": 3 }, "geometry": { "type": "Point", "coordinates": [ 80.2782925, 13.0934365 ] } },
{ "type": "Feature", "properties": { "osmid": 603480737, "y": 13.0960412, "x": 80.2760791, "highway": null, "street_count": 3 }, "geometry": { "type": "Point", "coordinates": [ 80.2760791, 13.0960412 ] } },
{ "type": "Feature", "properties": { "osmid": 603480739, "y": 13.0958049, "x": 80.2760291, "highway": null, "street_count": 4 }, "geometry": { "type": "Point", "coordinates": [ 80.2760291, 13.0958049 ] } },
{ "type": "Feature", "properties": { "osmid": 603499105, "y": 13.0939066, "x": 80.2827821, "highway": null, "street_count": 3 }, "geometry": { "type": "Point", "coordinates": [ 80.2827821, 13.0939066 ] } },
{ "type": "Feature", "properties": { "osmid": 603499106, "y": 13.0931928, "x": 80.283084, "highway": null, "street_count": 1 }, "geometry": { "type": "Point", "coordinates": [ 80.283084, 13.0931928 ] } },
{ "type": "Feature", "properties": { "osmid": 610410356, "y": 13.0855168, "x": 80.2651037, "highway": null, "street_count": 3 }, "geometry": { "type": "Point", "coordinates": [ 80.2651037, 13.0855168 ] } },
{ "type": "Feature", "properties": { "osmid": 610410359, "y": 13.0855212, "x": 80.2643375, "highway": null, "street_count": 3 }, "geometry": { "type": "Point", "coordinates": [ 80.2643375, 13.0855212 ] } },
{ "type": "Feature", "properties": { "osmid": 610410364, "y": 13.0867712, "x": 80.2658782, "highway": null, "street_count": 3 }, "geometry": { "type": "Point", "coordinates": [ 80.2658782, 13.0867712 ] } },
{ "type": "Feature", "properties": { "osmid": 610410366, "y": 13.0864101, "x": 80.26551, "highway": null, "street_count": 1 }, "geometry": { "type": "Point", "coordinates": [ 80.26551, 13.0864101 ] } },
{ "type": "Feature", "properties": { "osmid": 610410368, "y": 13.0864372, "x": 80.2648644, "highway": null, "street_count": 1 }, "geometry": { "type": "Point", "coordinates": [ 80.2648644, 13.0864372 ] } },
{ "type": "Feature", "properties": { "osmid": 610410404, "y": 13.0909274, "x": 80.2628199, "highway": null, "street_count": 3 }, "geometry": { "type": "Point", "coordinates": [ 80.2628199, 13.0909274 ] } },
{ "type": "Feature", "properties": { "osmid": 610410408, "y": 13.0918568, "x": 80.2643129, "highway": null, "street_count": 3 }, "geometry": { "type": "Point", "coordinates": [ 80.2643129, 13.0918568 ] } },
{ "type": "Feature", "properties": { "osmid": 610410419, "y": 13.0945339, "x": 80.2657974, "highway": null, "street_count": 1 }, "geometry": { "type": "Point", "coordinates": [ 80.2657974, 13.0945339 ] } },
{ "type": "Feature", "properties": { "osmid": 610410421, "y": 13.0952746, "x": 80.2656825, "highway": null, "street_count": 3 }, "geometry": { "type": "Point", "coordinates": [ 80.2656825, 13.0952746 ] } },
{ "type": "Feature", "properties": { "osmid": 610410431, "y": 13.0832825, "x": 80.267429, "highway": null, "street_count": 3 }, "geometry": { "type": "Point", "coordinates": [ 80.267429, 13.0832825 ] } },
{ "type": "Feature", "properties": { "osmid": 610410432, "y": 13.0829199, "x": 80.2674259, "highway": null, "street_count": 3 }, "geometry": { "type": "Point", "coordinates": [ 80.2674259, 13.0829199 ] } },
{ "type": "Feature", "properties": { "osmid": 610410435, "y": 13.0832918, "x": 80.2668072, "highway": null, "street_count": 3 }, "geometry": { "type": "Point", "coordinates": [ 80.2668072, 13.0832918 ] } },
{ "type": "Feature", "properties": { "osmid": 610410438, "y": 13.0832927, "x": 80.2677903, "highway": null, "street_count": 3 }, "geometry": { "type": "Point", "coordinates": [ 80.2677903, 13.0832927 ] } },
{ "type": "Feature", "properties": { "osmid": 610410456, "y": 13.0836417, "x": 80.2677576, "highway": null, "street_count": 3 }, "geometry": { "type": "Point", "coordinates": [ 80.2677576, 13.0836417 ] } },
{ "type": "Feature", "properties": { "osmid": 610410462, "y": 13.0836203, "x": 80.2667857, "highway": null, "street_count": 3 }, "geometry": { "type": "Point", "coordinates": [ 80.2667857, 13.0836203 ] } },
{ "type": "Feature", "properties": { "osmid": 610410466, "y": 13.0837568, "x": 80.2667777, "highway": null, "street_count": 4 }, "geometry": { "type": "Point", "coordinates": [ 80.2667777, 13.0837568 ] } },
{ "type": "Feature", "properties": { "osmid": 610410483, "y": 13.0853005, "x": 80.2699852, "highway": null, "street_count": 1 }, "geometry": { "type": "Point", "coordinates": [ 80.2699852, 13.0853005 ] } },
{ "type": "Feature", "properties": { "osmid": 610410485, "y": 13.0853751, "x": 80.27005, "highway": null, "street_count": 1 }, "geometry": { "type": "Point", "coordinates": [ 80.27005, 13.0853751 ] } },
{ "type": "Feature", "properties": { "osmid": 610410489, "y": 13.0850537, "x": 80.27031, "highway": null, "street_count": 3 }, "geometry": { "type": "Point", "coordinates": [ 80.27031, 13.0850537 ] } },
{ "type": "Feature", "properties": { "osmid": 610410506, "y": 13.0883695, "x": 80.2670293, "highway": null, "street_count": 3 }, "geometry": { "type": "Point", "coordinates": [ 80.2670293, 13.0883695 ] } },
{ "type": "Feature", "properties": { "osmid": 610410526, "y": 13.0894751, "x": 80.269854, "highway": null, "street_count": 3 }, "geometry": { "type": "Point", "coordinates": [ 80.269854, 13.0894751 ] } },
{ "type": "Feature", "properties": { "osmid": 610410566, "y": 13.0906087, "x": 80.2688987, "highway": null, "street_count": 3 }, "geometry": { "type": "Point", "coordinates": [ 80.2688987, 13.0906087 ] } },
{ "type": "Feature", "properties": { "osmid": 610410570, "y": 13.0907884, "x": 80.2694012, "highway": null, "street_count": 3 }, "geometry": { "type": "Point", "coordinates": [ 80.2694012, 13.0907884 ] } },
{ "type": "Feature", "properties": { "osmid": 610410576, "y": 13.0914587, "x": 80.2693809, "highway": null, "street_count": 3 }, "geometry": { "type": "Point", "coordinates": [ 80.2693809, 13.0914587 ] } },
{ "type": "Feature", "properties": { "osmid": 610900254, "y": 13.0886905, "x": 80.2590618, "highway": null, "street_count": 3 }, "geometry": { "type": "Point", "coordinates": [ 80.2590618, 13.0886905 ] } },
{ "type": "Feature", "properties": { "osmid": 610900256, "y": 13.0897304, "x": 80.2603032, "highway": null, "street_count": 3 }, "geometry": { "type": "Point", "coordinates": [ 80.2603032, 13.0897304 ] } },
{ "type": "Feature", "properties": { "osmid": 610900258, "y": 13.0897326, "x": 80.2604644, "highway": null, "street_count": 3 }, "geometry": { "type": "Point", "coordinates": [ 80.2604644, 13.0897326 ] } },
{ "type": "Feature", "properties": { "osmid": 610900264, "y": 13.0897469, "x": 80.2600238, "highway": null, "street_count": 3 }, "geometry": { "type": "Point", "coordinates": [ 80.2600238, 13.0897469 ] } },
{ "type": "Feature", "properties": { "osmid": 610900267, "y": 13.087726, "x": 80.2607365, "highway": null, "street_count": 3 }, "geometry": { "type": "Point", "coordinates": [ 80.2607365, 13.087726 ] } },
{ "type": "Feature", "properties": { "osmid": 610900268, "y": 13.0879403, "x": 80.2617819, "highway": null, "street_count": 3 }, "geometry": { "type": "Point", "coordinates": [ 80.2617819, 13.0879403 ] } },
{ "type": "Feature", "properties": { "osmid": 610900271, "y": 13.0886599, "x": 80.2614635, "highway": null, "street_count": 1 }, "geometry": { "type": "Point", "coordinates": [ 80.2614635, 13.0886599 ] } },
{ "type": "Feature", "properties": { "osmid": 610900283, "y": 13.0896724, "x": 80.2618445, "highway": null, "street_count": 3 }, "geometry": { "type": "Point", "coordinates": [ 80.2618445, 13.0896724 ] } },
{ "type": "Feature", "properties": { "osmid": 610900286, "y": 13.088932, "x": 80.2620953, "highway": null, "street_count": 1 }, "geometry": { "type": "Point", "coordinates": [ 80.2620953, 13.088932 ] } },
{ "type": "Feature", "properties": { "osmid": 610900293, "y": 13.0896948, "x": 80.2614204, "highway": null, "street_count": 3 }, "geometry": { "type": "Point", "coordinates": [ 80.2614204, 13.0896948 ] } },
{ "type": "Feature", "properties": { "osmid": 610900301, "y": 13.0904662, "x": 80.2603291, "highway": null, "street_count": 3 }, "geometry": { "type": "Point", "coordinates": [ 80.2603291, 13.0904662 ] } },
{ "type": "Feature", "properties": { "osmid": 610963141, "y": 13.0885303, "x": 80.2570178, "highway": null, "street_count": 3 }, "geometry": { "type": "Point", "coordinates": [ 80.2570178, 13.0885303 ] } },
{ "type": "Feature", "properties": { "osmid": 610963161, "y": 13.092867, "x": 80.2605546, "highway": null, "street_count": 1 }, "geometry": { "type": "Point", "coordinates": [ 80.2605546, 13.092867 ] } },
{ "type": "Feature", "properties": { "osmid": 610963174, "y": 13.094203, "x": 80.2599942, "highway": null, "street_count": 3 }, "geometry": { "type": "Point", "coordinates": [ 80.2599942, 13.094203 ] } },
{ "type": "Feature", "properties": { "osmid": 610963177, "y": 13.0939514, "x": 80.2599964, "highway": null, "street_count": 4 }, "geometry": { "type": "Point", "coordinates": [ 80.2599964, 13.0939514 ] } },
{ "type": "Feature", "properties": { "osmid": 610963179, "y": 13.0943568, "x": 80.2591876, "highway": null, "street_count": 3 }, "geometry": { "type": "Point", "coordinates": [ 80.2591876, 13.0943568 ] } },
{ "type": "Feature", "properties": { "osmid": 610963180, "y": 13.0944378, "x": 80.2600416, "highway": null, "street_count": 3 }, "geometry": { "type": "Point", "coordinates": [ 80.2600416, 13.0944378 ] } },
{ "type": "Feature", "properties": { "osmid": 610963186, "y": 13.0928299, "x": 80.2609206, "highway": null, "street_count": 1 }, "geometry": { "type": "Point", "coordinates": [ 80.2609206, 13.0928299 ] } },
{ "type": "Feature", "properties": { "osmid": 610963187, "y": 13.0908501, "x": 80.2635644, "highway": null, "street_count": 4 }, "geometry": { "type": "Point", "coordinates": [ 80.2635644, 13.0908501 ] } },
{ "type": "Feature", "properties": { "osmid": 610963194, "y": 13.0934739, "x": 80.260616, "highway": null, "street_count": 3 }, "geometry": { "type": "Point", "coordinates": [ 80.260616, 13.0934739 ] } },
{ "type": "Feature", "properties": { "osmid": 610963198, "y": 13.0942781, "x": 80.2617149, "highway": null, "street_count": 1 }, "geometry": { "type": "Point", "coordinates": [ 80.2617149, 13.0942781 ] } },
{ "type": "Feature", "properties": { "osmid": 610963199, "y": 13.0940503, "x": 80.2617724, "highway": null, "street_count": 1 }, "geometry": { "type": "Point", "coordinates": [ 80.2617724, 13.0940503 ] } },
{ "type": "Feature", "properties": { "osmid": 610963200, "y": 13.0940008, "x": 80.2610188, "highway": null, "street_count": 4 }, "geometry": { "type": "Point", "coordinates": [ 80.2610188, 13.0940008 ] } },
{ "type": "Feature", "properties": { "osmid": 610963201, "y": 13.0942472, "x": 80.2610135, "highway": null, "street_count": 4 }, "geometry": { "type": "Point", "coordinates": [ 80.2610135, 13.0942472 ] } },
{ "type": "Feature", "properties": { "osmid": 610963202, "y": 13.0944897, "x": 80.2610002, "highway": null, "street_count": 3 }, "geometry": { "type": "Point", "coordinates": [ 80.2610002, 13.0944897 ] } },
{ "type": "Feature", "properties": { "osmid": 663690621, "y": 13.0717678, "x": 80.2747146, "highway": null, "street_count": 3 }, "geometry": { "type": "Point", "coordinates": [ 80.2747146, 13.0717678 ] } },
{ "type": "Feature", "properties": { "osmid": 966544148, "y": 13.0816211, "x": 80.2751566, "highway": "traffic_signals", "street_count": 4 }, "geometry": { "type": "Point", "coordinates": [ 80.2751566, 13.0816211 ] } },
{ "type": "Feature", "properties": { "osmid": 966544184, "y": 13.0737086, "x": 80.2764266, "highway": "traffic_signals", "street_count": 4 }, "geometry": { "type": "Point", "coordinates": [ 80.2764266, 13.0737086 ] } },
{ "type": "Feature", "properties": { "osmid": 1279325400, "y": 13.0770125, "x": 80.2723448, "highway": null, "street_count": 3 }, "geometry": { "type": "Point", "coordinates": [ 80.2723448, 13.0770125 ] } },
{ "type": "Feature", "properties": { "osmid": 1279325402, "y": 13.077053, "x": 80.2717539, "highway": null, "street_count": 3 }, "geometry": { "type": "Point", "coordinates": [ 80.2717539, 13.077053 ] } },
{ "type": "Feature", "properties": { "osmid": 1280328277, "y": 13.0720883, "x": 80.2641562, "highway": null, "street_count": 3 }, "geometry": { "type": "Point", "coordinates": [ 80.2641562, 13.0720883 ] } },
{ "type": "Feature", "properties": { "osmid": 1280328280, "y": 13.0716234, "x": 80.2640162, "highway": null, "street_count": 3 }, "geometry": { "type": "Point", "coordinates": [ 80.2640162, 13.0716234 ] } },
{ "type": "Feature", "properties": { "osmid": 1280328281, "y": 13.0715858, "x": 80.2646192, "highway": null, "street_count": 3 }, "geometry": { "type": "Point", "coordinates": [ 80.2646192, 13.0715858 ] } },
{ "type": "Feature", "properties": { "osmid": 2172865434, "y": 13.0949238, "x": 80.2626198, "highway": null, "street_count": 3 }, "geometry": { "type": "Point", "coordinates": [ 80.2626198, 13.0949238 ] } },
{ "type": "Feature", "properties": { "osmid": 2172865442, "y": 13.0953453, "x": 80.2647968, "highway": null, "street_count": 3 }, "geometry": { "type": "Point", "coordinates": [ 80.2647968, 13.0953453 ] } },
{ "type": "Feature", "properties": { "osmid": 2172865446, "y": 13.0955023, "x": 80.2652455, "highway": null, "street_count": 3 }, "geometry": { "type": "Point", "coordinates": [ 80.2652455, 13.0955023 ] } },
{ "type": "Feature", "properties": { "osmid": 2172865447, "y": 13.095575, "x": 80.2625419, "highway": null, "street_count": 3 }, "geometry": { "type": "Point", "coordinates": [ 80.2625419, 13.095575 ] } },
{ "type": "Feature", "properties": { "osmid": 2172865450, "y": 13.0956412, "x": 80.2630804, "highway": null, "street_count": 3 }, "geometry": { "type": "Point", "coordinates": [ 80.2630804, 13.0956412 ] } },
{ "type": "Feature", "properties": { "osmid": 2172865452, "y": 13.096082, "x": 80.2659112, "highway": null, "street_count": 3 }, "geometry": { "type": "Point", "coordinates": [ 80.2659112, 13.096082 ] } },
{ "type": "Feature", "properties": { "osmid": 2177107373, "y": 13.0834885, "x": 80.257281, "highway": null, "street_count": 1 }, "geometry": { "type": "Point", "coordinates": [ 80.257281, 13.0834885 ] } },
{ "type": "Feature", "properties": { "osmid": 2177107374, "y": 13.0836782, "x": 80.2586214, "highway": null, "street_count": 3 }, "geometry": { "type": "Point", "coordinates": [ 80.2586214, 13.0836782 ] } },
{ "type": "Feature", "properties": { "osmid": 2177107375, "y": 13.0842508, "x": 80.2660801, "highway": null, "street_count": 3 }, "geometry": { "type": "Point", "coordinates": [ 80.2660801, 13.0842508 ] } },
{ "type": "Feature", "properties": { "osmid": 2177107376, "y": 13.0842516, "x": 80.2667872, "highway": null, "street_count": 3 }, "geometry": { "type": "Point", "coordinates": [ 80.2667872, 13.0842516 ] } },
{ "type": "Feature", "properties": { "osmid": 2197639788, "y": 13.0732338, "x": 80.2613167, "highway": null, "street_count": 3 }, "geometry": { "type": "Point", "coordinates": [ 80.2613167, 13.0732338 ] } },
{ "type": "Feature", "properties": { "osmid": 2197639805, "y": 13.0733602, "x": 80.2608338, "highway": null, "street_count": 3 }, "geometry": { "type": "Point", "coordinates": [ 80.2608338, 13.0733602 ] } },
{ "type": "Feature", "properties": { "osmid": 2197639829, "y": 13.0736463, "x": 80.2614882, "highway": null, "street_count": 3 }, "geometry": { "type": "Point", "coordinates": [ 80.2614882, 13.0736463 ] } },
{ "type": "Feature", "properties": { "osmid": 2197639859, "y": 13.07472, "x": 80.2627689, "highway": null, "street_count": 4 }, "geometry": { "type": "Point", "coordinates": [ 80.2627689, 13.07472 ] } },
{ "type": "Feature", "properties": { "osmid": 2197639884, "y": 13.0757524, "x": 80.2643132, "highway": null, "street_count": 3 }, "geometry": { "type": "Point", "coordinates": [ 80.2643132, 13.0757524 ] } },
{ "type": "Feature", "properties": { "osmid": 2197640015, "y": 13.0757868, "x": 80.2642474, "highway": null, "street_count": 4 }, "geometry": { "type": "Point", "coordinates": [ 80.2642474, 13.0757868 ] } },
{ "type": "Feature", "properties": { "osmid": 2197640122, "y": 13.0781006, "x": 80.2633186, "highway": null, "street_count": 3 }, "geometry": { "type": "Point", "coordinates": [ 80.2633186, 13.0781006 ] } },
{ "type": "Feature", "properties": { "osmid": 2197640142, "y": 13.0782162, "x": 80.2632549, "highway": null, "street_count": 3 }, "geometry": { "type": "Point", "coordinates": [ 80.2632549, 13.0782162 ] } },
{ "type": "Feature", "properties": { "osmid": 2197652485, "y": 13.0806787, "x": 80.2651321, "highway": null, "street_count": 4 }, "geometry": { "type": "Point", "coordinates": [ 80.2651321, 13.0806787 ] } },
{ "type": "Feature", "properties": { "osmid": 2197652486, "y": 13.0806923, "x": 80.2652332, "highway": null, "street_count": 4 }, "geometry": { "type": "Point", "coordinates": [ 80.2652332, 13.0806923 ] } },
{ "type": "Feature", "properties": { "osmid": 2198125457, "y": 13.0712098, "x": 80.2602486, "highway": null, "street_count": 1 }, "geometry": { "type": "Point", "coordinates": [ 80.2602486, 13.0712098 ] } },
{ "type": "Feature", "properties": { "osmid": 2198125458, "y": 13.072033, "x": 80.2595931, "highway": null, "street_count": 3 }, "geometry": { "type": "Point", "coordinates": [ 80.2595931, 13.072033 ] } },
{ "type": "Feature", "properties": { "osmid": 2213431528, "y": 13.0791344, "x": 80.2569891, "highway": null, "street_count": 3 }, "geometry": { "type": "Point", "coordinates": [ 80.2569891, 13.0791344 ] } },
{ "type": "Feature", "properties": { "osmid": 2214510019, "y": 13.0827296, "x": 80.2729249, "highway": null, "street_count": 3 }, "geometry": { "type": "Point", "coordinates": [ 80.2729249, 13.0827296 ] } },
{ "type": "Feature", "properties": { "osmid": 2214510076, "y": 13.0828506, "x": 80.272898, "highway": null, "street_count": 1 }, "geometry": { "type": "Point", "coordinates": [ 80.272898, 13.0828506 ] } },
{ "type": "Feature", "properties": { "osmid": 2214510127, "y": 13.0842566, "x": 80.2705201, "highway": null, "street_count": 4 }, "geometry": { "type": "Point", "coordinates": [ 80.2705201, 13.0842566 ] } },
{ "type": "Feature", "properties": { "osmid": 2214510152, "y": 13.0843346, "x": 80.2704317, "highway": null, "street_count": 4 }, "geometry": { "type": "Point", "coordinates": [ 80.2704317, 13.0843346 ] } },
{ "type": "Feature", "properties": { "osmid": 2214510196, "y": 13.084949, "x": 80.2687002, "highway": null, "street_count": 4 }, "geometry": { "type": "Point", "coordinates": [ 80.2687002, 13.084949 ] } },
{ "type": "Feature", "properties": { "osmid": 2214510222, "y": 13.0852766, "x": 80.2667764, "highway": null, "street_count": 3 }, "geometry": { "type": "Point", "coordinates": [ 80.2667764, 13.0852766 ] } },
{ "type": "Feature", "properties": { "osmid": 2214510225, "y": 13.0854396, "x": 80.2657013, "highway": null, "street_count": 4 }, "geometry": { "type": "Point", "coordinates": [ 80.2657013, 13.0854396 ] } },
{ "type": "Feature", "properties": { "osmid": 2214510229, "y": 13.0855853, "x": 80.26435, "highway": null, "street_count": 4 }, "geometry": { "type": "Point", "coordinates": [ 80.26435, 13.0855853 ] } },
{ "type": "Feature", "properties": { "osmid": 2214510235, "y": 13.0856573, "x": 80.2629115, "highway": null, "street_count": 4 }, "geometry": { "type": "Point", "coordinates": [ 80.2629115, 13.0856573 ] } },
{ "type": "Feature", "properties": { "osmid": 2214510244, "y": 13.085728, "x": 80.2701986, "highway": null, "street_count": 3 }, "geometry": { "type": "Point", "coordinates": [ 80.2701986, 13.085728 ] } },
{ "type": "Feature", "properties": { "osmid": 2214510343, "y": 13.0866597, "x": 80.2701574, "highway": null, "street_count": 3 }, "geometry": { "type": "Point", "coordinates": [ 80.2701574, 13.0866597 ] } },
{ "type": "Feature", "properties": { "osmid": 2214510402, "y": 13.090189, "x": 80.2698823, "highway": null, "street_count": 3 }, "geometry": { "type": "Point", "coordinates": [ 80.2698823, 13.090189 ] } },
{ "type": "Feature", "properties": { "osmid": 2214510406, "y": 13.0901859, "x": 80.2699315, "highway": null, "street_count": 4 }, "geometry": { "type": "Point", "coordinates": [ 80.2699315, 13.0901859 ] } },
{ "type": "Feature", "properties": { "osmid": 2214510423, "y": 13.0906139, "x": 80.2695087, "highway": null, "street_count": 3 }, "geometry": { "type": "Point", "coordinates": [ 80.2695087, 13.0906139 ] } },
{ "type": "Feature", "properties": { "osmid": 2214510439, "y": 13.0907055, "x": 80.2695843, "highway": null, "street_count": 3 }, "geometry": { "type": "Point", "coordinates": [ 80.2695843, 13.0907055 ] } },
{ "type": "Feature", "properties": { "osmid": 2241832812, "y": 13.0718153, "x": 80.2721066, "highway": null, "street_count": 3 }, "geometry": { "type": "Point", "coordinates": [ 80.2721066, 13.0718153 ] } },
{ "type": "Feature", "properties": { "osmid": 2241832818, "y": 13.0719517, "x": 80.270842, "highway": null, "street_count": 3 }, "geometry": { "type": "Point", "coordinates": [ 80.270842, 13.0719517 ] } },
{ "type": "Feature", "properties": { "osmid": 2241832823, "y": 13.0722367, "x": 80.2709191, "highway": null, "street_count": 3 }, "geometry": { "type": "Point", "coordinates": [ 80.2709191, 13.0722367 ] } },
{ "type": "Feature", "properties": { "osmid": 2241832826, "y": 13.0725602, "x": 80.2737981, "highway": null, "street_count": 3 }, "geometry": { "type": "Point", "coordinates": [ 80.2737981, 13.0725602 ] } },
{ "type": "Feature", "properties": { "osmid": 2241832853, "y": 13.0731183, "x": 80.2712603, "highway": null, "street_count": 1 }, "geometry": { "type": "Point", "coordinates": [ 80.2712603, 13.0731183 ] } },
{ "type": "Feature", "properties": { "osmid": 2241832928, "y": 13.0738751, "x": 80.2683932, "highway": null, "street_count": 1 }, "geometry": { "type": "Point", "coordinates": [ 80.2683932, 13.0738751 ] } },
{ "type": "Feature", "properties": { "osmid": 2241832955, "y": 13.0742423, "x": 80.2715219, "highway": null, "street_count": 1 }, "geometry": { "type": "Point", "coordinates": [ 80.2715219, 13.0742423 ] } },
{ "type": "Feature", "properties": { "osmid": 2241832970, "y": 13.0742979, "x": 80.2666947, "highway": null, "street_count": 3 }, "geometry": { "type": "Point", "coordinates": [ 80.2666947, 13.0742979 ] } },
{ "type": "Feature", "properties": { "osmid": 2241832976, "y": 13.0743477, "x": 80.2668492, "highway": null, "street_count": 3 }, "geometry": { "type": "Point", "coordinates": [ 80.2668492, 13.0743477 ] } },
{ "type": "Feature", "properties": { "osmid": 2241832982, "y": 13.0745057, "x": 80.2668007, "highway": null, "street_count": 1 }, "geometry": { "type": "Point", "coordinates": [ 80.2668007, 13.0745057 ] } },
{ "type": "Feature", "properties": { "osmid": 2241833025, "y": 13.0749917, "x": 80.266815, "highway": null, "street_count": 3 }, "geometry": { "type": "Point", "coordinates": [ 80.266815, 13.0749917 ] } },
{ "type": "Feature", "properties": { "osmid": 2241833030, "y": 13.0750045, "x": 80.2664865, "highway": null, "street_count": 3 }, "geometry": { "type": "Point", "coordinates": [ 80.2664865, 13.0750045 ] } },
{ "type": "Feature", "properties": { "osmid": 2241833366, "y": 13.0761202, "x": 80.2682185, "highway": null, "street_count": 3 }, "geometry": { "type": "Point", "coordinates": [ 80.2682185, 13.0761202 ] } },
{ "type": "Feature", "properties": { "osmid": 2241833375, "y": 13.0762117, "x": 80.2678077, "highway": null, "street_count": 1 }, "geometry": { "type": "Point", "coordinates": [ 80.2678077, 13.0762117 ] } },
{ "type": "Feature", "properties": { "osmid": 2241833408, "y": 13.077115, "x": 80.276213, "highway": null, "street_count": 3 }, "geometry": { "type": "Point", "coordinates": [ 80.276213, 13.077115 ] } },
{ "type": "Feature", "properties": { "osmid": 2241833415, "y": 13.0771932, "x": 80.2723623, "highway": null, "street_count": 3 }, "geometry": { "type": "Point", "coordinates": [ 80.2723623, 13.0771932 ] } },
{ "type": "Feature", "properties": { "osmid": 2241833423, "y": 13.0772843, "x": 80.271782, "highway": null, "street_count": 3 }, "geometry": { "type": "Point", "coordinates": [ 80.271782, 13.0772843 ] } },
{ "type": "Feature", "properties": { "osmid": 2241833426, "y": 13.0778798, "x": 80.273773, "highway": null, "street_count": 1 }, "geometry": { "type": "Point", "coordinates": [ 80.273773, 13.0778798 ] } },
{ "type": "Feature", "properties": { "osmid": 2241833543, "y": 13.0781309, "x": 80.2677343, "highway": null, "street_count": 3 }, "geometry": { "type": "Point", "coordinates": [ 80.2677343, 13.0781309 ] } },
{ "type": "Feature", "properties": { "osmid": 2241833566, "y": 13.0782918, "x": 80.2694598, "highway": null, "street_count": 3 }, "geometry": { "type": "Point", "coordinates": [ 80.2694598, 13.0782918 ] } },
{ "type": "Feature", "properties": { "osmid": 2241833576, "y": 13.0783363, "x": 80.2689091, "highway": null, "street_count": 3 }, "geometry": { "type": "Point", "coordinates": [ 80.2689091, 13.0783363 ] } },
{ "type": "Feature", "properties": { "osmid": 2241833602, "y": 13.0785489, "x": 80.2751006, "highway": null, "street_count": 1 }, "geometry": { "type": "Point", "coordinates": [ 80.2751006, 13.0785489 ] } },
{ "type": "Feature", "properties": { "osmid": 2241833787, "y": 13.0784656, "x": 80.269445, "highway": null, "street_count": 3 }, "geometry": { "type": "Point", "coordinates": [ 80.269445, 13.0784656 ] } },
{ "type": "Feature", "properties": { "osmid": 2241833827, "y": 13.0785973, "x": 80.2677573, "highway": null, "street_count": 3 }, "geometry": { "type": "Point", "coordinates": [ 80.2677573, 13.0785973 ] } },
{ "type": "Feature", "properties": { "osmid": 2241833830, "y": 13.0786304, "x": 80.2680496, "highway": null, "street_count": 3 }, "geometry": { "type": "Point", "coordinates": [ 80.2680496, 13.0786304 ] } },
{ "type": "Feature", "properties": { "osmid": 2241833833, "y": 13.0786788, "x": 80.2683652, "highway": null, "street_count": 3 }, "geometry": { "type": "Point", "coordinates": [ 80.2683652, 13.0786788 ] } },
{ "type": "Feature", "properties": { "osmid": 2241833844, "y": 13.0787001, "x": 80.2689, "highway": null, "street_count": 3 }, "geometry": { "type": "Point", "coordinates": [ 80.2689, 13.0787001 ] } },
{ "type": "Feature", "properties": { "osmid": 2241833875, "y": 13.0788177, "x": 80.2677384, "highway": null, "street_count": 3 }, "geometry": { "type": "Point", "coordinates": [ 80.2677384, 13.0788177 ] } },
{ "type": "Feature", "properties": { "osmid": 2241833880, "y": 13.0789356, "x": 80.2683446, "highway": null, "street_count": 3 }, "geometry": { "type": "Point", "coordinates": [ 80.2683446, 13.0789356 ] } },
{ "type": "Feature", "properties": { "osmid": 2241833897, "y": 13.0789961, "x": 80.2749303, "highway": null, "street_count": 1 }, "geometry": { "type": "Point", "coordinates": [ 80.2749303, 13.0789961 ] } },
{ "type": "Feature", "properties": { "osmid": 2241930050, "y": 13.0697454, "x": 80.2687265, "highway": null, "street_count": 3 }, "geometry": { "type": "Point", "coordinates": [ 80.2687265, 13.0697454 ] } },
{ "type": "Feature", "properties": { "osmid": 2241930071, "y": 13.0701173, "x": 80.2646568, "highway": null, "street_count": 3 }, "geometry": { "type": "Point", "coordinates": [ 80.2646568, 13.0701173 ] } },
{ "type": "Feature", "properties": { "osmid": 2241930094, "y": 13.0703998, "x": 80.2673998, "highway": null, "street_count": 1 }, "geometry": { "type": "Point", "coordinates": [ 80.2673998, 13.0703998 ] } },
{ "type": "Feature", "properties": { "osmid": 2241930103, "y": 13.070484, "x": 80.2646794, "highway": null, "street_count": 3 }, "geometry": { "type": "Point", "coordinates": [ 80.2646794, 13.070484 ] } },
{ "type": "Feature", "properties": { "osmid": 2241930109, "y": 13.0705909, "x": 80.2670055, "highway": null, "street_count": 1 }, "geometry": { "type": "Point", "coordinates": [ 80.2670055, 13.0705909 ] } },
{ "type": "Feature", "properties": { "osmid": 2241930168, "y": 13.0707985, "x": 80.2670001, "highway": null, "street_count": 3 }, "geometry": { "type": "Point", "coordinates": [ 80.2670001, 13.0707985 ] } },
{ "type": "Feature", "properties": { "osmid": 2241930174, "y": 13.0708444, "x": 80.2673467, "highway": null, "street_count": 3 }, "geometry": { "type": "Point", "coordinates": [ 80.2673467, 13.0708444 ] } },
{ "type": "Feature", "properties": { "osmid": 2241930178, "y": 13.07088, "x": 80.2662029, "highway": null, "street_count": 3 }, "geometry": { "type": "Point", "coordinates": [ 80.2662029, 13.07088 ] } },
{ "type": "Feature", "properties": { "osmid": 2241930191, "y": 13.0711742, "x": 80.2673024, "highway": null, "street_count": 1 }, "geometry": { "type": "Point", "coordinates": [ 80.2673024, 13.0711742 ] } },
{ "type": "Feature", "properties": { "osmid": 2241930197, "y": 13.0714314, "x": 80.2716414, "highway": null, "street_count": 1 }, "geometry": { "type": "Point", "coordinates": [ 80.2716414, 13.0714314 ] } },
{ "type": "Feature", "properties": { "osmid": 2241930199, "y": 13.0714334, "x": 80.2668802, "highway": null, "street_count": 1 }, "geometry": { "type": "Point", "coordinates": [ 80.2668802, 13.0714334 ] } },
{ "type": "Feature", "properties": { "osmid": 2241930204, "y": 13.0714622, "x": 80.2665221, "highway": null, "street_count": 1 }, "geometry": { "type": "Point", "coordinates": [ 80.2665221, 13.0714622 ] } },
{ "type": "Feature", "properties": { "osmid": 2241930209, "y": 13.0714898, "x": 80.2662946, "highway": null, "street_count": 1 }, "geometry": { "type": "Point", "coordinates": [ 80.2662946, 13.0714898 ] } },
{ "type": "Feature", "properties": { "osmid": 2241930213, "y": 13.07164, "x": 80.2711603, "highway": null, "street_count": 3 }, "geometry": { "type": "Point", "coordinates": [ 80.2711603, 13.07164 ] } },
{ "type": "Feature", "properties": { "osmid": 2241930429, "y": 13.0745388, "x": 80.2651958, "highway": null, "street_count": 3 }, "geometry": { "type": "Point", "coordinates": [ 80.2651958, 13.0745388 ] } },
{ "type": "Feature", "properties": { "osmid": 2241930458, "y": 13.0751295, "x": 80.2643326, "highway": null, "street_count": 3 }, "geometry": { "type": "Point", "coordinates": [ 80.2643326, 13.0751295 ] } },
{ "type": "Feature", "properties": { "osmid": 2249215825, "y": 13.0896257, "x": 80.2715677, "highway": null, "street_count": 1 }, "geometry": { "type": "Point", "coordinates": [ 80.2715677, 13.0896257 ] } },
{ "type": "Feature", "properties": { "osmid": 2249215842, "y": 13.0908079, "x": 80.2721617, "highway": null, "street_count": 1 }, "geometry": { "type": "Point", "coordinates": [ 80.2721617, 13.0908079 ] } },
{ "type": "Feature", "properties": { "osmid": 2249215844, "y": 13.0908159, "x": 80.272051, "highway": null, "street_count": 3 }, "geometry": { "type": "Point", "coordinates": [ 80.272051, 13.0908159 ] } },
{ "type": "Feature", "properties": { "osmid": 2249215847, "y": 13.0908253, "x": 80.2712917, "highway": null, "street_count": 1 }, "geometry": { "type": "Point", "coordinates": [ 80.2712917, 13.0908253 ] } },
{ "type": "Feature", "properties": { "osmid": 2249215848, "y": 13.0908785, "x": 80.271313, "highway": null, "street_count": 3 }, "geometry": { "type": "Point", "coordinates": [ 80.271313, 13.0908785 ] } },
{ "type": "Feature", "properties": { "osmid": 2269042572, "y": 13.0886905, "x": 80.2811951, "highway": null, "street_count": 3 }, "geometry": { "type": "Point", "coordinates": [ 80.2811951, 13.0886905 ] } },
{ "type": "Feature", "properties": { "osmid": 2269042575, "y": 13.0896718, "x": 80.27728, "highway": null, "street_count": 1 }, "geometry": { "type": "Point", "coordinates": [ 80.27728, 13.0896718 ] } },
{ "type": "Feature", "properties": { "osmid": 2269042580, "y": 13.0899708, "x": 80.2769428, "highway": null, "street_count": 3 }, "geometry": { "type": "Point", "coordinates": [ 80.2769428, 13.0899708 ] } },
{ "type": "Feature", "properties": { "osmid": 2269042583, "y": 13.0905369, "x": 80.2770963, "highway": null, "street_count": 3 }, "geometry": { "type": "Point", "coordinates": [ 80.2770963, 13.0905369 ] } },
{ "type": "Feature", "properties": { "osmid": 2269919998, "y": 13.0831014, "x": 80.266831, "highway": null, "street_count": 3 }, "geometry": { "type": "Point", "coordinates": [ 80.266831, 13.0831014 ] } },
{ "type": "Feature", "properties": { "osmid": 2269919999, "y": 13.0831228, "x": 80.2660237, "highway": null, "street_count": 3 }, "geometry": { "type": "Point", "coordinates": [ 80.2660237, 13.0831228 ] } },
{ "type": "Feature", "properties": { "osmid": 2269920000, "y": 13.0831602, "x": 80.260795, "highway": null, "street_count": 1 }, "geometry": { "type": "Point", "coordinates": [ 80.260795, 13.0831602 ] } },
{ "type": "Feature", "properties": { "osmid": 2269920001, "y": 13.0835943, "x": 80.2662675, "highway": null, "street_count": 1 }, "geometry": { "type": "Point", "coordinates": [ 80.2662675, 13.0835943 ] } },
{ "type": "Feature", "properties": { "osmid": 2269920002, "y": 13.0837678, "x": 80.2662733, "highway": null, "street_count": 3 }, "geometry": { "type": "Point", "coordinates": [ 80.2662733, 13.0837678 ] } },
{ "type": "Feature", "properties": { "osmid": 2269920003, "y": 13.0838966, "x": 80.2667784, "highway": null, "street_count": 3 }, "geometry": { "type": "Point", "coordinates": [ 80.2667784, 13.0838966 ] } },
{ "type": "Feature", "properties": { "osmid": 2269920004, "y": 13.083906, "x": 80.2662778, "highway": null, "street_count": 3 }, "geometry": { "type": "Point", "coordinates": [ 80.2662778, 13.083906 ] } },
{ "type": "Feature", "properties": { "osmid": 2269920005, "y": 13.0840239, "x": 80.263209, "highway": null, "street_count": 3 }, "geometry": { "type": "Point", "coordinates": [ 80.263209, 13.0840239 ] } },
{ "type": "Feature", "properties": { "osmid": 2269920006, "y": 13.084047, "x": 80.2667672, "highway": null, "street_count": 3 }, "geometry": { "type": "Point", "coordinates": [ 80.2667672, 13.084047 ] } },
{ "type": "Feature", "properties": { "osmid": 2269920007, "y": 13.0840667, "x": 80.2662832, "highway": null, "street_count": 3 }, "geometry": { "type": "Point", "coordinates": [ 80.2662832, 13.0840667 ] } },
{ "type": "Feature", "properties": { "osmid": 2269920008, "y": 13.0840604, "x": 80.2677185, "highway": null, "street_count": 1 }, "geometry": { "type": "Point", "coordinates": [ 80.2677185, 13.0840604 ] } },
{ "type": "Feature", "properties": { "osmid": 2269920009, "y": 13.0841869, "x": 80.2667802, "highway": null, "street_count": 3 }, "geometry": { "type": "Point", "coordinates": [ 80.2667802, 13.0841869 ] } },
{ "type": "Feature", "properties": { "osmid": 2269920010, "y": 13.0842494, "x": 80.2662892, "highway": null, "street_count": 3 }, "geometry": { "type": "Point", "coordinates": [ 80.2662892, 13.0842494 ] } },
{ "type": "Feature", "properties": { "osmid": 2269920015, "y": 13.0847652, "x": 80.2632762, "highway": null, "street_count": 1 }, "geometry": { "type": "Point", "coordinates": [ 80.2632762, 13.0847652 ] } },
{ "type": "Feature", "properties": { "osmid": 2269934837, "y": 13.0812002, "x": 80.2568653, "highway": null, "street_count": 3 }, "geometry": { "type": "Point", "coordinates": [ 80.2568653, 13.0812002 ] } },
{ "type": "Feature", "properties": { "osmid": 2269934870, "y": 13.0844856, "x": 80.2569008, "highway": null, "street_count": 3 }, "geometry": { "type": "Point", "coordinates": [ 80.2569008, 13.0844856 ] } },
{ "type": "Feature", "properties": { "osmid": 2269934880, "y": 13.0848662, "x": 80.257189, "highway": null, "street_count": 1 }, "geometry": { "type": "Point", "coordinates": [ 80.257189, 13.0848662 ] } },
{ "type": "Feature", "properties": { "osmid": 2269934891, "y": 13.08512, "x": 80.2572082, "highway": null, "street_count": 1 }, "geometry": { "type": "Point", "coordinates": [ 80.2572082, 13.08512 ] } },
{ "type": "Feature", "properties": { "osmid": 2269934897, "y": 13.0852493, "x": 80.257686, "highway": null, "street_count": 3 }, "geometry": { "type": "Point", "coordinates": [ 80.257686, 13.0852493 ] } },
{ "type": "Feature", "properties": { "osmid": 2270244756, "y": 13.0941261, "x": 80.2632147, "highway": null, "street_count": 3 }, "geometry": { "type": "Point", "coordinates": [ 80.2632147, 13.0941261 ] } },
{ "type": "Feature", "properties": { "osmid": 2270244763, "y": 13.0946905, "x": 80.2641106, "highway": null, "street_count": 3 }, "geometry": { "type": "Point", "coordinates": [ 80.2641106, 13.0946905 ] } },
{ "type": "Feature", "properties": { "osmid": 2270244764, "y": 13.0946987, "x": 80.2643802, "highway": null, "street_count": 3 }, "geometry": { "type": "Point", "coordinates": [ 80.2643802, 13.0946987 ] } },
{ "type": "Feature", "properties": { "osmid": 2270244765, "y": 13.095044, "x": 80.2589285, "highway": null, "street_count": 3 }, "geometry": { "type": "Point", "coordinates": [ 80.2589285, 13.095044 ] } },
{ "type": "Feature", "properties": { "osmid": 2270244766, "y": 13.0951388, "x": 80.2582355, "highway": null, "street_count": 3 }, "geometry": { "type": "Point", "coordinates": [ 80.2582355, 13.0951388 ] } },
{ "type": "Feature", "properties": { "osmid": 2270244769, "y": 13.0953001, "x": 80.2589481, "highway": null, "street_count": 3 }, "geometry": { "type": "Point", "coordinates": [ 80.2589481, 13.0953001 ] } },
{ "type": "Feature", "properties": { "osmid": 2270244770, "y": 13.0953951, "x": 80.2582803, "highway": null, "street_count": 3 }, "geometry": { "type": "Point", "coordinates": [ 80.2582803, 13.0953951 ] } },
{ "type": "Feature", "properties": { "osmid": 2270244771, "y": 13.0954427, "x": 80.2645534, "highway": null, "street_count": 3 }, "geometry": { "type": "Point", "coordinates": [ 80.2645534, 13.0954427 ] } },
{ "type": "Feature", "properties": { "osmid": 2270244773, "y": 13.095743, "x": 80.2590181, "highway": null, "street_count": 3 }, "geometry": { "type": "Point", "coordinates": [ 80.2590181, 13.095743 ] } },
{ "type": "Feature", "properties": { "osmid": 2270244775, "y": 13.0958474, "x": 80.2583532, "highway": null, "street_count": 3 }, "geometry": { "type": "Point", "coordinates": [ 80.2583532, 13.0958474 ] } },
{ "type": "Feature", "properties": { "osmid": 2270244776, "y": 13.0961148, "x": 80.2582063, "highway": null, "street_count": 1 }, "geometry": { "type": "Point", "coordinates": [ 80.2582063, 13.0961148 ] } },
{ "type": "Feature", "properties": { "osmid": 2270255351, "y": 13.088967, "x": 80.2590975, "highway": null, "street_count": 3 }, "geometry": { "type": "Point", "coordinates": [ 80.2590975, 13.088967 ] } },
{ "type": "Feature", "properties": { "osmid": 2270255355, "y": 13.090831, "x": 80.2640058, "highway": null, "street_count": 3 }, "geometry": { "type": "Point", "coordinates": [ 80.2640058, 13.090831 ] } },
{ "type": "Feature", "properties": { "osmid": 2270255356, "y": 13.0908355, "x": 80.2638678, "highway": null, "street_count": 3 }, "geometry": { "type": "Point", "coordinates": [ 80.2638678, 13.0908355 ] } },
{ "type": "Feature", "properties": { "osmid": 2270255357, "y": 13.09084, "x": 80.2637348, "highway": null, "street_count": 3 }, "geometry": { "type": "Point", "coordinates": [ 80.2637348, 13.09084 ] } },
{ "type": "Feature", "properties": { "osmid": 2270255359, "y": 13.0914145, "x": 80.2640548, "highway": null, "street_count": 1 }, "geometry": { "type": "Point", "coordinates": [ 80.2640548, 13.0914145 ] } },
{ "type": "Feature", "properties": { "osmid": 2270255361, "y": 13.0914638, "x": 80.2637925, "highway": null, "street_count": 3 }, "geometry": { "type": "Point", "coordinates": [ 80.2637925, 13.0914638 ] } },
{ "type": "Feature", "properties": { "osmid": 2271477981, "y": 13.0818797, "x": 80.2761962, "highway": null, "street_count": 3 }, "geometry": { "type": "Point", "coordinates": [ 80.2761962, 13.0818797 ] } },
{ "type": "Feature", "properties": { "osmid": 2271477987, "y": 13.0819213, "x": 80.2764993, "highway": null, "street_count": 3 }, "geometry": { "type": "Point", "coordinates": [ 80.2764993, 13.0819213 ] } },
{ "type": "Feature", "properties": { "osmid": 2271478118, "y": 13.0836704, "x": 80.2761403, "highway": null, "street_count": 3 }, "geometry": { "type": "Point", "coordinates": [ 80.2761403, 13.0836704 ] } },
{ "type": "Feature", "properties": { "osmid": 2271478159, "y": 13.0851144, "x": 80.2759538, "highway": null, "street_count": 3 }, "geometry": { "type": "Point", "coordinates": [ 80.2759538, 13.0851144 ] } },
{ "type": "Feature", "properties": { "osmid": 2271478271, "y": 13.0855752, "x": 80.2758922, "highway": null, "street_count": 3 }, "geometry": { "type": "Point", "coordinates": [ 80.2758922, 13.0855752 ] } },
{ "type": "Feature", "properties": { "osmid": 2271478300, "y": 13.0861146, "x": 80.2758306, "highway": null, "street_count": 3 }, "geometry": { "type": "Point", "coordinates": [ 80.2758306, 13.0861146 ] } },
{ "type": "Feature", "properties": { "osmid": 2271478323, "y": 13.0866209, "x": 80.2757841, "highway": null, "street_count": 4 }, "geometry": { "type": "Point", "coordinates": [ 80.2757841, 13.0866209 ] } },
{ "type": "Feature", "properties": { "osmid": 2271478325, "y": 13.0866386, "x": 80.2756751, "highway": null, "street_count": 3 }, "geometry": { "type": "Point", "coordinates": [ 80.2756751, 13.0866386 ] } },
{ "type": "Feature", "properties": { "osmid": 2271478344, "y": 13.0880409, "x": 80.2756048, "highway": null, "street_count": 4 }, "geometry": { "type": "Point", "coordinates": [ 80.2756048, 13.0880409 ] } },
{ "type": "Feature", "properties": { "osmid": 2271478371, "y": 13.0885082, "x": 80.2755492, "highway": null, "street_count": 3 }, "geometry": { "type": "Point", "coordinates": [ 80.2755492, 13.0885082 ] } },
{ "type": "Feature", "properties": { "osmid": 2271478381, "y": 13.0890318, "x": 80.2754842, "highway": null, "street_count": 3 }, "geometry": { "type": "Point", "coordinates": [ 80.2754842, 13.0890318 ] } },
{ "type": "Feature", "properties": { "osmid": 2271478390, "y": 13.089477, "x": 80.2754368, "highway": null, "street_count": 3 }, "geometry": { "type": "Point", "coordinates": [ 80.2754368, 13.089477 ] } },
{ "type": "Feature", "properties": { "osmid": 2271478408, "y": 13.091552, "x": 80.2748082, "highway": null, "street_count": 1 }, "geometry": { "type": "Point", "coordinates": [ 80.2748082, 13.091552 ] } },
{ "type": "Feature", "properties": { "osmid": 2271478415, "y": 13.091413, "x": 80.2752715, "highway": null, "street_count": 4 }, "geometry": { "type": "Point", "coordinates": [ 80.2752715, 13.091413 ] } },
{ "type": "Feature", "properties": { "osmid": 2271478430, "y": 13.0923368, "x": 80.2748007, "highway": null, "street_count": 3 }, "geometry": { "type": "Point", "coordinates": [ 80.2748007, 13.0923368 ] } },
{ "type": "Feature", "properties": { "osmid": 2271478467, "y": 13.0948404, "x": 80.2751941, "highway": null, "street_count": 3 }, "geometry": { "type": "Point", "coordinates": [ 80.2751941, 13.0948404 ] } },
{ "type": "Feature", "properties": { "osmid": 2271487875, "y": 13.0924682, "x": 80.2752986, "highway": null, "street_count": 3 }, "geometry": { "type": "Point", "coordinates": [ 80.2752986, 13.0924682 ] } },
{ "type": "Feature", "properties": { "osmid": 2271487876, "y": 13.0956928, "x": 80.2751958, "highway": null, "street_count": 3 }, "geometry": { "type": "Point", "coordinates": [ 80.2751958, 13.0956928 ] } },
{ "type": "Feature", "properties": { "osmid": 2271487877, "y": 13.0956976, "x": 80.275251, "highway": null, "street_count": 3 }, "geometry": { "type": "Point", "coordinates": [ 80.275251, 13.0956976 ] } },
{ "type": "Feature", "properties": { "osmid": 2271487878, "y": 13.0959552, "x": 80.275242, "highway": null, "street_count": 3 }, "geometry": { "type": "Point", "coordinates": [ 80.275242, 13.0959552 ] } },
{ "type": "Feature", "properties": { "osmid": 2271487880, "y": 13.0961882, "x": 80.275241, "highway": null, "street_count": 3 }, "geometry": { "type": "Point", "coordinates": [ 80.275241, 13.0961882 ] } },
{ "type": "Feature", "properties": { "osmid": 2271489066, "y": 13.0957446, "x": 80.2743256, "highway": null, "street_count": 3 }, "geometry": { "type": "Point", "coordinates": [ 80.2743256, 13.0957446 ] } },
{ "type": "Feature", "properties": { "osmid": 2271489067, "y": 13.0957548, "x": 80.2745636, "highway": null, "street_count": 3 }, "geometry": { "type": "Point", "coordinates": [ 80.2745636, 13.0957548 ] } },
{ "type": "Feature", "properties": { "osmid": 2271543377, "y": 13.0820195, "x": 80.2782268, "highway": null, "street_count": 3 }, "geometry": { "type": "Point", "coordinates": [ 80.2782268, 13.0820195 ] } },
{ "type": "Feature", "properties": { "osmid": 2271543466, "y": 13.0854799, "x": 80.2845284, "highway": null, "street_count": 4 }, "geometry": { "type": "Point", "coordinates": [ 80.2845284, 13.0854799 ] } },
{ "type": "Feature", "properties": { "osmid": 2378610526, "y": 13.0907343, "x": 80.2809465, "highway": null, "street_count": 1 }, "geometry": { "type": "Point", "coordinates": [ 80.2809465, 13.0907343 ] } },
{ "type": "Feature", "properties": { "osmid": 2378610527, "y": 13.0924823, "x": 80.2811234, "highway": null, "street_count": 4 }, "geometry": { "type": "Point", "coordinates": [ 80.2811234, 13.0924823 ] } },
{ "type": "Feature", "properties": { "osmid": 2397809020, "y": 13.0853242, "x": 80.2841821, "highway": null, "street_count": 3 }, "geometry": { "type": "Point", "coordinates": [ 80.2841821, 13.0853242 ] } },
{ "type": "Feature", "properties": { "osmid": 2482057611, "y": 13.0744842, "x": 80.2582325, "highway": null, "street_count": 4 }, "geometry": { "type": "Point", "coordinates": [ 80.2582325, 13.0744842 ] } },
{ "type": "Feature", "properties": { "osmid": 2482057614, "y": 13.0746401, "x": 80.2588413, "highway": null, "street_count": 3 }, "geometry": { "type": "Point", "coordinates": [ 80.2588413, 13.0746401 ] } },
{ "type": "Feature", "properties": { "osmid": 2482057615, "y": 13.0745333, "x": 80.2580278, "highway": null, "street_count": 1 }, "geometry": { "type": "Point", "coordinates": [ 80.2580278, 13.0745333 ] } },
{ "type": "Feature", "properties": { "osmid": 2482057629, "y": 13.0750284, "x": 80.2585063, "highway": null, "street_count": 3 }, "geometry": { "type": "Point", "coordinates": [ 80.2585063, 13.0750284 ] } },
{ "type": "Feature", "properties": { "osmid": 2482080923, "y": 13.0747421, "x": 80.2615168, "highway": null, "street_count": 3 }, "geometry": { "type": "Point", "coordinates": [ 80.2615168, 13.0747421 ] } },
{ "type": "Feature", "properties": { "osmid": 2482080925, "y": 13.0747487, "x": 80.2611159, "highway": null, "street_count": 1 }, "geometry": { "type": "Point", "coordinates": [ 80.2611159, 13.0747487 ] } },
{ "type": "Feature", "properties": { "osmid": 2485567680, "y": 13.0906645, "x": 80.2693822, "highway": null, "street_count": 3 }, "geometry": { "type": "Point", "coordinates": [ 80.2693822, 13.0906645 ] } },
{ "type": "Feature", "properties": { "osmid": 2485567682, "y": 13.0908082, "x": 80.2695244, "highway": null, "street_count": 3 }, "geometry": { "type": "Point", "coordinates": [ 80.2695244, 13.0908082 ] } },
{ "type": "Feature", "properties": { "osmid": 2486218916, "y": 13.0926137, "x": 80.2837941, "highway": null, "street_count": 1 }, "geometry": { "type": "Point", "coordinates": [ 80.2837941, 13.0926137 ] } },
{ "type": "Feature", "properties": { "osmid": 2486218918, "y": 13.0926705, "x": 80.2834694, "highway": null, "street_count": 3 }, "geometry": { "type": "Point", "coordinates": [ 80.2834694, 13.0926705 ] } },
{ "type": "Feature", "properties": { "osmid": 2486635733, "y": 13.081955, "x": 80.2571874, "highway": null, "street_count": 3 }, "geometry": { "type": "Point", "coordinates": [ 80.2571874, 13.081955 ] } },
{ "type": "Feature", "properties": { "osmid": 2486635752, "y": 13.0828782, "x": 80.2572308, "highway": null, "street_count": 3 }, "geometry": { "type": "Point", "coordinates": [ 80.2572308, 13.0828782 ] } },
{ "type": "Feature", "properties": { "osmid": 2487062536, "y": 13.0745657, "x": 80.2575276, "highway": null, "street_count": 3 }, "geometry": { "type": "Point", "coordinates": [ 80.2575276, 13.0745657 ] } },
{ "type": "Feature", "properties": { "osmid": 2487062565, "y": 13.0752455, "x": 80.258038, "highway": null, "street_count": 3 }, "geometry": { "type": "Point", "coordinates": [ 80.258038, 13.0752455 ] } },
{ "type": "Feature", "properties": { "osmid": 2489157872, "y": 13.0715696, "x": 80.2744964, "highway": "traffic_signals", "street_count": 4 }, "geometry": { "type": "Point", "coordinates": [ 80.2744964, 13.0715696 ] } },
{ "type": "Feature", "properties": { "osmid": 2489157876, "y": 13.0716919, "x": 80.274538, "highway": "traffic_signals", "street_count": 4 }, "geometry": { "type": "Point", "coordinates": [ 80.274538, 13.0716919 ] } },
{ "type": "Feature", "properties": { "osmid": 2491497222, "y": 13.0912395, "x": 80.2654871, "highway": null, "street_count": 3 }, "geometry": { "type": "Point", "coordinates": [ 80.2654871, 13.0912395 ] } },
{ "type": "Feature", "properties": { "osmid": 2491497232, "y": 13.0922186, "x": 80.263762, "highway": null, "street_count": 1 }, "geometry": { "type": "Point", "coordinates": [ 80.263762, 13.0922186 ] } },
{ "type": "Feature", "properties": { "osmid": 2491497254, "y": 13.0942209, "x": 80.2636248, "highway": null, "street_count": 3 }, "geometry": { "type": "Point", "coordinates": [ 80.2636248, 13.0942209 ] } },
{ "type": "Feature", "properties": { "osmid": 2491497260, "y": 13.0946734, "x": 80.2638569, "highway": null, "street_count": 3 }, "geometry": { "type": "Point", "coordinates": [ 80.2638569, 13.0946734 ] } },
{ "type": "Feature", "properties": { "osmid": 3494512814, "y": 13.0915608, "x": 80.2780604, "highway": null, "street_count": 3 }, "geometry": { "type": "Point", "coordinates": [ 80.2780604, 13.0915608 ] } },
{ "type": "Feature", "properties": { "osmid": 3496205377, "y": 13.0903945, "x": 80.2790662, "highway": null, "street_count": 3 }, "geometry": { "type": "Point", "coordinates": [ 80.2790662, 13.0903945 ] } },
{ "type": "Feature", "properties": { "osmid": 3496205378, "y": 13.0904971, "x": 80.2785, "highway": null, "street_count": 3 }, "geometry": { "type": "Point", "coordinates": [ 80.2785, 13.0904971 ] } },
{ "type": "Feature", "properties": { "osmid": 3496205379, "y": 13.0915757, "x": 80.2792627, "highway": null, "street_count": 3 }, "geometry": { "type": "Point", "coordinates": [ 80.2792627, 13.0915757 ] } },
{ "type": "Feature", "properties": { "osmid": 3496205380, "y": 13.0917148, "x": 80.2780906, "highway": null, "street_count": 3 }, "geometry": { "type": "Point", "coordinates": [ 80.2780906, 13.0917148 ] } },
{ "type": "Feature", "properties": { "osmid": 3496441304, "y": 13.0921168, "x": 80.2781386, "highway": null, "street_count": 3 }, "geometry": { "type": "Point", "coordinates": [ 80.2781386, 13.0921168 ] } },
{ "type": "Feature", "properties": { "osmid": 3496934149, "y": 13.0900371, "x": 80.2778554, "highway": null, "street_count": 3 }, "geometry": { "type": "Point", "coordinates": [ 80.2778554, 13.0900371 ] } },
{ "type": "Feature", "properties": { "osmid": 3496934150, "y": 13.0922108, "x": 80.2764974, "highway": null, "street_count": 4 }, "geometry": { "type": "Point", "coordinates": [ 80.2764974, 13.0922108 ] } },
{ "type": "Feature", "properties": { "osmid": 3496934152, "y": 13.092874, "x": 80.2766545, "highway": null, "street_count": 3 }, "geometry": { "type": "Point", "coordinates": [ 80.2766545, 13.092874 ] } },
{ "type": "Feature", "properties": { "osmid": 3498442617, "y": 13.0913328, "x": 80.2809969, "highway": null, "street_count": 3 }, "geometry": { "type": "Point", "coordinates": [ 80.2809969, 13.0913328 ] } },
{ "type": "Feature", "properties": { "osmid": 3671342248, "y": 13.0839305, "x": 80.2771835, "highway": null, "street_count": 3 }, "geometry": { "type": "Point", "coordinates": [ 80.2771835, 13.0839305 ] } },
{ "type": "Feature", "properties": { "osmid": 4001265782, "y": 13.0869261, "x": 80.258891, "highway": null, "street_count": 3 }, "geometry": { "type": "Point", "coordinates": [ 80.258891, 13.0869261 ] } },
{ "type": "Feature", "properties": { "osmid": 4001265784, "y": 13.0870241, "x": 80.2587143, "highway": null, "street_count": 3 }, "geometry": { "type": "Point", "coordinates": [ 80.2587143, 13.0870241 ] } },
{ "type": "Feature", "properties": { "osmid": 5289829971, "y": 13.0834865, "x": 80.2761675, "highway": null, "street_count": 3 }, "geometry": { "type": "Point", "coordinates": [ 80.2761675, 13.0834865 ] } },
{ "type": "Feature", "properties": { "osmid": 5289829981, "y": 13.0836177, "x": 80.2772841, "highway": null, "street_count": 3 }, "geometry": { "type": "Point", "coordinates": [ 80.2772841, 13.0836177 ] } },
{ "type": "Feature", "properties": { "osmid": 5289829982, "y": 13.0836069, "x": 80.2771937, "highway": null, "street_count": 3 }, "geometry": { "type": "Point", "coordinates": [ 80.2771937, 13.0836069 ] } },
{ "type": "Feature", "properties": { "osmid": 5289829984, "y": 13.0836369, "x": 80.277146, "highway": null, "street_count": 3 }, "geometry": { "type": "Point", "coordinates": [ 80.277146, 13.0836369 ] } },
{ "type": "Feature", "properties": { "osmid": 5562445713, "y": 13.0845852, "x": 80.2792435, "highway": null, "street_count": 3 }, "geometry": { "type": "Point", "coordinates": [ 80.2792435, 13.0845852 ] } },
{ "type": "Feature", "properties": { "osmid": 5562445714, "y": 13.0845727, "x": 80.2793323, "highway": null, "street_count": 3 }, "geometry": { "type": "Point", "coordinates": [ 80.2793323, 13.0845727 ] } },
{ "type": "Feature", "properties": { "osmid": 5562445718, "y": 13.0851331, "x": 80.2838377, "highway": null, "street_count": 3 }, "geometry": { "type": "Point", "coordinates": [ 80.2838377, 13.0851331 ] } },
{ "type": "Feature", "properties": { "osmid": 6242701265, "y": 13.0707304, "x": 80.2582609, "highway": null, "street_count": 3 }, "geometry": { "type": "Point", "coordinates": [ 80.2582609, 13.0707304 ] } },
{ "type": "Feature", "properties": { "osmid": 6812099433, "y": 13.0849628, "x": 80.268225, "highway": null, "street_count": 3 }, "geometry": { "type": "Point", "coordinates": [ 80.268225, 13.0849628 ] } },
{ "type": "Feature", "properties": { "osmid": 7018660966, "y": 13.0884649, "x": 80.2698708, "highway": null, "street_count": 3 }, "geometry": { "type": "Point", "coordinates": [ 80.2698708, 13.0884649 ] } },
{ "type": "Feature", "properties": { "osmid": 7018660967, "y": 13.0884598, "x": 80.2697817, "highway": null, "street_count": 4 }, "geometry": { "type": "Point", "coordinates": [ 80.2697817, 13.0884598 ] } },
{ "type": "Feature", "properties": { "osmid": 7018660969, "y": 13.0885753, "x": 80.2684884, "highway": null, "street_count": 1 }, "geometry": { "type": "Point", "coordinates": [ 80.2684884, 13.0885753 ] } },
{ "type": "Feature", "properties": { "osmid": 7024755476, "y": 13.070961, "x": 80.2597618, "highway": null, "street_count": 1 }, "geometry": { "type": "Point", "coordinates": [ 80.2597618, 13.070961 ] } },
{ "type": "Feature", "properties": { "osmid": 7024755480, "y": 13.0708248, "x": 80.2583613, "highway": null, "street_count": 3 }, "geometry": { "type": "Point", "coordinates": [ 80.2583613, 13.0708248 ] } },
{ "type": "Feature", "properties": { "osmid": 7030702544, "y": 13.0709002, "x": 80.2659957, "highway": null, "street_count": 3 }, "geometry": { "type": "Point", "coordinates": [ 80.2659957, 13.0709002 ] } },
{ "type": "Feature", "properties": { "osmid": 7030702545, "y": 13.0702993, "x": 80.2659738, "highway": null, "street_count": 3 }, "geometry": { "type": "Point", "coordinates": [ 80.2659738, 13.0702993 ] } },
{ "type": "Feature", "properties": { "osmid": 7045397326, "y": 13.0838417, "x": 80.2656779, "highway": null, "street_count": 3 }, "geometry": { "type": "Point", "coordinates": [ 80.2656779, 13.0838417 ] } },
{ "type": "Feature", "properties": { "osmid": 7051244629, "y": 13.0948118, "x": 80.2602423, "highway": null, "street_count": 1 }, "geometry": { "type": "Point", "coordinates": [ 80.2602423, 13.0948118 ] } },
{ "type": "Feature", "properties": { "osmid": 7153909000, "y": 13.0937964, "x": 80.267331, "highway": null, "street_count": 1 }, "geometry": { "type": "Point", "coordinates": [ 80.267331, 13.0937964 ] } },
{ "type": "Feature", "properties": { "osmid": 7153909003, "y": 13.0937566, "x": 80.2686019, "highway": null, "street_count": 3 }, "geometry": { "type": "Point", "coordinates": [ 80.2686019, 13.0937566 ] } },
{ "type": "Feature", "properties": { "osmid": 7169942565, "y": 13.0945808, "x": 80.260036, "highway": null, "street_count": 3 }, "geometry": { "type": "Point", "coordinates": [ 80.260036, 13.0945808 ] } },
{ "type": "Feature", "properties": { "osmid": 7169942566, "y": 13.0945609, "x": 80.2595401, "highway": null, "street_count": 3 }, "geometry": { "type": "Point", "coordinates": [ 80.2595401, 13.0945609 ] } },
{ "type": "Feature", "properties": { "osmid": 7169942567, "y": 13.0943615, "x": 80.259544, "highway": null, "street_count": 3 }, "geometry": { "type": "Point", "coordinates": [ 80.259544, 13.0943615 ] } },
{ "type": "Feature", "properties": { "osmid": 7266849609, "y": 13.0747128, "x": 80.2617037, "highway": null, "street_count": 1 }, "geometry": { "type": "Point", "coordinates": [ 80.2617037, 13.0747128 ] } },
{ "type": "Feature", "properties": { "osmid": 7266849613, "y": 13.0739823, "x": 80.2618886, "highway": null, "street_count": 3 }, "geometry": { "type": "Point", "coordinates": [ 80.2618886, 13.0739823 ] } },
{ "type": "Feature", "properties": { "osmid": 8291990088, "y": 13.0789035, "x": 80.2752838, "highway": null, "street_count": 1 }, "geometry": { "type": "Point", "coordinates": [ 80.2752838, 13.0789035 ] } },
{ "type": "Feature", "properties": { "osmid": 8637212925, "y": 13.0788153, "x": 80.2752902, "highway": null, "street_count": 3 }, "geometry": { "type": "Point", "coordinates": [ 80.2752902, 13.0788153 ] } },
{ "type": "Feature", "properties": { "osmid": 9187378780, "y": 13.0829479, "x": 80.2690663, "highway": null, "street_count": 3 }, "geometry": { "type": "Point", "coordinates": [ 80.2690663, 13.0829479 ] } },
{ "type": "Feature", "properties": { "osmid": 9187378785, "y": 13.0820856, "x": 80.2703792, "highway": null, "street_count": 3 }, "geometry": { "type": "Point", "coordinates": [ 80.2703792, 13.0820856 ] } },
{ "type": "Feature", "properties": { "osmid": 9187378786, "y": 13.0821327, "x": 80.2700137, "highway": null, "street_count": 4 }, "geometry": { "type": "Point", "coordinates": [ 80.2700137, 13.0821327 ] } },
{ "type": "Feature", "properties": { "osmid": 9187378787, "y": 13.0821431, "x": 80.2695893, "highway": null, "street_count": 3 }, "geometry": { "type": "Point", "coordinates": [ 80.2695893, 13.0821431 ] } },
{ "type": "Feature", "properties": { "osmid": 9187378802, "y": 13.088458, "x": 80.2691979, "highway": null, "street_count": 3 }, "geometry": { "type": "Point", "coordinates": [ 80.2691979, 13.088458 ] } },
{ "type": "Feature", "properties": { "osmid": 9187378803, "y": 13.0879954, "x": 80.2691228, "highway": null, "street_count": 1 }, "geometry": { "type": "Point", "coordinates": [ 80.2691228, 13.0879954 ] } },
{ "type": "Feature", "properties": { "osmid": 9187378814, "y": 13.0924835, "x": 80.2651812, "highway": null, "street_count": 3 }, "geometry": { "type": "Point", "coordinates": [ 80.2651812, 13.0924835 ] } },
{ "type": "Feature", "properties": { "osmid": 9187378815, "y": 13.0924221, "x": 80.2656331, "highway": null, "street_count": 3 }, "geometry": { "type": "Point", "coordinates": [ 80.2656331, 13.0924221 ] } },
{ "type": "Feature", "properties": { "osmid": 9187378816, "y": 13.0911776, "x": 80.2612151, "highway": null, "street_count": 3 }, "geometry": { "type": "Point", "coordinates": [ 80.2612151, 13.0911776 ] } },
{ "type": "Feature", "properties": { "osmid": 9187378817, "y": 13.0904438, "x": 80.2610864, "highway": null, "street_count": 3 }, "geometry": { "type": "Point", "coordinates": [ 80.2610864, 13.0904438 ] } },
{ "type": "Feature", "properties": { "osmid": 9189159105, "y": 13.0830731, "x": 80.2585796, "highway": null, "street_count": 3 }, "geometry": { "type": "Point", "coordinates": [ 80.2585796, 13.0830731 ] } },
{ "type": "Feature", "properties": { "osmid": 9189159107, "y": 13.0831384, "x": 80.2576908, "highway": null, "street_count": 1 }, "geometry": { "type": "Point", "coordinates": [ 80.2576908, 13.0831384 ] } },
{ "type": "Feature", "properties": { "osmid": 9189163022, "y": 13.0961711, "x": 80.267019, "highway": null, "street_count": 3 }, "geometry": { "type": "Point", "coordinates": [ 80.267019, 13.0961711 ] } },
{ "type": "Feature", "properties": { "osmid": 9189163025, "y": 13.0951202, "x": 80.2661958, "highway": null, "street_count": 3 }, "geometry": { "type": "Point", "coordinates": [ 80.2661958, 13.0951202 ] } },
{ "type": "Feature", "properties": { "osmid": 9189163027, "y": 13.09489, "x": 80.2652579, "highway": null, "street_count": 3 }, "geometry": { "type": "Point", "coordinates": [ 80.2652579, 13.09489 ] } },
{ "type": "Feature", "properties": { "osmid": 9189163031, "y": 13.0884814, "x": 80.2606144, "highway": null, "street_count": 3 }, "geometry": { "type": "Point", "coordinates": [ 80.2606144, 13.0884814 ] } },
{ "type": "Feature", "properties": { "osmid": 9189163032, "y": 13.0885284, "x": 80.2610869, "highway": null, "street_count": 1 }, "geometry": { "type": "Point", "coordinates": [ 80.2610869, 13.0885284 ] } },
{ "type": "Feature", "properties": { "osmid": 9189163033, "y": 13.0847454, "x": 80.2578155, "highway": null, "street_count": 3 }, "geometry": { "type": "Point", "coordinates": [ 80.2578155, 13.0847454 ] } },
{ "type": "Feature", "properties": { "osmid": 9189163051, "y": 13.0940297, "x": 80.2581767, "highway": null, "street_count": 1 }, "geometry": { "type": "Point", "coordinates": [ 80.2581767, 13.0940297 ] } },
{ "type": "Feature", "properties": { "osmid": 9189163054, "y": 13.0945192, "x": 80.2579141, "highway": null, "street_count": 1 }, "geometry": { "type": "Point", "coordinates": [ 80.2579141, 13.0945192 ] } },
{ "type": "Feature", "properties": { "osmid": 9189163074, "y": 13.0940602, "x": 80.2588937, "highway": null, "street_count": 3 }, "geometry": { "type": "Point", "coordinates": [ 80.2588937, 13.0940602 ] } },
{ "type": "Feature", "properties": { "osmid": 9507057526, "y": 13.0847626, "x": 80.2695028, "highway": null, "street_count": 4 }, "geometry": { "type": "Point", "coordinates": [ 80.2695028, 13.0847626 ] } },
{ "type": "Feature", "properties": { "osmid": 9572798757, "y": 13.0809032, "x": 80.271008, "highway": "traffic_signals", "street_count": 3 }, "geometry": { "type": "Point", "coordinates": [ 80.271008, 13.0809032 ] } },
{ "type": "Feature", "properties": { "osmid": 9572798768, "y": 13.0816317, "x": 80.2754935, "highway": null, "street_count": 3 }, "geometry": { "type": "Point", "coordinates": [ 80.2754935, 13.0816317 ] } },
{ "type": "Feature", "properties": { "osmid": 9676735290, "y": 13.0866822, "x": 80.2702287, "highway": null, "street_count": 3 }, "geometry": { "type": "Point", "coordinates": [ 80.2702287, 13.0866822 ] } },
{ "type": "Feature", "properties": { "osmid": 9838726905, "y": 13.0915311, "x": 80.2752068, "highway": null, "street_count": 3 }, "geometry": { "type": "Point", "coordinates": [ 80.2752068, 13.0915311 ] } },
{ "type": "Feature", "properties": { "osmid": 9872392643, "y": 13.0884254, "x": 80.2842253, "highway": null, "street_count": 3 }, "geometry": { "type": "Point", "coordinates": [ 80.2842253, 13.0884254 ] } },
{ "type": "Feature", "properties": { "osmid": 9910876571, "y": 13.0951546, "x": 80.2647505, "highway": null, "street_count": 3 }, "geometry": { "type": "Point", "coordinates": [ 80.2647505, 13.0951546 ] } },
{ "type": "Feature", "properties": { "osmid": 9910876572, "y": 13.0946739, "x": 80.2638439, "highway": null, "street_count": 3 }, "geometry": { "type": "Point", "coordinates": [ 80.2638439, 13.0946739 ] } },
{ "type": "Feature", "properties": { "osmid": 9910876575, "y": 13.0950153, "x": 80.2638508, "highway": null, "street_count": 1 }, "geometry": { "type": "Point", "coordinates": [ 80.2638508, 13.0950153 ] } },
{ "type": "Feature", "properties": { "osmid": 9913682310, "y": 13.0854149, "x": 80.2836753, "highway": null, "street_count": 3 }, "geometry": { "type": "Point", "coordinates": [ 80.2836753, 13.0854149 ] } },
{ "type": "Feature", "properties": { "osmid": 9913682314, "y": 13.0850451, "x": 80.2836834, "highway": null, "street_count": 3 }, "geometry": { "type": "Point", "coordinates": [ 80.2836834, 13.0850451 ] } },
{ "type": "Feature", "properties": { "osmid": 9913682352, "y": 13.09014, "x": 80.2807604, "highway": null, "street_count": 1 }, "geometry": { "type": "Point", "coordinates": [ 80.2807604, 13.09014 ] } },
{ "type": "Feature", "properties": { "osmid": 9913682355, "y": 13.0888471, "x": 80.2805956, "highway": null, "street_count": 3 }, "geometry": { "type": "Point", "coordinates": [ 80.2805956, 13.0888471 ] } },
{ "type": "Feature", "properties": { "osmid": 9913682356, "y": 13.0889591, "x": 80.2802807, "highway": null, "street_count": 3 }, "geometry": { "type": "Point", "coordinates": [ 80.2802807, 13.0889591 ] } },
{ "type": "Feature", "properties": { "osmid": 9913682358, "y": 13.0895513, "x": 80.2803796, "highway": null, "street_count": 1 }, "geometry": { "type": "Point", "coordinates": [ 80.2803796, 13.0895513 ] } },
{ "type": "Feature", "properties": { "osmid": 9913682359, "y": 13.0912187, "x": 80.2780035, "highway": null, "street_count": 3 }, "geometry": { "type": "Point", "coordinates": [ 80.2780035, 13.0912187 ] } },
{ "type": "Feature", "properties": { "osmid": 9913682360, "y": 13.0911446, "x": 80.2786098, "highway": null, "street_count": 3 }, "geometry": { "type": "Point", "coordinates": [ 80.2786098, 13.0911446 ] } },
{ "type": "Feature", "properties": { "osmid": 9913682361, "y": 13.0903885, "x": 80.2779035, "highway": null, "street_count": 3 }, "geometry": { "type": "Point", "coordinates": [ 80.2779035, 13.0903885 ] } },
{ "type": "Feature", "properties": { "osmid": 9913682362, "y": 13.0903466, "x": 80.2781428, "highway": null, "street_count": 1 }, "geometry": { "type": "Point", "coordinates": [ 80.2781428, 13.0903466 ] } },
{ "type": "Feature", "properties": { "osmid": 9913682363, "y": 13.091049, "x": 80.2804514, "highway": null, "street_count": 1 }, "geometry": { "type": "Point", "coordinates": [ 80.2804514, 13.091049 ] } },
{ "type": "Feature", "properties": { "osmid": 9913682371, "y": 13.0919152, "x": 80.2796876, "highway": null, "street_count": 3 }, "geometry": { "type": "Point", "coordinates": [ 80.2796876, 13.0919152 ] } },
{ "type": "Feature", "properties": { "osmid": 9913682372, "y": 13.0956714, "x": 80.2814331, "highway": null, "street_count": 3 }, "geometry": { "type": "Point", "coordinates": [ 80.2814331, 13.0956714 ] } },
{ "type": "Feature", "properties": { "osmid": 9918432807, "y": 13.0904241, "x": 80.2711408, "highway": null, "street_count": 1 }, "geometry": { "type": "Point", "coordinates": [ 80.2711408, 13.0904241 ] } },
{ "type": "Feature", "properties": { "osmid": 9989783631, "y": 13.0880904, "x": 80.2816514, "highway": null, "street_count": 3 }, "geometry": { "type": "Point", "coordinates": [ 80.2816514, 13.0880904 ] } },
{ "type": "Feature", "properties": { "osmid": 9989783649, "y": 13.0881797, "x": 80.2814177, "highway": null, "street_count": 3 }, "geometry": { "type": "Point", "coordinates": [ 80.2814177, 13.0881797 ] } },
{ "type": "Feature", "properties": { "osmid": 9989783667, "y": 13.0884283, "x": 80.2825575, "highway": null, "street_count": 3 }, "geometry": { "type": "Point", "coordinates": [ 80.2825575, 13.0884283 ] } },
{ "type": "Feature", "properties": { "osmid": 10137228457, "y": 13.069228, "x": 80.2628075, "highway": null, "street_count": 3 }, "geometry": { "type": "Point", "coordinates": [ 80.2628075, 13.069228 ] } },
{ "type": "Feature", "properties": { "osmid": 10137228465, "y": 13.0705504, "x": 80.2630674, "highway": null, "street_count": 3 }, "geometry": { "type": "Point", "coordinates": [ 80.2630674, 13.0705504 ] } },
{ "type": "Feature", "properties": { "osmid": 10137228540, "y": 13.0694224, "x": 80.263011, "highway": null, "street_count": 3 }, "geometry": { "type": "Point", "coordinates": [ 80.263011, 13.0694224 ] } },
{ "type": "Feature", "properties": { "osmid": 10201011121, "y": 13.0811033, "x": 80.2713216, "highway": null, "street_count": 3 }, "geometry": { "type": "Point", "coordinates": [ 80.2713216, 13.0811033 ] } },
{ "type": "Feature", "properties": { "osmid": 10201011144, "y": 13.0809633, "x": 80.2709194, "highway": "traffic_signals", "street_count": 4 }, "geometry": { "type": "Point", "coordinates": [ 80.2709194, 13.0809633 ] } },
{ "type": "Feature", "properties": { "osmid": 10201011147, "y": 13.0808678, "x": 80.2709372, "highway": "traffic_signals", "street_count": 3 }, "geometry": { "type": "Point", "coordinates": [ 80.2709372, 13.0808678 ] } },
{ "type": "Feature", "properties": { "osmid": 10201011149, "y": 13.0810014, "x": 80.2709854, "highway": "traffic_signals", "street_count": 3 }, "geometry": { "type": "Point", "coordinates": [ 80.2709854, 13.0810014 ] } },
{ "type": "Feature", "properties": { "osmid": 10201877386, "y": 13.0960175, "x": 80.2678938, "highway": null, "street_count": 1 }, "geometry": { "type": "Point", "coordinates": [ 80.2678938, 13.0960175 ] } },
{ "type": "Feature", "properties": { "osmid": 10201877388, "y": 13.0947396, "x": 80.2671432, "highway": null, "street_count": 3 }, "geometry": { "type": "Point", "coordinates": [ 80.2671432, 13.0947396 ] } },
{ "type": "Feature", "properties": { "osmid": 10201877389, "y": 13.0956012, "x": 80.2677933, "highway": null, "street_count": 1 }, "geometry": { "type": "Point", "coordinates": [ 80.2677933, 13.0956012 ] } },
{ "type": "Feature", "properties": { "osmid": 10201877390, "y": 13.0956955, "x": 80.2673861, "highway": null, "street_count": 3 }, "geometry": { "type": "Point", "coordinates": [ 80.2673861, 13.0956955 ] } },
{ "type": "Feature", "properties": { "osmid": 10201877391, "y": 13.0960936, "x": 80.2674872, "highway": null, "street_count": 3 }, "geometry": { "type": "Point", "coordinates": [ 80.2674872, 13.0960936 ] } },
{ "type": "Feature", "properties": { "osmid": 10201877393, "y": 13.0953164, "x": 80.2667688, "highway": null, "street_count": 3 }, "geometry": { "type": "Point", "coordinates": [ 80.2667688, 13.0953164 ] } },
{ "type": "Feature", "properties": { "osmid": 10201877395, "y": 13.0951938, "x": 80.2672586, "highway": null, "street_count": 3 }, "geometry": { "type": "Point", "coordinates": [ 80.2672586, 13.0951938 ] } },
{ "type": "Feature", "properties": { "osmid": 10201877396, "y": 13.0956616, "x": 80.2673775, "highway": null, "street_count": 3 }, "geometry": { "type": "Point", "coordinates": [ 80.2673775, 13.0956616 ] } },
{ "type": "Feature", "properties": { "osmid": 10201877397, "y": 13.0957736, "x": 80.266909, "highway": null, "street_count": 3 }, "geometry": { "type": "Point", "coordinates": [ 80.266909, 13.0957736 ] } },
{ "type": "Feature", "properties": { "osmid": 10270761686, "y": 13.078737, "x": 80.2704823, "highway": null, "street_count": 3 }, "geometry": { "type": "Point", "coordinates": [ 80.2704823, 13.078737 ] } },
{ "type": "Feature", "properties": { "osmid": 10270810319, "y": 13.078803, "x": 80.2674246, "highway": null, "street_count": 3 }, "geometry": { "type": "Point", "coordinates": [ 80.2674246, 13.078803 ] } },
{ "type": "Feature", "properties": { "osmid": 10277778733, "y": 13.0922347, "x": 80.26944, "highway": null, "street_count": 3 }, "geometry": { "type": "Point", "coordinates": [ 80.26944, 13.0922347 ] } },
{ "type": "Feature", "properties": { "osmid": 10277778745, "y": 13.0939138, "x": 80.2684423, "highway": null, "street_count": 3 }, "geometry": { "type": "Point", "coordinates": [ 80.2684423, 13.0939138 ] } },
{ "type": "Feature", "properties": { "osmid": 10277778750, "y": 13.0945124, "x": 80.2685475, "highway": null, "street_count": 3 }, "geometry": { "type": "Point", "coordinates": [ 80.2685475, 13.0945124 ] } },
{ "type": "Feature", "properties": { "osmid": 10277778751, "y": 13.0937455, "x": 80.2685393, "highway": null, "street_count": 4 }, "geometry": { "type": "Point", "coordinates": [ 80.2685393, 13.0937455 ] } },
{ "type": "Feature", "properties": { "osmid": 10696301471, "y": 13.0934847, "x": 80.2610236, "highway": null, "street_count": 3 }, "geometry": { "type": "Point", "coordinates": [ 80.2610236, 13.0934847 ] } },
{ "type": "Feature", "properties": { "osmid": 10696417352, "y": 13.0746977, "x": 80.2575188, "highway": null, "street_count": 3 }, "geometry": { "type": "Point", "coordinates": [ 80.2575188, 13.0746977 ] } },
{ "type": "Feature", "properties": { "osmid": 10696417353, "y": 13.0747568, "x": 80.2575413, "highway": null, "street_count": 3 }, "geometry": { "type": "Point", "coordinates": [ 80.2575413, 13.0747568 ] } },
{ "type": "Feature", "properties": { "osmid": 10696417358, "y": 13.0747226, "x": 80.2575798, "highway": null, "street_count": 3 }, "geometry": { "type": "Point", "coordinates": [ 80.2575798, 13.0747226 ] } },
{ "type": "Feature", "properties": { "osmid": 10696417361, "y": 13.0746928, "x": 80.2575633, "highway": null, "street_count": 3 }, "geometry": { "type": "Point", "coordinates": [ 80.2575633, 13.0746928 ] } },
{ "type": "Feature", "properties": { "osmid": 10696417362, "y": 13.0747541, "x": 80.2575301, "highway": null, "street_count": 3 }, "geometry": { "type": "Point", "coordinates": [ 80.2575301, 13.0747541 ] } },
{ "type": "Feature", "properties": { "osmid": 10913742890, "y": 13.0930844, "x": 80.2780562, "highway": null, "street_count": 3 }, "geometry": { "type": "Point", "coordinates": [ 80.2780562, 13.0930844 ] } },
{ "type": "Feature", "properties": { "osmid": 10918115268, "y": 13.0782807, "x": 80.2812732, "highway": null, "street_count": 3 }, "geometry": { "type": "Point", "coordinates": [ 80.2812732, 13.0782807 ] } },
{ "type": "Feature", "properties": { "osmid": 10918115272, "y": 13.0784287, "x": 80.276344, "highway": null, "street_count": 3 }, "geometry": { "type": "Point", "coordinates": [ 80.276344, 13.0784287 ] } },
{ "type": "Feature", "properties": { "osmid": 10918115276, "y": 13.0781766, "x": 80.2762651, "highway": null, "street_count": 3 }, "geometry": { "type": "Point", "coordinates": [ 80.2762651, 13.0781766 ] } },
{ "type": "Feature", "properties": { "osmid": 10918115283, "y": 13.0784871, "x": 80.2759449, "highway": null, "street_count": 1 }, "geometry": { "type": "Point", "coordinates": [ 80.2759449, 13.0784871 ] } },
{ "type": "Feature", "properties": { "osmid": 10931088815, "y": 13.0933593, "x": 80.2818924, "highway": null, "street_count": 3 }, "geometry": { "type": "Point", "coordinates": [ 80.2818924, 13.0933593 ] } },
{ "type": "Feature", "properties": { "osmid": 10933187050, "y": 13.0943628, "x": 80.2841, "highway": null, "street_count": 1 }, "geometry": { "type": "Point", "coordinates": [ 80.2841, 13.0943628 ] } },
{ "type": "Feature", "properties": { "osmid": 10933187057, "y": 13.0933125, "x": 80.2839218, "highway": null, "street_count": 1 }, "geometry": { "type": "Point", "coordinates": [ 80.2839218, 13.0933125 ] } },
{ "type": "Feature", "properties": { "osmid": 10933187063, "y": 13.0938443, "x": 80.2840099, "highway": null, "street_count": 3 }, "geometry": { "type": "Point", "coordinates": [ 80.2840099, 13.0938443 ] } },
{ "type": "Feature", "properties": { "osmid": 10933187064, "y": 13.093907, "x": 80.2835921, "highway": null, "street_count": 3 }, "geometry": { "type": "Point", "coordinates": [ 80.2835921, 13.093907 ] } },
{ "type": "Feature", "properties": { "osmid": 10942166365, "y": 13.0765553, "x": 80.2654555, "highway": null, "street_count": 3 }, "geometry": { "type": "Point", "coordinates": [ 80.2654555, 13.0765553 ] } },
{ "type": "Feature", "properties": { "osmid": 10942166380, "y": 13.0762834, "x": 80.26528, "highway": null, "street_count": 3 }, "geometry": { "type": "Point", "coordinates": [ 80.26528, 13.0762834 ] } },
{ "type": "Feature", "properties": { "osmid": 10942166385, "y": 13.0764523, "x": 80.2652478, "highway": null, "street_count": 3 }, "geometry": { "type": "Point", "coordinates": [ 80.2652478, 13.0764523 ] } },
{ "type": "Feature", "properties": { "osmid": 10942166391, "y": 13.0762896, "x": 80.2654267, "highway": null, "street_count": 3 }, "geometry": { "type": "Point", "coordinates": [ 80.2654267, 13.0762896 ] } },
{ "type": "Feature", "properties": { "osmid": 10942166396, "y": 13.0764534, "x": 80.2654495, "highway": null, "street_count": 3 }, "geometry": { "type": "Point", "coordinates": [ 80.2654495, 13.0764534 ] } },
{ "type": "Feature", "properties": { "osmid": 10942166400, "y": 13.0763529, "x": 80.2654686, "highway": null, "street_count": 3 }, "geometry": { "type": "Point", "coordinates": [ 80.2654686, 13.0763529 ] } },
{ "type": "Feature", "properties": { "osmid": 10942166402, "y": 13.0764626, "x": 80.265442, "highway": null, "street_count": 3 }, "geometry": { "type": "Point", "coordinates": [ 80.265442, 13.0764626 ] } },
{ "type": "Feature", "properties": { "osmid": 10942166404, "y": 13.0764992, "x": 80.265316, "highway": null, "street_count": 3 }, "geometry": { "type": "Point", "coordinates": [ 80.265316, 13.0764992 ] } },
{ "type": "Feature", "properties": { "osmid": 10942180718, "y": 13.0760833, "x": 80.2647831, "highway": null, "street_count": 3 }, "geometry": { "type": "Point", "coordinates": [ 80.2647831, 13.0760833 ] } },
{ "type": "Feature", "properties": { "osmid": 10942180719, "y": 13.076017, "x": 80.2648197, "highway": null, "street_count": 3 }, "geometry": { "type": "Point", "coordinates": [ 80.2648197, 13.076017 ] } },
{ "type": "Feature", "properties": { "osmid": 10942180741, "y": 13.0764718, "x": 80.2652653, "highway": null, "street_count": 3 }, "geometry": { "type": "Point", "coordinates": [ 80.2652653, 13.0764718 ] } },
{ "type": "Feature", "properties": { "osmid": 10942180742, "y": 13.0767058, "x": 80.2641819, "highway": null, "street_count": 4 }, "geometry": { "type": "Point", "coordinates": [ 80.2641819, 13.0767058 ] } },
{ "type": "Feature", "properties": { "osmid": 10942180765, "y": 13.0781239, "x": 80.263408, "highway": null, "street_count": 3 }, "geometry": { "type": "Point", "coordinates": [ 80.263408, 13.0781239 ] } },
{ "type": "Feature", "properties": { "osmid": 10942180774, "y": 13.0782767, "x": 80.2633478, "highway": null, "street_count": 3 }, "geometry": { "type": "Point", "coordinates": [ 80.2633478, 13.0782767 ] } },
{ "type": "Feature", "properties": { "osmid": 10942180781, "y": 13.0781766, "x": 80.2634339, "highway": null, "street_count": 3 }, "geometry": { "type": "Point", "coordinates": [ 80.2634339, 13.0781766 ] } },
{ "type": "Feature", "properties": { "osmid": 10942180787, "y": 13.0786209, "x": 80.2654625, "highway": null, "street_count": 3 }, "geometry": { "type": "Point", "coordinates": [ 80.2654625, 13.0786209 ] } },
{ "type": "Feature", "properties": { "osmid": 10942180788, "y": 13.0786782, "x": 80.2654562, "highway": "traffic_signals", "street_count": 3 }, "geometry": { "type": "Point", "coordinates": [ 80.2654562, 13.0786782 ] } },
{ "type": "Feature", "properties": { "osmid": 10942180789, "y": 13.0786041, "x": 80.26537, "highway": "traffic_signals", "street_count": 4 }, "geometry": { "type": "Point", "coordinates": [ 80.26537, 13.0786041 ] } },
{ "type": "Feature", "properties": { "osmid": 10942180790, "y": 13.0786602, "x": 80.2653625, "highway": "traffic_signals", "street_count": 4 }, "geometry": { "type": "Point", "coordinates": [ 80.2653625, 13.0786602 ] } },
{ "type": "Feature", "properties": { "osmid": 10942180824, "y": 13.0758182, "x": 80.2643034, "highway": null, "street_count": 4 }, "geometry": { "type": "Point", "coordinates": [ 80.2643034, 13.0758182 ] } },
{ "type": "Feature", "properties": { "osmid": 10942180826, "y": 13.0757165, "x": 80.2642609, "highway": null, "street_count": 3 }, "geometry": { "type": "Point", "coordinates": [ 80.2642609, 13.0757165 ] } },
{ "type": "Feature", "properties": { "osmid": 10942180827, "y": 13.0754137, "x": 80.265263, "highway": null, "street_count": 3 }, "geometry": { "type": "Point", "coordinates": [ 80.265263, 13.0754137 ] } },
{ "type": "Feature", "properties": { "osmid": 10945638478, "y": 13.0733508, "x": 80.2609359, "highway": null, "street_count": 3 }, "geometry": { "type": "Point", "coordinates": [ 80.2609359, 13.0733508 ] } },
{ "type": "Feature", "properties": { "osmid": 10945638487, "y": 13.0731602, "x": 80.2608651, "highway": null, "street_count": 3 }, "geometry": { "type": "Point", "coordinates": [ 80.2608651, 13.0731602 ] } },
{ "type": "Feature", "properties": { "osmid": 10945638495, "y": 13.0731296, "x": 80.2611874, "highway": null, "street_count": 3 }, "geometry": { "type": "Point", "coordinates": [ 80.2611874, 13.0731296 ] } },
{ "type": "Feature", "properties": { "osmid": 10945638499, "y": 13.0732499, "x": 80.2613145, "highway": null, "street_count": 3 }, "geometry": { "type": "Point", "coordinates": [ 80.2613145, 13.0732499 ] } },
{ "type": "Feature", "properties": { "osmid": 10945638504, "y": 13.0733276, "x": 80.2611871, "highway": null, "street_count": 4 }, "geometry": { "type": "Point", "coordinates": [ 80.2611871, 13.0733276 ] } },
{ "type": "Feature", "properties": { "osmid": 10945643906, "y": 13.0731562, "x": 80.2612858, "highway": null, "street_count": 3 }, "geometry": { "type": "Point", "coordinates": [ 80.2612858, 13.0731562 ] } },
{ "type": "Feature", "properties": { "osmid": 10968670976, "y": 13.0898496, "x": 80.2801378, "highway": null, "street_count": 3 }, "geometry": { "type": "Point", "coordinates": [ 80.2801378, 13.0898496 ] } },
{ "type": "Feature", "properties": { "osmid": 10968670979, "y": 13.0898991, "x": 80.2797871, "highway": null, "street_count": 3 }, "geometry": { "type": "Point", "coordinates": [ 80.2797871, 13.0898991 ] } },
{ "type": "Feature", "properties": { "osmid": 10968670980, "y": 13.0895407, "x": 80.2800926, "highway": null, "street_count": 1 }, "geometry": { "type": "Point", "coordinates": [ 80.2800926, 13.0895407 ] } },
{ "type": "Feature", "properties": { "osmid": 10968670987, "y": 13.0899883, "x": 80.2799789, "highway": null, "street_count": 1 }, "geometry": { "type": "Point", "coordinates": [ 80.2799789, 13.0899883 ] } },
{ "type": "Feature", "properties": { "osmid": 11039950261, "y": 13.0741838, "x": 80.2734141, "highway": null, "street_count": 3 }, "geometry": { "type": "Point", "coordinates": [ 80.2734141, 13.0741838 ] } },
{ "type": "Feature", "properties": { "osmid": 11041536448, "y": 13.0705391, "x": 80.2638713, "highway": null, "street_count": 3 }, "geometry": { "type": "Point", "coordinates": [ 80.2638713, 13.0705391 ] } },
{ "type": "Feature", "properties": { "osmid": 11041536449, "y": 13.0698621, "x": 80.2639084, "highway": null, "street_count": 3 }, "geometry": { "type": "Point", "coordinates": [ 80.2639084, 13.0698621 ] } },
{ "type": "Feature", "properties": { "osmid": 11041536450, "y": 13.069848, "x": 80.2632578, "highway": null, "street_count": 1 }, "geometry": { "type": "Point", "coordinates": [ 80.2632578, 13.069848 ] } },
{ "type": "Feature", "properties": { "osmid": 11041536451, "y": 13.0704573, "x": 80.2638759, "highway": null, "street_count": 3 }, "geometry": { "type": "Point", "coordinates": [ 80.2638759, 13.0704573 ] } },
{ "type": "Feature", "properties": { "osmid": 11041536453, "y": 13.0698512, "x": 80.2635307, "highway": null, "street_count": 4 }, "geometry": { "type": "Point", "coordinates": [ 80.2635307, 13.0698512 ] } },
{ "type": "Feature", "properties": { "osmid": 11041536455, "y": 13.0703385, "x": 80.2638826, "highway": null, "street_count": 3 }, "geometry": { "type": "Point", "coordinates": [ 80.2638826, 13.0703385 ] } },
{ "type": "Feature", "properties": { "osmid": 11041536456, "y": 13.0703148, "x": 80.2635199, "highway": null, "street_count": 3 }, "geometry": { "type": "Point", "coordinates": [ 80.2635199, 13.0703148 ] } },
{ "type": "Feature", "properties": { "osmid": 11041536457, "y": 13.0701663, "x": 80.2635234, "highway": null, "street_count": 3 }, "geometry": { "type": "Point", "coordinates": [ 80.2635234, 13.0701663 ] } },
{ "type": "Feature", "properties": { "osmid": 11041536458, "y": 13.0701797, "x": 80.2638915, "highway": null, "street_count": 3 }, "geometry": { "type": "Point", "coordinates": [ 80.2638915, 13.0701797 ] } },
{ "type": "Feature", "properties": { "osmid": 11041536459, "y": 13.0700284, "x": 80.2639, "highway": null, "street_count": 3 }, "geometry": { "type": "Point", "coordinates": [ 80.2639, 13.0700284 ] } },
{ "type": "Feature", "properties": { "osmid": 11041536460, "y": 13.0700162, "x": 80.2635269, "highway": null, "street_count": 3 }, "geometry": { "type": "Point", "coordinates": [ 80.2635269, 13.0700162 ] } },
{ "type": "Feature", "properties": { "osmid": 11043917551, "y": 13.0862827, "x": 80.2612239, "highway": null, "street_count": 3 }, "geometry": { "type": "Point", "coordinates": [ 80.2612239, 13.0862827 ] } },
{ "type": "Feature", "properties": { "osmid": 11043917552, "y": 13.0862517, "x": 80.261346, "highway": null, "street_count": 3 }, "geometry": { "type": "Point", "coordinates": [ 80.261346, 13.0862517 ] } },
{ "type": "Feature", "properties": { "osmid": 11043917553, "y": 13.086237, "x": 80.2614038, "highway": null, "street_count": 3 }, "geometry": { "type": "Point", "coordinates": [ 80.2614038, 13.086237 ] } },
{ "type": "Feature", "properties": { "osmid": 11043917566, "y": 13.0861133, "x": 80.2615388, "highway": null, "street_count": 1 }, "geometry": { "type": "Point", "coordinates": [ 80.2615388, 13.0861133 ] } },
{ "type": "Feature", "properties": { "osmid": 11043917567, "y": 13.0861926, "x": 80.2615377, "highway": null, "street_count": 3 }, "geometry": { "type": "Point", "coordinates": [ 80.2615377, 13.0861926 ] } },
{ "type": "Feature", "properties": { "osmid": 11043917568, "y": 13.0861583, "x": 80.2613984, "highway": null, "street_count": 1 }, "geometry": { "type": "Point", "coordinates": [ 80.2613984, 13.0861583 ] } },
{ "type": "Feature", "properties": { "osmid": 11043917569, "y": 13.0861904, "x": 80.2612201, "highway": null, "street_count": 1 }, "geometry": { "type": "Point", "coordinates": [ 80.2612201, 13.0861904 ] } },
{ "type": "Feature", "properties": { "osmid": 11043917570, "y": 13.0861709, "x": 80.2613462, "highway": null, "street_count": 1 }, "geometry": { "type": "Point", "coordinates": [ 80.2613462, 13.0861709 ] } },
{ "type": "Feature", "properties": { "osmid": 11047668587, "y": 13.081134, "x": 80.2575501, "highway": null, "street_count": 3 }, "geometry": { "type": "Point", "coordinates": [ 80.2575501, 13.081134 ] } },
{ "type": "Feature", "properties": { "osmid": 11047668588, "y": 13.0808121, "x": 80.2575088, "highway": null, "street_count": 1 }, "geometry": { "type": "Point", "coordinates": [ 80.2575088, 13.0808121 ] } },
{ "type": "Feature", "properties": { "osmid": 11047702705, "y": 13.0810596, "x": 80.2580211, "highway": null, "street_count": 3 }, "geometry": { "type": "Point", "coordinates": [ 80.2580211, 13.0810596 ] } },
{ "type": "Feature", "properties": { "osmid": 11047702706, "y": 13.0815765, "x": 80.2580386, "highway": null, "street_count": 1 }, "geometry": { "type": "Point", "coordinates": [ 80.2580386, 13.0815765 ] } },
{ "type": "Feature", "properties": { "osmid": 11047702707, "y": 13.0810196, "x": 80.2583322, "highway": null, "street_count": 1 }, "geometry": { "type": "Point", "coordinates": [ 80.2583322, 13.0810196 ] } },
{ "type": "Feature", "properties": { "osmid": 11058071431, "y": 13.0789739, "x": 80.2775262, "highway": null, "street_count": 1 }, "geometry": { "type": "Point", "coordinates": [ 80.2775262, 13.0789739 ] } },
{ "type": "Feature", "properties": { "osmid": 11058071434, "y": 13.078416, "x": 80.2775401, "highway": null, "street_count": 3 }, "geometry": { "type": "Point", "coordinates": [ 80.2775401, 13.078416 ] } },
{ "type": "Feature", "properties": { "osmid": 11058719146, "y": 13.0933442, "x": 80.2687489, "highway": null, "street_count": 3 }, "geometry": { "type": "Point", "coordinates": [ 80.2687489, 13.0933442 ] } },
{ "type": "Feature", "properties": { "osmid": 11058719154, "y": 13.0933082, "x": 80.2686673, "highway": null, "street_count": 1 }, "geometry": { "type": "Point", "coordinates": [ 80.2686673, 13.0933082 ] } },
{ "type": "Feature", "properties": { "osmid": 11058903225, "y": 13.0949342, "x": 80.2666437, "highway": null, "street_count": 3 }, "geometry": { "type": "Point", "coordinates": [ 80.2666437, 13.0949342 ] } },
{ "type": "Feature", "properties": { "osmid": 11064385045, "y": 13.0944787, "x": 80.2573576, "highway": null, "street_count": 3 }, "geometry": { "type": "Point", "coordinates": [ 80.2573576, 13.0944787 ] } },
{ "type": "Feature", "properties": { "osmid": 11064517108, "y": 13.0943785, "x": 80.2600031, "highway": null, "street_count": 3 }, "geometry": { "type": "Point", "coordinates": [ 80.2600031, 13.0943785 ] } },
{ "type": "Feature", "properties": { "osmid": 11143429802, "y": 13.0770718, "x": 80.2762158, "highway": null, "street_count": 3 }, "geometry": { "type": "Point", "coordinates": [ 80.2762158, 13.0770718 ] } },
{ "type": "Feature", "properties": { "osmid": 11252278807, "y": 13.0774141, "x": 80.2614339, "highway": null, "street_count": 3 }, "geometry": { "type": "Point", "coordinates": [ 80.2614339, 13.0774141 ] } },
{ "type": "Feature", "properties": { "osmid": 11252278808, "y": 13.0771518, "x": 80.2615056, "highway": null, "street_count": 1 }, "geometry": { "type": "Point", "coordinates": [ 80.2615056, 13.0771518 ] } },
{ "type": "Feature", "properties": { "osmid": 11257148958, "y": 13.0919423, "x": 80.2652487, "highway": null, "street_count": 1 }, "geometry": { "type": "Point", "coordinates": [ 80.2652487, 13.0919423 ] } },
{ "type": "Feature", "properties": { "osmid": 11274513921, "y": 13.0693891, "x": 80.2696432, "highway": null, "street_count": 3 }, "geometry": { "type": "Point", "coordinates": [ 80.2696432, 13.0693891 ] } },
{ "type": "Feature", "properties": { "osmid": 11274513922, "y": 13.0693252, "x": 80.270008, "highway": null, "street_count": 3 }, "geometry": { "type": "Point", "coordinates": [ 80.270008, 13.0693252 ] } },
{ "type": "Feature", "properties": { "osmid": 11292812953, "y": 13.0939892, "x": 80.2683862, "highway": null, "street_count": 3 }, "geometry": { "type": "Point", "coordinates": [ 80.2683862, 13.0939892 ] } },
{ "type": "Feature", "properties": { "osmid": 11292812955, "y": 13.0940836, "x": 80.2684063, "highway": null, "street_count": 4 }, "geometry": { "type": "Point", "coordinates": [ 80.2684063, 13.0940836 ] } },
{ "type": "Feature", "properties": { "osmid": 11292812957, "y": 13.0940109, "x": 80.2684607, "highway": null, "street_count": 4 }, "geometry": { "type": "Point", "coordinates": [ 80.2684607, 13.0940109 ] } },
{ "type": "Feature", "properties": { "osmid": 11292824785, "y": 13.0842968, "x": 80.270516, "highway": null, "street_count": 3 }, "geometry": { "type": "Point", "coordinates": [ 80.270516, 13.0842968 ] } },
{ "type": "Feature", "properties": { "osmid": 11330972865, "y": 13.0891774, "x": 80.261442, "highway": null, "street_count": 1 }, "geometry": { "type": "Point", "coordinates": [ 80.261442, 13.0891774 ] } },
{ "type": "Feature", "properties": { "osmid": 11363763117, "y": 13.0902831, "x": 80.263157, "highway": null, "street_count": 3 }, "geometry": { "type": "Point", "coordinates": [ 80.263157, 13.0902831 ] } },
{ "type": "Feature", "properties": { "osmid": 11363783288, "y": 13.0930889, "x": 80.2605802, "highway": null, "street_count": 3 }, "geometry": { "type": "Point", "coordinates": [ 80.2605802, 13.0930889 ] } },
{ "type": "Feature", "properties": { "osmid": 11363847033, "y": 13.09298, "x": 80.2571851, "highway": null, "street_count": 3 }, "geometry": { "type": "Point", "coordinates": [ 80.2571851, 13.09298 ] } },
{ "type": "Feature", "properties": { "osmid": 11363907651, "y": 13.0956982, "x": 80.2615473, "highway": null, "street_count": 3 }, "geometry": { "type": "Point", "coordinates": [ 80.2615473, 13.0956982 ] } },
{ "type": "Feature", "properties": { "osmid": 11407760007, "y": 13.0885116, "x": 80.2633057, "highway": null, "street_count": 3 }, "geometry": { "type": "Point", "coordinates": [ 80.2633057, 13.0885116 ] } },
{ "type": "Feature", "properties": { "osmid": 11420001944, "y": 13.0889252, "x": 80.2679353, "highway": null, "street_count": 3 }, "geometry": { "type": "Point", "coordinates": [ 80.2679353, 13.0889252 ] } },
{ "type": "Feature", "properties": { "osmid": 11420001950, "y": 13.0885114, "x": 80.2688308, "highway": null, "street_count": 3 }, "geometry": { "type": "Point", "coordinates": [ 80.2688308, 13.0885114 ] } },
{ "type": "Feature", "properties": { "osmid": 11420101014, "y": 13.0845731, "x": 80.2675959, "highway": null, "street_count": 1 }, "geometry": { "type": "Point", "coordinates": [ 80.2675959, 13.0845731 ] } },
{ "type": "Feature", "properties": { "osmid": 11420189370, "y": 13.0875928, "x": 80.2756755, "highway": null, "street_count": 3 }, "geometry": { "type": "Point", "coordinates": [ 80.2756755, 13.0875928 ] } },
{ "type": "Feature", "properties": { "osmid": 11431663719, "y": 13.0923317, "x": 80.2751074, "highway": null, "street_count": 3 }, "geometry": { "type": "Point", "coordinates": [ 80.2751074, 13.0923317 ] } },
{ "type": "Feature", "properties": { "osmid": 11487003164, "y": 13.0839119, "x": 80.2678168, "highway": null, "street_count": 1 }, "geometry": { "type": "Point", "coordinates": [ 80.2678168, 13.0839119 ] } },
{ "type": "Feature", "properties": { "osmid": 11487003165, "y": 13.083908, "x": 80.2681792, "highway": null, "street_count": 3 }, "geometry": { "type": "Point", "coordinates": [ 80.2681792, 13.083908 ] } },
{ "type": "Feature", "properties": { "osmid": 11495672518, "y": 13.0753503, "x": 80.2582373, "highway": null, "street_count": 4 }, "geometry": { "type": "Point", "coordinates": [ 80.2582373, 13.0753503 ] } },
{ "type": "Feature", "properties": { "osmid": 11495672519, "y": 13.0753974, "x": 80.258202, "highway": null, "street_count": 4 }, "geometry": { "type": "Point", "coordinates": [ 80.258202, 13.0753974 ] } },
{ "type": "Feature", "properties": { "osmid": 11495672527, "y": 13.0754474, "x": 80.2582613, "highway": null, "street_count": 4 }, "geometry": { "type": "Point", "coordinates": [ 80.2582613, 13.0754474 ] } },
{ "type": "Feature", "properties": { "osmid": 11495672537, "y": 13.0753845, "x": 80.258288, "highway": null, "street_count": 4 }, "geometry": { "type": "Point", "coordinates": [ 80.258288, 13.0753845 ] } },
{ "type": "Feature", "properties": { "osmid": 11495672549, "y": 13.0753556, "x": 80.2581567, "highway": null, "street_count": 3 }, "geometry": { "type": "Point", "coordinates": [ 80.2581567, 13.0753556 ] } },
{ "type": "Feature", "properties": { "osmid": 11495672553, "y": 13.0754805, "x": 80.2581525, "highway": null, "street_count": 3 }, "geometry": { "type": "Point", "coordinates": [ 80.2581525, 13.0754805 ] } },
{ "type": "Feature", "properties": { "osmid": 11496743267, "y": 13.0940931, "x": 80.2752054, "highway": null, "street_count": 3 }, "geometry": { "type": "Point", "coordinates": [ 80.2752054, 13.0940931 ] } },
{ "type": "Feature", "properties": { "osmid": 11593718586, "y": 13.0849985, "x": 80.2577534, "highway": null, "street_count": 3 }, "geometry": { "type": "Point", "coordinates": [ 80.2577534, 13.0849985 ] } },
{ "type": "Feature", "properties": { "osmid": 11593727658, "y": 13.0843389, "x": 80.2571699, "highway": null, "street_count": 1 }, "geometry": { "type": "Point", "coordinates": [ 80.2571699, 13.0843389 ] } },
{ "type": "Feature", "properties": { "osmid": 11593745028, "y": 13.0946997, "x": 80.2644286, "highway": null, "street_count": 3 }, "geometry": { "type": "Point", "coordinates": [ 80.2644286, 13.0946997 ] } },
{ "type": "Feature", "properties": { "osmid": 11593745029, "y": 13.0944081, "x": 80.2644403, "highway": null, "street_count": 1 }, "geometry": { "type": "Point", "coordinates": [ 80.2644403, 13.0944081 ] } },
{ "type": "Feature", "properties": { "osmid": 11593754163, "y": 13.0946787, "x": 80.2640279, "highway": null, "street_count": 3 }, "geometry": { "type": "Point", "coordinates": [ 80.2640279, 13.0946787 ] } },
{ "type": "Feature", "properties": { "osmid": 11593754164, "y": 13.0943426, "x": 80.2640538, "highway": null, "street_count": 1 }, "geometry": { "type": "Point", "coordinates": [ 80.2640538, 13.0943426 ] } },
{ "type": "Feature", "properties": { "osmid": 11593754165, "y": 13.0946906, "x": 80.2641544, "highway": null, "street_count": 3 }, "geometry": { "type": "Point", "coordinates": [ 80.2641544, 13.0946906 ] } },
{ "type": "Feature", "properties": { "osmid": 11593754166, "y": 13.0943764, "x": 80.2641711, "highway": null, "street_count": 1 }, "geometry": { "type": "Point", "coordinates": [ 80.2641711, 13.0943764 ] } },
{ "type": "Feature", "properties": { "osmid": 11593757319, "y": 13.0934608, "x": 80.2632955, "highway": null, "street_count": 3 }, "geometry": { "type": "Point", "coordinates": [ 80.2632955, 13.0934608 ] } },
{ "type": "Feature", "properties": { "osmid": 11593757320, "y": 13.0930456, "x": 80.2632627, "highway": null, "street_count": 1 }, "geometry": { "type": "Point", "coordinates": [ 80.2632627, 13.0930456 ] } },
{ "type": "Feature", "properties": { "osmid": 11593757541, "y": 13.0851537, "x": 80.2585738, "highway": null, "street_count": 3 }, "geometry": { "type": "Point", "coordinates": [ 80.2585738, 13.0851537 ] } },
{ "type": "Feature", "properties": { "osmid": 11593757542, "y": 13.0850663, "x": 80.258113, "highway": null, "street_count": 1 }, "geometry": { "type": "Point", "coordinates": [ 80.258113, 13.0850663 ] } },
{ "type": "Feature", "properties": { "osmid": 11593774039, "y": 13.0818867, "x": 80.2597772, "highway": null, "street_count": 1 }, "geometry": { "type": "Point", "coordinates": [ 80.2597772, 13.0818867 ] } },
{ "type": "Feature", "properties": { "osmid": 11593796616, "y": 13.0830971, "x": 80.2571228, "highway": null, "street_count": 1 }, "geometry": { "type": "Point", "coordinates": [ 80.2571228, 13.0830971 ] } },
{ "type": "Feature", "properties": { "osmid": 11593796624, "y": 13.0827601, "x": 80.2574767, "highway": null, "street_count": 1 }, "geometry": { "type": "Point", "coordinates": [ 80.2574767, 13.0827601 ] } },
{ "type": "Feature", "properties": { "osmid": 11613260523, "y": 13.0698051, "x": 80.269547, "highway": null, "street_count": 3 }, "geometry": { "type": "Point", "coordinates": [ 80.269547, 13.0698051 ] } },
{ "type": "Feature", "properties": { "osmid": 11613260530, "y": 13.0700108, "x": 80.269802, "highway": null, "street_count": 1 }, "geometry": { "type": "Point", "coordinates": [ 80.269802, 13.0700108 ] } },
{ "type": "Feature", "properties": { "osmid": 11613260531, "y": 13.0693758, "x": 80.269719, "highway": null, "street_count": 3 }, "geometry": { "type": "Point", "coordinates": [ 80.269719, 13.0693758 ] } },
{ "type": "Feature", "properties": { "osmid": 11613260534, "y": 13.0695722, "x": 80.2698543, "highway": null, "street_count": 1 }, "geometry": { "type": "Point", "coordinates": [ 80.2698543, 13.0695722 ] } },
{ "type": "Feature", "properties": { "osmid": 11618542315, "y": 13.0867912, "x": 80.265548, "highway": null, "street_count": 3 }, "geometry": { "type": "Point", "coordinates": [ 80.265548, 13.0867912 ] } },
{ "type": "Feature", "properties": { "osmid": 11622043154, "y": 13.0783899, "x": 80.2712528, "highway": null, "street_count": 3 }, "geometry": { "type": "Point", "coordinates": [ 80.2712528, 13.0783899 ] } },
{ "type": "Feature", "properties": { "osmid": 11622043160, "y": 13.0781324, "x": 80.2712376, "highway": null, "street_count": 1 }, "geometry": { "type": "Point", "coordinates": [ 80.2712376, 13.0781324 ] } },
{ "type": "Feature", "properties": { "osmid": 11622048949, "y": 13.0782235, "x": 80.2710338, "highway": null, "street_count": 3 }, "geometry": { "type": "Point", "coordinates": [ 80.2710338, 13.0782235 ] } },
{ "type": "Feature", "properties": { "osmid": 11622048950, "y": 13.0782797, "x": 80.2708036, "highway": null, "street_count": 1 }, "geometry": { "type": "Point", "coordinates": [ 80.2708036, 13.0782797 ] } },
{ "type": "Feature", "properties": { "osmid": 11648636048, "y": 13.0849604, "x": 80.2683306, "highway": null, "street_count": 3 }, "geometry": { "type": "Point", "coordinates": [ 80.2683306, 13.0849604 ] } },
{ "type": "Feature", "properties": { "osmid": 11648636049, "y": 13.0852837, "x": 80.268332, "highway": null, "street_count": 1 }, "geometry": { "type": "Point", "coordinates": [ 80.268332, 13.0852837 ] } },
{ "type": "Feature", "properties": { "osmid": 11648652960, "y": 13.0849554, "x": 80.2685296, "highway": null, "street_count": 3 }, "geometry": { "type": "Point", "coordinates": [ 80.2685296, 13.0849554 ] } },
{ "type": "Feature", "properties": { "osmid": 11648652961, "y": 13.0854737, "x": 80.2685716, "highway": null, "street_count": 1 }, "geometry": { "type": "Point", "coordinates": [ 80.2685716, 13.0854737 ] } },
{ "type": "Feature", "properties": { "osmid": 11655247684, "y": 13.0960287, "x": 80.2774622, "highway": null, "street_count": 1 }, "geometry": { "type": "Point", "coordinates": [ 80.2774622, 13.0960287 ] } },
{ "type": "Feature", "properties": { "osmid": 11721802782, "y": 13.0910572, "x": 80.264162, "highway": null, "street_count": 1 }, "geometry": { "type": "Point", "coordinates": [ 80.264162, 13.0910572 ] } },
{ "type": "Feature", "properties": { "osmid": 11721820302, "y": 13.0961233, "x": 80.2578824, "highway": null, "street_count": 3 }, "geometry": { "type": "Point", "coordinates": [ 80.2578824, 13.0961233 ] } },
{ "type": "Feature", "properties": { "osmid": 11764780414, "y": 13.074155, "x": 80.2580385, "highway": null, "street_count": 1 }, "geometry": { "type": "Point", "coordinates": [ 80.2580385, 13.074155 ] } },
{ "type": "Feature", "properties": { "osmid": 11770642530, "y": 13.0919807, "x": 80.2640168, "highway": null, "street_count": 3 }, "geometry": { "type": "Point", "coordinates": [ 80.2640168, 13.0919807 ] } },
{ "type": "Feature", "properties": { "osmid": 11780149021, "y": 13.0902351, "x": 80.2634826, "highway": null, "street_count": 3 }, "geometry": { "type": "Point", "coordinates": [ 80.2634826, 13.0902351 ] } },
{ "type": "Feature", "properties": { "osmid": 11780216061, "y": 13.0742065, "x": 80.2622676, "highway": null, "street_count": 3 }, "geometry": { "type": "Point", "coordinates": [ 80.2622676, 13.0742065 ] } },
{ "type": "Feature", "properties": { "osmid": 11782581938, "y": 13.071239, "x": 80.2675523, "highway": null, "street_count": 1 }, "geometry": { "type": "Point", "coordinates": [ 80.2675523, 13.071239 ] } },
{ "type": "Feature", "properties": { "osmid": 11782581939, "y": 13.0712944, "x": 80.2677942, "highway": null, "street_count": 3 }, "geometry": { "type": "Point", "coordinates": [ 80.2677942, 13.0712944 ] } },
{ "type": "Feature", "properties": { "osmid": 11786145621, "y": 13.0824032, "x": 80.2595578, "highway": null, "street_count": 1 }, "geometry": { "type": "Point", "coordinates": [ 80.2595578, 13.0824032 ] } },
{ "type": "Feature", "properties": { "osmid": 11830090751, "y": 13.0736059, "x": 80.2751299, "highway": null, "street_count": 3 }, "geometry": { "type": "Point", "coordinates": [ 80.2751299, 13.0736059 ] } },
{ "type": "Feature", "properties": { "osmid": 11830090752, "y": 13.0736708, "x": 80.2753449, "highway": null, "street_count": 1 }, "geometry": { "type": "Point", "coordinates": [ 80.2753449, 13.0736708 ] } },
{ "type": "Feature", "properties": { "osmid": 11836557917, "y": 13.0937488, "x": 80.2678862, "highway": null, "street_count": 3 }, "geometry": { "type": "Point", "coordinates": [ 80.2678862, 13.0937488 ] } },
{ "type": "Feature", "properties": { "osmid": 11836557918, "y": 13.0933197, "x": 80.2678593, "highway": null, "street_count": 1 }, "geometry": { "type": "Point", "coordinates": [ 80.2678593, 13.0933197 ] } },
{ "type": "Feature", "properties": { "osmid": 11931401572, "y": 13.0835021, "x": 80.2667869, "highway": null, "street_count": 3 }, "geometry": { "type": "Point", "coordinates": [ 80.2667869, 13.0835021 ] } },
{ "type": "Feature", "properties": { "osmid": 11934705300, "y": 13.0888641, "x": 80.2585836, "highway": null, "street_count": 4 }, "geometry": { "type": "Point", "coordinates": [ 80.2585836, 13.0888641 ] } },
{ "type": "Feature", "properties": { "osmid": 11936481870, "y": 13.071935, "x": 80.2746906, "highway": null, "street_count": 3 }, "geometry": { "type": "Point", "coordinates": [ 80.2746906, 13.071935 ] } },
{ "type": "Feature", "properties": { "osmid": 11936637469, "y": 13.0821094, "x": 80.277998, "highway": null, "street_count": 3 }, "geometry": { "type": "Point", "coordinates": [ 80.277998, 13.0821094 ] } },
{ "type": "Feature", "properties": { "osmid": 11937052854, "y": 13.0692713, "x": 80.2784577, "highway": null, "street_count": 3 }, "geometry": { "type": "Point", "coordinates": [ 80.2784577, 13.0692713 ] } },
{ "type": "Feature", "properties": { "osmid": 11939347655, "y": 13.0852969, "x": 80.28452, "highway": null, "street_count": 3 }, "geometry": { "type": "Point", "coordinates": [ 80.28452, 13.0852969 ] } },
{ "type": "Feature", "properties": { "osmid": 11939353037, "y": 13.0736238, "x": 80.2765861, "highway": null, "street_count": 3 }, "geometry": { "type": "Point", "coordinates": [ 80.2765861, 13.0736238 ] } },
{ "type": "Feature", "properties": { "osmid": 12014896334, "y": 13.0921255, "x": 80.2597682, "highway": null, "street_count": 1 }, "geometry": { "type": "Point", "coordinates": [ 80.2597682, 13.0921255 ] } },
{ "type": "Feature", "properties": { "osmid": 12027826403, "y": 13.0717578, "x": 80.2718985, "highway": null, "street_count": 1 }, "geometry": { "type": "Point", "coordinates": [ 80.2718985, 13.0717578 ] } },
{ "type": "Feature", "properties": { "osmid": 12030548521, "y": 13.0951451, "x": 80.2783915, "highway": null, "street_count": 1 }, "geometry": { "type": "Point", "coordinates": [ 80.2783915, 13.0951451 ] } },
{ "type": "Feature", "properties": { "osmid": 12031061512, "y": 13.0694311, "x": 80.2635395, "highway": null, "street_count": 3 }, "geometry": { "type": "Point", "coordinates": [ 80.2635395, 13.0694311 ] } },
{ "type": "Feature", "properties": { "osmid": 12032861201, "y": 13.087151, "x": 80.2626701, "highway": null, "street_count": 3 }, "geometry": { "type": "Point", "coordinates": [ 80.2626701, 13.087151 ] } },
{ "type": "Feature", "properties": { "osmid": 12032861202, "y": 13.0865053, "x": 80.262969, "highway": null, "street_count": 3 }, "geometry": { "type": "Point", "coordinates": [ 80.262969, 13.0865053 ] } },
{ "type": "Feature", "properties": { "osmid": 12032970925, "y": 13.0908074, "x": 80.2678809, "highway": null, "street_count": 3 }, "geometry": { "type": "Point", "coordinates": [ 80.2678809, 13.0908074 ] } },
{ "type": "Feature", "properties": { "osmid": 12035794039, "y": 13.0706117, "x": 80.2739918, "highway": null, "street_count": 3 }, "geometry": { "type": "Point", "coordinates": [ 80.2739918, 13.0706117 ] } },
{ "type": "Feature", "properties": { "osmid": 12049282804, "y": 13.0757011, "x": 80.2575728, "highway": null, "street_count": 1 }, "geometry": { "type": "Point", "coordinates": [ 80.2575728, 13.0757011 ] } },
{ "type": "Feature", "properties": { "osmid": 12054359464, "y": 13.0828801, "x": 80.2656336, "highway": null, "street_count": 3 }, "geometry": { "type": "Point", "coordinates": [ 80.2656336, 13.0828801 ] } },
{ "type": "Feature", "properties": { "osmid": 12096496484, "y": 13.0923262, "x": 80.2752062, "highway": null, "street_count": 4 }, "geometry": { "type": "Point", "coordinates": [ 80.2752062, 13.0923262 ] } },
{ "type": "Feature", "properties": { "osmid": 12121871740, "y": 13.0792702, "x": 80.2574424, "highway": null, "street_count": 3 }, "geometry": { "type": "Point", "coordinates": [ 80.2574424, 13.0792702 ] } },
{ "type": "Feature", "properties": { "osmid": 12121871746, "y": 13.0792973, "x": 80.2576976, "highway": null, "street_count": 3 }, "geometry": { "type": "Point", "coordinates": [ 80.2576976, 13.0792973 ] } },
{ "type": "Feature", "properties": { "osmid": 12121871747, "y": 13.0793886, "x": 80.2574523, "highway": null, "street_count": 3 }, "geometry": { "type": "Point", "coordinates": [ 80.2574523, 13.0793886 ] } },
{ "type": "Feature", "properties": { "osmid": 12121871748, "y": 13.079402, "x": 80.2576905, "highway": null, "street_count": 3 }, "geometry": { "type": "Point", "coordinates": [ 80.2576905, 13.079402 ] } },
{ "type": "Feature", "properties": { "osmid": 12121878790, "y": 13.0924749, "x": 80.2745308, "highway": null, "street_count": 3 }, "geometry": { "type": "Point", "coordinates": [ 80.2745308, 13.0924749 ] } },
{ "type": "Feature", "properties": { "osmid": 12121878791, "y": 13.0925378, "x": 80.2745812, "highway": null, "street_count": 3 }, "geometry": { "type": "Point", "coordinates": [ 80.2745812, 13.0925378 ] } },
{ "type": "Feature", "properties": { "osmid": 12125854887, "y": 13.0915288, "x": 80.2748581, "highway": null, "street_count": 1 }, "geometry": { "type": "Point", "coordinates": [ 80.2748581, 13.0915288 ] } },
{ "type": "Feature", "properties": { "osmid": 12125922804, "y": 13.0762953, "x": 80.2652647, "highway": null, "street_count": 3 }, "geometry": { "type": "Point", "coordinates": [ 80.2652647, 13.0762953 ] } },
{ "type": "Feature", "properties": { "osmid": 12125922805, "y": 13.0760837, "x": 80.2652591, "highway": null, "street_count": 3 }, "geometry": { "type": "Point", "coordinates": [ 80.2652591, 13.0760837 ] } },
{ "type": "Feature", "properties": { "osmid": 12125922809, "y": 13.0761594, "x": 80.2651218, "highway": null, "street_count": 3 }, "geometry": { "type": "Point", "coordinates": [ 80.2651218, 13.0761594 ] } },
{ "type": "Feature", "properties": { "osmid": 12126250694, "y": 13.0692549, "x": 80.2669532, "highway": null, "street_count": 3 }, "geometry": { "type": "Point", "coordinates": [ 80.2669532, 13.0692549 ] } },
{ "type": "Feature", "properties": { "osmid": 12126250695, "y": 13.0692404, "x": 80.2670456, "highway": null, "street_count": 3 }, "geometry": { "type": "Point", "coordinates": [ 80.2670456, 13.0692404 ] } },
{ "type": "Feature", "properties": { "osmid": 12126250697, "y": 13.0701652, "x": 80.2660278, "highway": null, "street_count": 3 }, "geometry": { "type": "Point", "coordinates": [ 80.2660278, 13.0701652 ] } },
{ "type": "Feature", "properties": { "osmid": 12126250698, "y": 13.0704513, "x": 80.2657326, "highway": null, "street_count": 3 }, "geometry": { "type": "Point", "coordinates": [ 80.2657326, 13.0704513 ] } },
{ "type": "Feature", "properties": { "osmid": 12126266602, "y": 13.0710504, "x": 80.2651784, "highway": null, "street_count": 3 }, "geometry": { "type": "Point", "coordinates": [ 80.2651784, 13.0710504 ] } },
{ "type": "Feature", "properties": { "osmid": 12126266604, "y": 13.0706903, "x": 80.2655304, "highway": null, "street_count": 3 }, "geometry": { "type": "Point", "coordinates": [ 80.2655304, 13.0706903 ] } },
{ "type": "Feature", "properties": { "osmid": 12159239085, "y": 13.0870172, "x": 80.2585275, "highway": null, "street_count": 3 }, "geometry": { "type": "Point", "coordinates": [ 80.2585275, 13.0870172 ] } },
{ "type": "Feature", "properties": { "osmid": 12159239086, "y": 13.0870442, "x": 80.2585341, "highway": null, "street_count": 3 }, "geometry": { "type": "Point", "coordinates": [ 80.2585341, 13.0870442 ] } },
{ "type": "Feature", "properties": { "osmid": 12159239094, "y": 13.0870887, "x": 80.258711, "highway": null, "street_count": 4 }, "geometry": { "type": "Point", "coordinates": [ 80.258711, 13.0870887 ] } },
{ "type": "Feature", "properties": { "osmid": 12159239095, "y": 13.087176, "x": 80.2587177, "highway": null, "street_count": 3 }, "geometry": { "type": "Point", "coordinates": [ 80.2587177, 13.087176 ] } },
{ "type": "Feature", "properties": { "osmid": 12159239096, "y": 13.087022, "x": 80.258911, "highway": null, "street_count": 3 }, "geometry": { "type": "Point", "coordinates": [ 80.258911, 13.087022 ] } },
{ "type": "Feature", "properties": { "osmid": 12182086108, "y": 13.0955819, "x": 80.2751956, "highway": null, "street_count": 3 }, "geometry": { "type": "Point", "coordinates": [ 80.2751956, 13.0955819 ] } },
{ "type": "Feature", "properties": { "osmid": 12213569492, "y": 13.0758792, "x": 80.2840926, "highway": null, "street_count": 3 }, "geometry": { "type": "Point", "coordinates": [ 80.2840926, 13.0758792 ] } },
{ "type": "Feature", "properties": { "osmid": 12213569519, "y": 13.0784117, "x": 80.2785361, "highway": null, "street_count": 3 }, "geometry": { "type": "Point", "coordinates": [ 80.2785361, 13.0784117 ] } },
{ "type": "Feature", "properties": { "osmid": 12213569520, "y": 13.0789831, "x": 80.278522, "highway": null, "street_count": 3 }, "geometry": { "type": "Point", "coordinates": [ 80.278522, 13.0789831 ] } },
{ "type": "Feature", "properties": { "osmid": 12213569523, "y": 13.0788148, "x": 80.2776018, "highway": null, "street_count": 3 }, "geometry": { "type": "Point", "coordinates": [ 80.2776018, 13.0788148 ] } },
{ "type": "Feature", "properties": { "osmid": 12213569525, "y": 13.0784158, "x": 80.277582, "highway": null, "street_count": 3 }, "geometry": { "type": "Point", "coordinates": [ 80.277582, 13.0784158 ] } },
{ "type": "Feature", "properties": { "osmid": 12213569526, "y": 13.078952, "x": 80.2780201, "highway": null, "street_count": 3 }, "geometry": { "type": "Point", "coordinates": [ 80.2780201, 13.078952 ] } },
{ "type": "Feature", "properties": { "osmid": 12213569527, "y": 13.0786356, "x": 80.2780151, "highway": null, "street_count": 1 }, "geometry": { "type": "Point", "coordinates": [ 80.2780151, 13.0786356 ] } },
{ "type": "Feature", "properties": { "osmid": 12213569528, "y": 13.0788452, "x": 80.2780184, "highway": null, "street_count": 4 }, "geometry": { "type": "Point", "coordinates": [ 80.2780184, 13.0788452 ] } },
{ "type": "Feature", "properties": { "osmid": 12213569530, "y": 13.0788731, "x": 80.2785247, "highway": null, "street_count": 3 }, "geometry": { "type": "Point", "coordinates": [ 80.2785247, 13.0788731 ] } },
{ "type": "Feature", "properties": { "osmid": 12213569535, "y": 13.0789307, "x": 80.2790005, "highway": null, "street_count": 3 }, "geometry": { "type": "Point", "coordinates": [ 80.2790005, 13.0789307 ] } },
{ "type": "Feature", "properties": { "osmid": 12213569541, "y": 13.0790327, "x": 80.2791505, "highway": null, "street_count": 1 }, "geometry": { "type": "Point", "coordinates": [ 80.2791505, 13.0790327 ] } },
{ "type": "Feature", "properties": { "osmid": 12213569542, "y": 13.0787624, "x": 80.2790061, "highway": null, "street_count": 3 }, "geometry": { "type": "Point", "coordinates": [ 80.2790061, 13.0787624 ] } },
{ "type": "Feature", "properties": { "osmid": 12213569543, "y": 13.0787788, "x": 80.278527, "highway": null, "street_count": 3 }, "geometry": { "type": "Point", "coordinates": [ 80.278527, 13.0787788 ] } },
{ "type": "Feature", "properties": { "osmid": 12213569545, "y": 13.0786769, "x": 80.2796347, "highway": null, "street_count": 4 }, "geometry": { "type": "Point", "coordinates": [ 80.2796347, 13.0786769 ] } },
{ "type": "Feature", "properties": { "osmid": 12213569549, "y": 13.0788148, "x": 80.279629, "highway": null, "street_count": 4 }, "geometry": { "type": "Point", "coordinates": [ 80.279629, 13.0788148 ] } },
{ "type": "Feature", "properties": { "osmid": 12213569550, "y": 13.0789181, "x": 80.2796179, "highway": null, "street_count": 3 }, "geometry": { "type": "Point", "coordinates": [ 80.2796179, 13.0789181 ] } },
{ "type": "Feature", "properties": { "osmid": 12213569551, "y": 13.0787872, "x": 80.279176, "highway": null, "street_count": 1 }, "geometry": { "type": "Point", "coordinates": [ 80.279176, 13.0787872 ] } },
{ "type": "Feature", "properties": { "osmid": 12213569552, "y": 13.0785473, "x": 80.2796403, "highway": null, "street_count": 1 }, "geometry": { "type": "Point", "coordinates": [ 80.2796403, 13.0785473 ] } },
{ "type": "Feature", "properties": { "osmid": 12249792467, "y": 13.0761028, "x": 80.2625585, "highway": null, "street_count": 3 }, "geometry": { "type": "Point", "coordinates": [ 80.2625585, 13.0761028 ] } },
{ "type": "Feature", "properties": { "osmid": 12249792468, "y": 13.0760094, "x": 80.2621393, "highway": null, "street_count": 1 }, "geometry": { "type": "Point", "coordinates": [ 80.2621393, 13.0760094 ] } },
{ "type": "Feature", "properties": { "osmid": 12281058950, "y": 13.0764713, "x": 80.2655261, "highway": null, "street_count": 3 }, "geometry": { "type": "Point", "coordinates": [ 80.2655261, 13.0764713 ] } },
{ "type": "Feature", "properties": { "osmid": 12419282611, "y": 13.081637, "x": 80.2739994, "highway": null, "street_count": 3 }, "geometry": { "type": "Point", "coordinates": [ 80.2739994, 13.081637 ] } },
{ "type": "Feature", "properties": { "osmid": 12419282612, "y": 13.0815287, "x": 80.2740083, "highway": null, "street_count": 3 }, "geometry": { "type": "Point", "coordinates": [ 80.2740083, 13.0815287 ] } },
{ "type": "Feature", "properties": { "osmid": 12695850873, "y": 13.0880399, "x": 80.2755401, "highway": null, "street_count": 3 }, "geometry": { "type": "Point", "coordinates": [ 80.2755401, 13.0880399 ] } },
{ "type": "Feature", "properties": { "osmid": 12706519218, "y": 13.0921308, "x": 80.2694304, "highway": null, "street_count": 3 }, "geometry": { "type": "Point", "coordinates": [ 80.2694304, 13.0921308 ] } },
{ "type": "Feature", "properties": { "osmid": 12706519220, "y": 13.0922579, "x": 80.2695173, "highway": null, "street_count": 4 }, "geometry": { "type": "Point", "coordinates": [ 80.2695173, 13.0922579 ] } },
{ "type": "Feature", "properties": { "osmid": 12706519221, "y": 13.0921553, "x": 80.269518, "highway": null, "street_count": 4 }, "geometry": { "type": "Point", "coordinates": [ 80.269518, 13.0921553 ] } },
{ "type": "Feature", "properties": { "osmid": 12740774712, "y": 13.0790639, "x": 80.2820599, "highway": null, "street_count": 3 }, "geometry": { "type": "Point", "coordinates": [ 80.2820599, 13.0790639 ] } },
{ "type": "Feature", "properties": { "osmid": 12740774713, "y": 13.078981, "x": 80.2821343, "highway": null, "street_count": 3 }, "geometry": { "type": "Point", "coordinates": [ 80.2821343, 13.078981 ] } },
{ "type": "Feature", "properties": { "osmid": 12740774714, "y": 13.078985, "x": 80.2819911, "highway": null, "street_count": 4 }, "geometry": { "type": "Point", "coordinates": [ 80.2819911, 13.078985 ] } },
{ "type": "Feature", "properties": { "osmid": 12740774715, "y": 13.0789113, "x": 80.2820623, "highway": null, "street_count": 4 }, "geometry": { "type": "Point", "coordinates": [ 80.2820623, 13.0789113 ] } },
{ "type": "Feature", "properties": { "osmid": 12740854703, "y": 13.0747456, "x": 80.2573049, "highway": null, "street_count": 3 }, "geometry": { "type": "Point", "coordinates": [ 80.2573049, 13.0747456 ] } },
{ "type": "Feature", "properties": { "osmid": 12757036709, "y": 13.0922816, "x": 80.2702033, "highway": null, "street_count": 3 }, "geometry": { "type": "Point", "coordinates": [ 80.2702033, 13.0922816 ] } },
{ "type": "Feature", "properties": { "osmid": 12757036712, "y": 13.0923958, "x": 80.2702207, "highway": null, "street_count": 3 }, "geometry": { "type": "Point", "coordinates": [ 80.2702207, 13.0923958 ] } },
{ "type": "Feature", "properties": { "osmid": 12757036729, "y": 13.0933444, "x": 80.2718843, "highway": null, "street_count": 1 }, "geometry": { "type": "Point", "coordinates": [ 80.2718843, 13.0933444 ] } },
{ "type": "Feature", "properties": { "osmid": 12757286694, "y": 13.0756426, "x": 80.2626282, "highway": null, "street_count": 2 }, "geometry": { "type": "Point", "coordinates": [ 80.2626282, 13.0756426 ] } },
{ "type": "Feature", "properties": { "osmid": 12839667633, "y": 13.078111, "x": 80.2633896, "highway": null, "street_count": 3 }, "geometry": { "type": "Point", "coordinates": [ 80.2633896, 13.078111 ] } },
{ "type": "Feature", "properties": { "osmid": 13287150420, "y": 13.0767093, "x": 80.2641349, "highway": null, "street_count": 3 }, "geometry": { "type": "Point", "coordinates": [ 80.2641349, 13.0767093 ] } },
{ "type": "Feature", "properties": { "osmid": 13298854275, "y": 13.0897674, "x": 80.2586153, "highway": null, "street_count": 3 }, "geometry": { "type": "Point", "coordinates": [ 80.2586153, 13.0897674 ] } },
{ "type": "Feature", "properties": { "osmid": 13337811005, "y": 13.0922011, "x": 80.2696818, "highway": null, "street_count": 3 }, "geometry": { "type": "Point", "coordinates": [ 80.2696818, 13.0922011 ] } },
{ "type": "Feature", "properties": { "osmid": 13337811008, "y": 13.0921043, "x": 80.2695114, "highway": null, "street_count": 3 }, "geometry": { "type": "Point", "coordinates": [ 80.2695114, 13.0921043 ] } },
{ "type": "Feature", "properties": { "osmid": 13765882159, "y": 13.0788046, "x": 80.2689082, "highway": null, "street_count": 3 }, "geometry": { "type": "Point", "coordinates": [ 80.2689082, 13.0788046 ] } },
{ "type": "Feature", "properties": { "osmid": 13765882160, "y": 13.0789506, "x": 80.2689197, "highway": null, "street_count": 3 }, "geometry": { "type": "Point", "coordinates": [ 80.2689197, 13.0789506 ] } },
{ "type": "Feature", "properties": { "osmid": 13765886374, "y": 13.0742685, "x": 80.2622238, "highway": null, "street_count": 3 }, "geometry": { "type": "Point", "coordinates": [ 80.2622238, 13.0742685 ] } },
{ "type": "Feature", "properties": { "osmid": 13858134437, "y": 13.094359, "x": 80.2593542, "highway": null, "street_count": 3 }, "geometry": { "type": "Point", "coordinates": [ 80.2593542, 13.094359 ] } },
{ "type": "Feature", "properties": { "osmid": 13858134440, "y": 13.0939481, "x": 80.2595338, "highway": null, "street_count": 3 }, "geometry": { "type": "Point", "coordinates": [ 80.2595338, 13.0939481 ] } },
{ "type": "Feature", "properties": { "osmid": 13858195226, "y": 13.0937707, "x": 80.2588794, "highway": null, "street_count": 3 }, "geometry": { "type": "Point", "coordinates": [ 80.2588794, 13.0937707 ] } },
{ "type": "Feature", "properties": { "osmid": 13880733741, "y": 13.0731729, "x": 80.2609283, "highway": null, "street_count": 3 }, "geometry": { "type": "Point", "coordinates": [ 80.2609283, 13.0731729 ] } },
{ "type": "Feature", "properties": { "osmid": 13880733743, "y": 13.0710661, "x": 80.2584632, "highway": null, "street_count": 3 }, "geometry": { "type": "Point", "coordinates": [ 80.2584632, 13.0710661 ] } },
{ "type": "Feature", "properties": { "osmid": 13880733752, "y": 13.0710396, "x": 80.2585059, "highway": null, "street_count": 3 }, "geometry": { "type": "Point", "coordinates": [ 80.2585059, 13.0710396 ] } },
{ "type": "Feature", "properties": { "osmid": 13880733755, "y": 13.0732315, "x": 80.260774, "highway": null, "street_count": 3 }, "geometry": { "type": "Point", "coordinates": [ 80.260774, 13.0732315 ] } },
{ "type": "Feature", "properties": { "osmid": 13880733762, "y": 13.0732604, "x": 80.2607687, "highway": null, "street_count": 3 }, "geometry": { "type": "Point", "coordinates": [ 80.2607687, 13.0732604 ] } },
{ "type": "Feature", "properties": { "osmid": 13880733765, "y": 13.0755339, "x": 80.2581156, "highway": null, "street_count": 3 }, "geometry": { "type": "Point", "coordinates": [ 80.2581156, 13.0755339 ] } },
{ "type": "Feature", "properties": { "osmid": 13900467091, "y": 13.0747618, "x": 80.257218, "highway": null, "street_count": 3 }, "geometry": { "type": "Point", "coordinates": [ 80.257218, 13.0747618 ] } },
{ "type": "Feature", "properties": { "osmid": 13961503013, "y": 13.0924702, "x": 80.2586108, "highway": null, "street_count": 1 }, "geometry": { "type": "Point", "coordinates": [ 80.2586108, 13.0924702 ] } },
{ "type": "Feature", "properties": { "osmid": 13961931892, "y": 13.0853712, "x": 80.2661552, "highway": null, "street_count": 3 }, "geometry": { "type": "Point", "coordinates": [ 80.2661552, 13.0853712 ] } }
]
}
