<?xml version='1.0' encoding='utf-8'?>
<osm attribution="https://www.openstreetmap.org/copyright" copyright="OpenStreetMap and contributors" generator="OSMnx 2.1.1" license="https://opendatacommons.org/licenses/odbl/1-0/" version="0.6"><bounds minlon="80.2568605" minlat="13.069211" maxlon="80.284534" maxlat="13.0961882" /><node user="OSMnx" visible="true" id="30037233" timestamp="2026-08-18T20:44:39Z" changeset="1" lon="80.2707265" uid="1" version="1" lat="13.0808734" /><node user="OSMnx" visible="true" id="30037235" timestamp="2026-08-18T20:44:39Z" changeset="1" lon="80.2651669" uid="1" version="1" lat="13.0807843"><tag k="highway" v="traffic_signals" /></node><node user="OSMnx" visible="true" id="30037236" timestamp="2026-08-18T20:44:39Z" changeset="1" lon="80.2627848" uid="1" version="1" lat="13.0802951"><tag k="highway" v="traffic_signals" /></node><node user="OSMnx" visible="true" id="30037237" timestamp="2026-08-18T20:44:39Z" changeset="1" lon="80.2618869" uid="1" version="1" lat="13.0801128" /><node user="OSMnx" visible="true" id="30037238" timestamp="2026-08-18T20:44:39Z" changeset="1" lon="80.2602513" uid="1" version="1" lat="13.0796048" /><node user="OSMnx" visible="true" id="30037239" timestamp="2026-08-18T20:44:39Z" changeset="1" lon="80.2587734" uid="1" version="1" lat="13.0794309"><tag k="highway" v="traffic_signals" /></node><node user="OSMnx" visible="true" id="30037398" timestamp="2026-08-18T20:44:39Z" changeset="1" lon="80.2816254" uid="1" version="1" lat="13.0822677"><tag k="highway" v="traffic_signals" /></node><node user="OSMnx" visible="true" id="30037399" timestamp="2026-08-18T20:44:39Z" changeset="1" lon="80.2807673" uid="1" version="1" lat="13.0811564" /><node user="OSMnx" visible="true" id="30037902" timestamp="2026-08-18T20:44:39Z" changeset="1" lon="80.2739279" uid="1" version="1" lat="13.0708107" /><node user="OSMnx" visible="true" id="30037903" timestamp="2026-08-18T20:44:39Z" changeset="1" lon="80.2743139" uid="1" version="1" lat="13.0716541"><tag k="highway" v="traffic_signals" /></node><node user="OSMnx" visible="true" id="30037904" timestamp="2026-08-18T20:44:39Z" changeset="1" lon="80.2743746" uid="1" version="1" lat="13.0717936"><tag k="highway" v="traffic_signals" /></node><node user="OSMnx" visible="true" id="243325386" timestamp="2026-08-18T20:44:39Z" changeset="1" lon="80.2672158" uid="1" version="1" lat="13.0760151" /><node user="OSMnx" visible="true" id="243325387" timestamp="2026-08-18T20:44:39Z" changeset="1" lon="80.2702071" uid="1" version="1" lat="13.075238" /><node user="OSMnx" visible="true" id="243325388" timestamp="2026-08-18T20:44:39Z" changeset="1" lon="80.2719897" uid="1" version="1" lat="13.0748261" /><node user="OSMnx" visible="true" id="243325389" timestamp="2026-08-18T20:44:39Z" changeset="1" lon="80.2734774" uid="1" version="1" lat="13.0740834" /><node user="OSMnx" visible="true" id="243325390" timestamp="2026-08-18T20:44:39Z" changeset="1" lon="80.2736205" uid="1" version="1" lat="13.0729198" /><node user="OSMnx" visible="true" id="243325391" timestamp="2026-08-18T20:44:39Z" changeset="1" lon="80.2739583" uid="1" version="1" lat="13.0722422" /><node user="OSMnx" visible="true" id="247435314" timestamp="2026-08-18T20:44:39Z" changeset="1" lon="80.283191" uid="1" version="1" lat="13.0844462" /><node user="OSMnx" visible="true" id="247435315" timestamp="2026-08-18T20:44:39Z" changeset="1" lon="80.283507" uid="1" version="1" lat="13.0847701" /><node user="OSMnx" visible="true" id="247435679" timestamp="2026-08-18T20:44:39Z" changeset="1" lon="80.2820315" uid="1" version="1" lat="13.0882274" /><node user="OSMnx" visible="true" id="247435681" timestamp="2026-08-18T20:44:39Z" changeset="1" lon="80.280248" uid="1" version="1" lat="13.0889707" /><node user="OSMnx" visible="true" id="247435682" timestamp="2026-08-18T20:44:39Z" changeset="1" lon="80.2789136" uid="1" version="1" lat="13.0894808" /><node user="OSMnx" visible="true" id="247435684" timestamp="2026-08-18T20:44:39Z" changeset="1" lon="80.2772636" uid="1" version="1" lat="13.0903952" /><node user="OSMnx" visible="true" id="247435685" timestamp="2026-08-18T20:44:39Z" changeset="1" lon="80.2765243" uid="1" version="1" lat="13.0909096" /><node user="OSMnx" visible="true" id="247435687" timestamp="2026-08-18T20:44:39Z" changeset="1" lon="80.2752039" uid="1" version="1" lat="13.0914196" /><node user="OSMnx" visible="true" id="247435872" timestamp="2026-08-18T20:44:39Z" changeset="1" lon="80.2810301" uid="1" version="1" lat="13.0857787" /><node user="OSMnx" visible="true" id="247435874" timestamp="2026-08-18T20:44:39Z" changeset="1" lon="80.2792164" uid="1" version="1" lat="13.086075" /><node user="OSMnx" visible="true" id="247435875" timestamp="2026-08-18T20:44:39Z" changeset="1" lon="80.2784418" uid="1" version="1" lat="13.0861687" /><node user="OSMnx" visible="true" id="247435876" timestamp="2026-08-18T20:44:39Z" changeset="1" lon="80.2773133" uid="1" version="1" lat="13.0863687" /><node user="OSMnx" visible="true" id="247435897" timestamp="2026-08-18T20:44:39Z" changeset="1" lon="80.2763526" uid="1" version="1" lat="13.0817815" /><node user="OSMnx" visible="true" id="247436720" timestamp="2026-08-18T20:44:39Z" changeset="1" lon="80.2752573" uid="1" version="1" lat="13.0955693" /><node user="OSMnx" visible="true" id="247437529" timestamp="2026-08-18T20:44:39Z" changeset="1" lon="80.2764982" uid="1" version="1" lat="13.0737818"><tag k="highway" v="traffic_signals" /></node><node user="OSMnx" visible="true" id="247437530" timestamp="2026-08-18T20:44:39Z" changeset="1" lon="80.276291" uid="1" version="1" lat="13.0770794" /><node user="OSMnx" visible="true" id="247437532" timestamp="2026-08-18T20:44:39Z" changeset="1" lon="80.2755312" uid="1" version="1" lat="13.0783761" /><node user="OSMnx" visible="true" id="247437533" timestamp="2026-08-18T20:44:39Z" changeset="1" lon="80.2753973" uid="1" version="1" lat="13.0784491" /><node user="OSMnx" visible="true" id="247437534" timestamp="2026-08-18T20:44:39Z" changeset="1" lon="80.2752477" uid="1" version="1" lat="13.0786342" /><node user="OSMnx" visible="true" id="247437535" timestamp="2026-08-18T20:44:39Z" changeset="1" lon="80.2752164" uid="1" version="1" lat="13.0789772" /><node user="OSMnx" visible="true" id="247437536" timestamp="2026-08-18T20:44:39Z" changeset="1" lon="80.2753672" uid="1" version="1" lat="13.0799588" /><node user="OSMnx" visible="true" id="247438022" timestamp="2026-08-18T20:44:39Z" changeset="1" lon="80.2752963" uid="1" version="1" lat="13.0923212"><tag k="highway" v="traffic_signals" /></node><node user="OSMnx" visible="true" id="247438025" timestamp="2026-08-18T20:44:39Z" changeset="1" lon="80.2744626" uid="1" version="1" lat="13.0925415" /><node user="OSMnx" visible="true" id="247438027" timestamp="2026-08-18T20:44:39Z" changeset="1" lon="80.2735729" uid="1" version="1" lat="13.0935954" /><node user="OSMnx" visible="true" id="247438029" timestamp="2026-08-18T20:44:39Z" changeset="1" lon="80.2731196" uid="1" version="1" lat="13.0937439" /><node user="OSMnx" visible="true" id="247438030" timestamp="2026-08-18T20:44:39Z" changeset="1" lon="80.2718427" uid="1" version="1" lat="13.0929094" /><node user="OSMnx" visible="true" id="247438032" timestamp="2026-08-18T20:44:39Z" changeset="1" lon="80.2714362" uid="1" version="1" lat="13.0925287" /><node user="OSMnx" visible="true" id="247438033" timestamp="2026-08-18T20:44:39Z" changeset="1" lon="80.2708696" uid="1" version="1" lat="13.0923319" /><node user="OSMnx" visible="true" id="247438034" timestamp="2026-08-18T20:44:39Z" changeset="1" lon="80.2698831" uid="1" version="1" lat="13.0922575" /><node user="OSMnx" visible="true" id="247438110" timestamp="2026-08-18T20:44:39Z" changeset="1" lon="80.2798126" uid="1" version="1" lat="13.0951601" /><node user="OSMnx" visible="true" id="247438111" timestamp="2026-08-18T20:44:39Z" changeset="1" lon="80.2796393" uid="1" version="1" lat="13.0943668" /><node user="OSMnx" visible="true" id="247438112" timestamp="2026-08-18T20:44:39Z" changeset="1" lon="80.279421" uid="1" version="1" lat="13.0927747" /><node user="OSMnx" visible="true" id="247438113" timestamp="2026-08-18T20:44:39Z" changeset="1" lon="80.2793299" uid="1" version="1" lat="13.09197" /><node user="OSMnx" visible="true" id="247438580" timestamp="2026-08-18T20:44:39Z" changeset="1" lon="80.2817049" uid="1" version="1" lat="13.0881176" /><node user="OSMnx" visible="true" id="247438581" timestamp="2026-08-18T20:44:39Z" changeset="1" lon="80.2815772" uid="1" version="1" lat="13.0880429" /><node user="OSMnx" visible="true" id="247438583" timestamp="2026-08-18T20:44:39Z" changeset="1" lon="80.2809925" uid="1" version="1" lat="13.0859873" /><node user="OSMnx" visible="true" id="247438584" timestamp="2026-08-18T20:44:39Z" changeset="1" lon="80.280899" uid="1" version="1" lat="13.0858418" /><node user="OSMnx" visible="true" id="247438585" timestamp="2026-08-18T20:44:39Z" changeset="1" lon="80.2806905" uid="1" version="1" lat="13.0857538" /><node user="OSMnx" visible="true" id="247438586" timestamp="2026-08-18T20:44:39Z" changeset="1" lon="80.2797627" uid="1" version="1" lat="13.0854832" /><node user="OSMnx" visible="true" id="247438587" timestamp="2026-08-18T20:44:39Z" changeset="1" lon="80.2796126" uid="1" version="1" lat="13.0853574" /><node user="OSMnx" visible="true" id="247438588" timestamp="2026-08-18T20:44:39Z" changeset="1" lon="80.279387" uid="1" version="1" lat="13.0848948" /><node user="OSMnx" visible="true" id="247438589" timestamp="2026-08-18T20:44:39Z" changeset="1" lon="80.2792047" uid="1" version="1" lat="13.083821" /><node user="OSMnx" visible="true" id="247438770" timestamp="2026-08-18T20:44:39Z" changeset="1" lon="80.2835776" uid="1" version="1" lat="13.0883156" /><node user="OSMnx" visible="true" id="247439423" timestamp="2026-08-18T20:44:39Z" changeset="1" lon="80.2783081" uid="1" version="1" lat="13.0853578" /><node user="OSMnx" visible="true" id="247439424" timestamp="2026-08-18T20:44:39Z" changeset="1" lon="80.2780939" uid="1" version="1" lat="13.0835807" /><node user="OSMnx" visible="true" id="247439426" timestamp="2026-08-18T20:44:39Z" changeset="1" lon="80.2781193" uid="1" version="1" lat="13.083387" /><node user="OSMnx" visible="true" id="247439444" timestamp="2026-08-18T20:44:39Z" changeset="1" lon="80.2815146" uid="1" version="1" lat="13.0886274" /><node user="OSMnx" visible="true" id="247692735" timestamp="2026-08-18T20:44:39Z" changeset="1" lon="80.2752936" uid="1" version="1" lat="13.0713139" /><node user="OSMnx" visible="true" id="247692736" timestamp="2026-08-18T20:44:39Z" changeset="1" lon="80.2749612" uid="1" version="1" lat="13.0715455" /><node user="OSMnx" visible="true" id="247692737" timestamp="2026-08-18T20:44:39Z" changeset="1" lon="80.2748188" uid="1" version="1" lat="13.071638" /><node user="OSMnx" visible="true" id="248467509" timestamp="2026-08-18T20:44:39Z" changeset="1" lon="80.2670372" uid="1" version="1" lat="13.0692492" /><node user="OSMnx" visible="true" id="248467510" timestamp="2026-08-18T20:44:39Z" changeset="1" lon="80.266262" uid="1" version="1" lat="13.0700231" /><node user="OSMnx" visible="true" id="248467511" timestamp="2026-08-18T20:44:39Z" changeset="1" lon="80.2644359" uid="1" version="1" lat="13.0717515" /><node user="OSMnx" visible="true" id="248467512" timestamp="2026-08-18T20:44:39Z" changeset="1" lon="80.2642154" uid="1" version="1" lat="13.0719506" /><node user="OSMnx" visible="true" id="248467513" timestamp="2026-08-18T20:44:39Z" changeset="1" lon="80.2640748" uid="1" version="1" lat="13.0720615" /><node user="OSMnx" visible="true" id="248467514" timestamp="2026-08-18T20:44:39Z" changeset="1" lon="80.2636835" uid="1" version="1" lat="13.0723173" /><node user="OSMnx" visible="true" id="248467515" timestamp="2026-08-18T20:44:39Z" changeset="1" lon="80.2633753" uid="1" version="1" lat="13.0724509" /><node user="OSMnx" visible="true" id="248467520" timestamp="2026-08-18T20:44:39Z" changeset="1" lon="80.2625902" uid="1" version="1" lat="13.0727188" /><node user="OSMnx" visible="true" id="248467521" timestamp="2026-08-18T20:44:39Z" changeset="1" lon="80.2616337" uid="1" version="1" lat="13.0730083" /><node user="OSMnx" visible="true" id="248467578" timestamp="2026-08-18T20:44:39Z" changeset="1" lon="80.2569294" uid="1" version="1" lat="13.0769656" /><node user="OSMnx" visible="true" id="248467585" timestamp="2026-08-18T20:44:39Z" changeset="1" lon="80.2651477" uid="1" version="1" lat="13.0803737" /><node user="OSMnx" visible="true" id="248467601" timestamp="2026-08-18T20:44:39Z" changeset="1" lon="80.2652929" uid="1" version="1" lat="13.0791086" /><node user="OSMnx" visible="true" id="248467695" timestamp="2026-08-18T20:44:39Z" changeset="1" lon="80.259417" uid="1" version="1" lat="13.0757694" /><node user="OSMnx" visible="true" id="248467712" timestamp="2026-08-18T20:44:39Z" changeset="1" lon="80.2575121" uid="1" version="1" lat="13.0747069" /><node user="OSMnx" visible="true" id="248467792" timestamp="2026-08-18T20:44:39Z" changeset="1" lon="80.2569826" uid="1" version="1" lat="13.0748057" /><node user="OSMnx" visible="true" id="248467908" timestamp="2026-08-18T20:44:39Z" changeset="1" lon="80.2627698" uid="1" version="1" lat="13.0746219" /><node user="OSMnx" visible="true" id="248467909" timestamp="2026-08-18T20:44:39Z" changeset="1" lon="80.2627131" uid="1" version="1" lat="13.0750825" /><node user="OSMnx" visible="true" id="248467910" timestamp="2026-08-18T20:44:39Z" changeset="1" lon="80.2625097" uid="1" version="1" lat="13.076425" /><node user="OSMnx" visible="true" id="248467911" timestamp="2026-08-18T20:44:39Z" changeset="1" lon="80.2623028" uid="1" version="1" lat="13.0777391" /><node user="OSMnx" visible="true" id="248467912" timestamp="2026-08-18T20:44:39Z" changeset="1" lon="80.2724275" uid="1" version="1" lat="13.0695043" /><node user="OSMnx" visible="true" id="248467915" timestamp="2026-08-18T20:44:39Z" changeset="1" lon="80.2713796" uid="1" version="1" lat="13.0698885" /><node user="OSMnx" visible="true" id="248467917" timestamp="2026-08-18T20:44:39Z" changeset="1" lon="80.2710687" uid="1" version="1" lat="13.0699872" /><node user="OSMnx" visible="true" id="248467921" timestamp="2026-08-18T20:44:39Z" changeset="1" lon="80.2707518" uid="1" version="1" lat="13.0700594" /><node user="OSMnx" visible="true" id="248467926" timestamp="2026-08-18T20:44:39Z" changeset="1" lon="80.2703748" uid="1" version="1" lat="13.0701446" /><node user="OSMnx" visible="true" id="248467931" timestamp="2026-08-18T20:44:39Z" changeset="1" lon="80.2693581" uid="1" version="1" lat="13.0704524" /><node user="OSMnx" visible="true" id="248467935" timestamp="2026-08-18T20:44:39Z" changeset="1" lon="80.2714408" uid="1" version="1" lat="13.0698752" /><node user="OSMnx" visible="true" id="248467936" timestamp="2026-08-18T20:44:39Z" changeset="1" lon="80.2716157" uid="1" version="1" lat="13.0704281" /><node user="OSMnx" visible="true" id="248467937" timestamp="2026-08-18T20:44:39Z" changeset="1" lon="80.2718338" uid="1" version="1" lat="13.0711212" /><node user="OSMnx" visible="true" id="248467938" timestamp="2026-08-18T20:44:39Z" changeset="1" lon="80.2720544" uid="1" version="1" lat="13.0717281" /><node user="OSMnx" visible="true" id="248467939" timestamp="2026-08-18T20:44:39Z" changeset="1" lon="80.2723507" uid="1" version="1" lat="13.0724963" /><node user="OSMnx" visible="true" id="248467940" timestamp="2026-08-18T20:44:39Z" changeset="1" lon="80.272458" uid="1" version="1" lat="13.0726529" /><node user="OSMnx" visible="true" id="248467943" timestamp="2026-08-18T20:44:39Z" changeset="1" lon="80.2738616" uid="1" version="1" lat="13.0724317" /><node user="OSMnx" visible="true" id="248467966" timestamp="2026-08-18T20:44:39Z" changeset="1" lon="80.2704816" uid="1" version="1" lat="13.0710694" /><node user="OSMnx" visible="true" id="248467968" timestamp="2026-08-18T20:44:39Z" changeset="1" lon="80.2704933" uid="1" version="1" lat="13.0715542" /><node user="OSMnx" visible="true" id="248467981" timestamp="2026-08-18T20:44:39Z" changeset="1" lon="80.2704944" uid="1" version="1" lat="13.0719582" /><node user="OSMnx" visible="true" id="248467982" timestamp="2026-08-18T20:44:39Z" changeset="1" lon="80.2705337" uid="1" version="1" lat="13.0723291" /><node user="OSMnx" visible="true" id="248467983" timestamp="2026-08-18T20:44:39Z" changeset="1" lon="80.2706803" uid="1" version="1" lat="13.0728929" /><node user="OSMnx" visible="true" id="248467985" timestamp="2026-08-18T20:44:39Z" changeset="1" lon="80.2712845" uid="1" version="1" lat="13.0750155" /><node user="OSMnx" visible="true" id="248467986" timestamp="2026-08-18T20:44:39Z" changeset="1" lon="80.2696027" uid="1" version="1" lat="13.0730994" /><node user="OSMnx" visible="true" id="248467987" timestamp="2026-08-18T20:44:39Z" changeset="1" lon="80.2709239" uid="1" version="1" lat="13.0776486" /><node user="OSMnx" visible="true" id="248467988" timestamp="2026-08-18T20:44:39Z" changeset="1" lon="80.2702102" uid="1" version="1" lat="13.0729626" /><node user="OSMnx" visible="true" id="248467993" timestamp="2026-08-18T20:44:39Z" changeset="1" lon="80.2691181" uid="1" version="1" lat="13.0732437" /><node user="OSMnx" visible="true" id="248468058" timestamp="2026-08-18T20:44:39Z" changeset="1" lon="80.2685818" uid="1" version="1" lat="13.0733699" /><node user="OSMnx" visible="true" id="248468085" timestamp="2026-08-18T20:44:39Z" changeset="1" lon="80.2675351" uid="1" version="1" lat="13.0736165" /><node user="OSMnx" visible="true" id="248468086" timestamp="2026-08-18T20:44:39Z" changeset="1" lon="80.2670855" uid="1" version="1" lat="13.073662" /><node user="OSMnx" visible="true" id="248468087" timestamp="2026-08-18T20:44:39Z" changeset="1" lon="80.2669532" uid="1" version="1" lat="13.0736539" /><node user="OSMnx" visible="true" id="248468101" timestamp="2026-08-18T20:44:39Z" changeset="1" lon="80.269651" uid="1" version="1" lat="13.0692793" /><node user="OSMnx" visible="true" id="248468102" timestamp="2026-08-18T20:44:39Z" changeset="1" lon="80.2695703" uid="1" version="1" lat="13.0697148" /><node user="OSMnx" visible="true" id="248468104" timestamp="2026-08-18T20:44:39Z" changeset="1" lon="80.2694569" uid="1" version="1" lat="13.070155" /><node user="OSMnx" visible="true" id="248468109" timestamp="2026-08-18T20:44:39Z" changeset="1" lon="80.2690665" uid="1" version="1" lat="13.0712262" /><node user="OSMnx" visible="true" id="248468110" timestamp="2026-08-18T20:44:39Z" changeset="1" lon="80.2687363" uid="1" version="1" lat="13.0716811" /><node user="OSMnx" visible="true" id="248468111" timestamp="2026-08-18T20:44:39Z" changeset="1" lon="80.2684062" uid="1" version="1" lat="13.0720699" /><node user="OSMnx" visible="true" id="248468112" timestamp="2026-08-18T20:44:39Z" changeset="1" lon="80.2680173" uid="1" version="1" lat="13.0723854" /><node user="OSMnx" visible="true" id="248468113" timestamp="2026-08-18T20:44:39Z" changeset="1" lon="80.2677679" uid="1" version="1" lat="13.0726495" /><node user="OSMnx" visible="true" id="248468114" timestamp="2026-08-18T20:44:39Z" changeset="1" lon="80.2675478" uid="1" version="1" lat="13.0728917" /><node user="OSMnx" visible="true" id="248468115" timestamp="2026-08-18T20:44:39Z" changeset="1" lon="80.2672249" uid="1" version="1" lat="13.0733025" /><node user="OSMnx" visible="true" id="248468116" timestamp="2026-08-18T20:44:39Z" changeset="1" lon="80.2665084" uid="1" version="1" lat="13.0741685" /><node user="OSMnx" visible="true" id="248468117" timestamp="2026-08-18T20:44:39Z" changeset="1" lon="80.2663518" uid="1" version="1" lat="13.0747552" /><node user="OSMnx" visible="true" id="248468118" timestamp="2026-08-18T20:44:39Z" changeset="1" lon="80.2662967" uid="1" version="1" lat="13.0750104" /><node user="OSMnx" visible="true" id="248468119" timestamp="2026-08-18T20:44:39Z" changeset="1" lon="80.2662491" uid="1" version="1" lat="13.0753055" /><node user="OSMnx" visible="true" id="248468120" timestamp="2026-08-18T20:44:39Z" changeset="1" lon="80.2662674" uid="1" version="1" lat="13.0755166" /><node user="OSMnx" visible="true" id="248468124" timestamp="2026-08-18T20:44:39Z" changeset="1" lon="80.2662931" uid="1" version="1" lat="13.0758851" /><node user="OSMnx" visible="true" id="248468132" timestamp="2026-08-18T20:44:39Z" changeset="1" lon="80.26636" uid="1" version="1" lat="13.0761989" /><node user="OSMnx" visible="true" id="248468143" timestamp="2026-08-18T20:44:39Z" changeset="1" lon="80.2664839" uid="1" version="1" lat="13.0766262" /><node user="OSMnx" visible="true" id="248468148" timestamp="2026-08-18T20:44:39Z" changeset="1" lon="80.2665597" uid="1" version="1" lat="13.0769946" /><node user="OSMnx" visible="true" id="248468165" timestamp="2026-08-18T20:44:39Z" changeset="1" lon="80.2666967" uid="1" version="1" lat="13.0774536" /><node user="OSMnx" visible="true" id="248468170" timestamp="2026-08-18T20:44:39Z" changeset="1" lon="80.2668581" uid="1" version="1" lat="13.0778588" /><node user="OSMnx" visible="true" id="248468180" timestamp="2026-08-18T20:44:39Z" changeset="1" lon="80.2670779" uid="1" version="1" lat="13.0782594" /><node user="OSMnx" visible="true" id="248468181" timestamp="2026-08-18T20:44:39Z" changeset="1" lon="80.2672417" uid="1" version="1" lat="13.0785749" /><node user="OSMnx" visible="true" id="248468182" timestamp="2026-08-18T20:44:39Z" changeset="1" lon="80.2673319" uid="1" version="1" lat="13.0787012" /><node user="OSMnx" visible="true" id="248468189" timestamp="2026-08-18T20:44:39Z" changeset="1" lon="80.2708274" uid="1" version="1" lat="13.0786209" /><node user="OSMnx" visible="true" id="248468192" timestamp="2026-08-18T20:44:39Z" changeset="1" lon="80.2721994" uid="1" version="1" lat="13.0779101" /><node user="OSMnx" visible="true" id="248468193" timestamp="2026-08-18T20:44:39Z" changeset="1" lon="80.2724187" uid="1" version="1" lat="13.0776982" /><node user="OSMnx" visible="true" id="248468194" timestamp="2026-08-18T20:44:39Z" changeset="1" lon="80.2725442" uid="1" version="1" lat="13.0773745" /><node user="OSMnx" visible="true" id="248468195" timestamp="2026-08-18T20:44:39Z" changeset="1" lon="80.2730284" uid="1" version="1" lat="13.0761933" /><node user="OSMnx" visible="true" id="248468197" timestamp="2026-08-18T20:44:39Z" changeset="1" lon="80.2731806" uid="1" version="1" lat="13.0757575" /><node user="OSMnx" visible="true" id="248468198" timestamp="2026-08-18T20:44:39Z" changeset="1" lon="80.2733009" uid="1" version="1" lat="13.0752977" /><node user="OSMnx" visible="true" id="248468199" timestamp="2026-08-18T20:44:39Z" changeset="1" lon="80.2734185" uid="1" version="1" lat="13.074624" /><node user="OSMnx" visible="true" id="248468200" timestamp="2026-08-18T20:44:39Z" changeset="1" lon="80.2728892" uid="1" version="1" lat="13.0699358" /><node user="OSMnx" visible="true" id="248468201" timestamp="2026-08-18T20:44:39Z" changeset="1" lon="80.2724158" uid="1" version="1" lat="13.0701676" /><node user="OSMnx" visible="true" id="248468204" timestamp="2026-08-18T20:44:39Z" changeset="1" lon="80.2712631" uid="1" version="1" lat="13.0705685" /><node user="OSMnx" visible="true" id="248468209" timestamp="2026-08-18T20:44:39Z" changeset="1" lon="80.2709366" uid="1" version="1" lat="13.0707953" /><node user="OSMnx" visible="true" id="248468210" timestamp="2026-08-18T20:44:39Z" changeset="1" lon="80.2700659" uid="1" version="1" lat="13.0710829" /><node user="OSMnx" visible="true" id="248468211" timestamp="2026-08-18T20:44:39Z" changeset="1" lon="80.2696641" uid="1" version="1" lat="13.0711228" /><node user="OSMnx" visible="true" id="248468212" timestamp="2026-08-18T20:44:39Z" changeset="1" lon="80.2693051" uid="1" version="1" lat="13.0711656" /><node user="OSMnx" visible="true" id="248468213" timestamp="2026-08-18T20:44:39Z" changeset="1" lon="80.2691837" uid="1" version="1" lat="13.0716384" /><node user="OSMnx" visible="true" id="248468215" timestamp="2026-08-18T20:44:39Z" changeset="1" lon="80.270067" uid="1" version="1" lat="13.0747455" /><node user="OSMnx" visible="true" id="248468216" timestamp="2026-08-18T20:44:39Z" changeset="1" lon="80.2695276" uid="1" version="1" lat="13.0748603" /><node user="OSMnx" visible="true" id="248468217" timestamp="2026-08-18T20:44:39Z" changeset="1" lon="80.269017" uid="1" version="1" lat="13.0749793" /><node user="OSMnx" visible="true" id="248468218" timestamp="2026-08-18T20:44:39Z" changeset="1" lon="80.2679937" uid="1" version="1" lat="13.0752581" /><node user="OSMnx" visible="true" id="248468219" timestamp="2026-08-18T20:44:39Z" changeset="1" lon="80.2670819" uid="1" version="1" lat="13.0754276" /><node user="OSMnx" visible="true" id="248468221" timestamp="2026-08-18T20:44:39Z" changeset="1" lon="80.2706594" uid="1" version="1" lat="13.0767067" /><node user="OSMnx" visible="true" id="248468222" timestamp="2026-08-18T20:44:39Z" changeset="1" lon="80.2723808" uid="1" version="1" lat="13.0773412" /><node user="OSMnx" visible="true" id="248468223" timestamp="2026-08-18T20:44:39Z" changeset="1" lon="80.2721789" uid="1" version="1" lat="13.0757817" /><node user="OSMnx" visible="true" id="248468224" timestamp="2026-08-18T20:44:39Z" changeset="1" lon="80.2721807" uid="1" version="1" lat="13.0752767" /><node user="OSMnx" visible="true" id="248468226" timestamp="2026-08-18T20:44:39Z" changeset="1" lon="80.2721639" uid="1" version="1" lat="13.0747475" /><node user="OSMnx" visible="true" id="248468231" timestamp="2026-08-18T20:44:39Z" changeset="1" lon="80.2719975" uid="1" version="1" lat="13.0780523" /><node user="OSMnx" visible="true" id="248468232" timestamp="2026-08-18T20:44:39Z" changeset="1" lon="80.2718366" uid="1" version="1" lat="13.0774426" /><node user="OSMnx" visible="true" id="248468233" timestamp="2026-08-18T20:44:39Z" changeset="1" lon="80.2703422" uid="1" version="1" lat="13.0778198" /><node user="OSMnx" visible="true" id="248468239" timestamp="2026-08-18T20:44:39Z" changeset="1" lon="80.270501" uid="1" version="1" lat="13.0788138" /><node user="OSMnx" visible="true" id="248468240" timestamp="2026-08-18T20:44:39Z" changeset="1" lon="80.2704753" uid="1" version="1" lat="13.0787" /><node user="OSMnx" visible="true" id="248468241" timestamp="2026-08-18T20:44:39Z" changeset="1" lon="80.2701881" uid="1" version="1" lat="13.0771032" /><node user="OSMnx" visible="true" id="248468242" timestamp="2026-08-18T20:44:39Z" changeset="1" lon="80.2698756" uid="1" version="1" lat="13.0759678" /><node user="OSMnx" visible="true" id="248468245" timestamp="2026-08-18T20:44:39Z" changeset="1" lon="80.2697186" uid="1" version="1" lat="13.0753584" /><node user="OSMnx" visible="true" id="248468246" timestamp="2026-08-18T20:44:39Z" changeset="1" lon="80.2700272" uid="1" version="1" lat="13.0787642" /><node user="OSMnx" visible="true" id="248468247" timestamp="2026-08-18T20:44:39Z" changeset="1" lon="80.268948" uid="1" version="1" lat="13.079308" /><node user="OSMnx" visible="true" id="248468248" timestamp="2026-08-18T20:44:39Z" changeset="1" lon="80.2688524" uid="1" version="1" lat="13.0793139" /><node user="OSMnx" visible="true" id="248468270" timestamp="2026-08-18T20:44:39Z" changeset="1" lon="80.268027" uid="1" version="1" lat="13.0789065" /><node user="OSMnx" visible="true" id="248468271" timestamp="2026-08-18T20:44:39Z" changeset="1" lon="80.2696399" uid="1" version="1" lat="13.0771886" /><node user="OSMnx" visible="true" id="248468273" timestamp="2026-08-18T20:44:39Z" changeset="1" lon="80.2694706" uid="1" version="1" lat="13.0765348" /><node user="OSMnx" visible="true" id="248468274" timestamp="2026-08-18T20:44:39Z" changeset="1" lon="80.2691808" uid="1" version="1" lat="13.0755097" /><node user="OSMnx" visible="true" id="248468275" timestamp="2026-08-18T20:44:39Z" changeset="1" lon="80.2689746" uid="1" version="1" lat="13.0725444" /><node user="OSMnx" visible="true" id="248468276" timestamp="2026-08-18T20:44:39Z" changeset="1" lon="80.2683245" uid="1" version="1" lat="13.072642" /><node user="OSMnx" visible="true" id="248468281" timestamp="2026-08-18T20:44:39Z" changeset="1" lon="80.267779" uid="1" version="1" lat="13.0729834" /><node user="OSMnx" visible="true" id="248468282" timestamp="2026-08-18T20:44:39Z" changeset="1" lon="80.2683039" uid="1" version="1" lat="13.0730586" /><node user="OSMnx" visible="true" id="248468283" timestamp="2026-08-18T20:44:39Z" changeset="1" lon="80.2681827" uid="1" version="1" lat="13.0734632" /><node user="OSMnx" visible="true" id="248468284" timestamp="2026-08-18T20:44:39Z" changeset="1" lon="80.2689215" uid="1" version="1" lat="13.0745832" /><node user="OSMnx" visible="true" id="248468285" timestamp="2026-08-18T20:44:39Z" changeset="1" lon="80.2678427" uid="1" version="1" lat="13.0748011" /><node user="OSMnx" visible="true" id="248468291" timestamp="2026-08-18T20:44:39Z" changeset="1" lon="80.267641" uid="1" version="1" lat="13.0740573" /><node user="OSMnx" visible="true" id="248468292" timestamp="2026-08-18T20:44:39Z" changeset="1" lon="80.2687015" uid="1" version="1" lat="13.0737977" /><node user="OSMnx" visible="true" id="248468293" timestamp="2026-08-18T20:44:39Z" changeset="1" lon="80.2696983" uid="1" version="1" lat="13.0716194" /><node user="OSMnx" visible="true" id="248468294" timestamp="2026-08-18T20:44:39Z" changeset="1" lon="80.2710616" uid="1" version="1" lat="13.0712796" /><node user="OSMnx" visible="true" id="248468295" timestamp="2026-08-18T20:44:39Z" changeset="1" lon="80.2704994" uid="1" version="1" lat="13.0713327" /><node user="OSMnx" visible="true" id="248468307" timestamp="2026-08-18T20:44:39Z" changeset="1" lon="80.2719116" uid="1" version="1" lat="13.0732082" /><node user="OSMnx" visible="true" id="248468308" timestamp="2026-08-18T20:44:39Z" changeset="1" lon="80.2718026" uid="1" version="1" lat="13.0736631" /><node user="OSMnx" visible="true" id="248468309" timestamp="2026-08-18T20:44:39Z" changeset="1" lon="80.2717156" uid="1" version="1" lat="13.0741306" /><node user="OSMnx" visible="true" id="248468310" timestamp="2026-08-18T20:44:39Z" changeset="1" lon="80.2717303" uid="1" version="1" lat="13.0745058" /><node user="OSMnx" visible="true" id="248468311" timestamp="2026-08-18T20:44:39Z" changeset="1" lon="80.2718636" uid="1" version="1" lat="13.0748757" /><node user="OSMnx" visible="true" id="248468312" timestamp="2026-08-18T20:44:39Z" changeset="1" lon="80.2665429" uid="1" version="1" lat="13.0750028" /><node user="OSMnx" visible="true" id="248468313" timestamp="2026-08-18T20:44:39Z" changeset="1" lon="80.2667827" uid="1" version="1" lat="13.0750028" /><node user="OSMnx" visible="true" id="248468314" timestamp="2026-08-18T20:44:39Z" changeset="1" lon="80.2669615" uid="1" version="1" lat="13.0749202" /><node user="OSMnx" visible="true" id="248468315" timestamp="2026-08-18T20:44:39Z" changeset="1" lon="80.2671704" uid="1" version="1" lat="13.0748653" /><node user="OSMnx" visible="true" id="248468316" timestamp="2026-08-18T20:44:39Z" changeset="1" lon="80.2673512" uid="1" version="1" lat="13.0748065" /><node user="OSMnx" visible="true" id="248468319" timestamp="2026-08-18T20:44:39Z" changeset="1" lon="80.2672037" uid="1" version="1" lat="13.0739053" /><node user="OSMnx" visible="true" id="248468321" timestamp="2026-08-18T20:44:39Z" changeset="1" lon="80.2671946" uid="1" version="1" lat="13.0738521" /><node user="OSMnx" visible="true" id="248468324" timestamp="2026-08-18T20:44:39Z" changeset="1" lon="80.2671617" uid="1" version="1" lat="13.07367" /><node user="OSMnx" visible="true" id="248468326" timestamp="2026-08-18T20:44:39Z" changeset="1" lon="80.267347" uid="1" version="1" lat="13.0768966" /><node user="OSMnx" visible="true" id="248468329" timestamp="2026-08-18T20:44:39Z" changeset="1" lon="80.2683332" uid="1" version="1" lat="13.0767684" /><node user="OSMnx" visible="true" id="248468331" timestamp="2026-08-18T20:44:39Z" changeset="1" lon="80.2696031" uid="1" version="1" lat="13.0770183" /><node user="OSMnx" visible="true" id="248468334" timestamp="2026-08-18T20:44:39Z" changeset="1" lon="80.2679483" uid="1" version="1" lat="13.0772497" /><node user="OSMnx" visible="true" id="248468347" timestamp="2026-08-18T20:44:39Z" changeset="1" lon="80.2680845" uid="1" version="1" lat="13.0781324" /><node user="OSMnx" visible="true" id="248468351" timestamp="2026-08-18T20:44:39Z" changeset="1" lon="80.2678596" uid="1" version="1" lat="13.0768349" /><node user="OSMnx" visible="true" id="248468361" timestamp="2026-08-18T20:44:39Z" changeset="1" lon="80.2681402" uid="1" version="1" lat="13.075789" /><node user="OSMnx" visible="true" id="248468378" timestamp="2026-08-18T20:44:39Z" changeset="1" lon="80.2682564" uid="1" version="1" lat="13.0762806" /><node user="OSMnx" visible="true" id="248468395" timestamp="2026-08-18T20:44:39Z" changeset="1" lon="80.2693278" uid="1" version="1" lat="13.0760349" /><node user="OSMnx" visible="true" id="248468405" timestamp="2026-08-18T20:44:39Z" changeset="1" lon="80.2693448" uid="1" version="1" lat="13.076095" /><node user="OSMnx" visible="true" id="248468408" timestamp="2026-08-18T20:44:39Z" changeset="1" lon="80.2703688" uid="1" version="1" lat="13.0758365" /><node user="OSMnx" visible="true" id="248468411" timestamp="2026-08-18T20:44:39Z" changeset="1" lon="80.2715969" uid="1" version="1" lat="13.0781955" /><node user="OSMnx" visible="true" id="248468442" timestamp="2026-08-18T20:44:39Z" changeset="1" lon="80.2714105" uid="1" version="1" lat="13.0775605" /><node user="OSMnx" visible="true" id="248468453" timestamp="2026-08-18T20:44:39Z" changeset="1" lon="80.2707302" uid="1" version="1" lat="13.0751091" /><node user="OSMnx" visible="true" id="248468456" timestamp="2026-08-18T20:44:39Z" changeset="1" lon="80.271003" uid="1" version="1" lat="13.0780872" /><node user="OSMnx" visible="true" id="248468472" timestamp="2026-08-18T20:44:39Z" changeset="1" lon="80.271092" uid="1" version="1" lat="13.0784807" /><node user="OSMnx" visible="true" id="248468478" timestamp="2026-08-18T20:44:39Z" changeset="1" lon="80.2727371" uid="1" version="1" lat="13.0757389" /><node user="OSMnx" visible="true" id="248468480" timestamp="2026-08-18T20:44:39Z" changeset="1" lon="80.2710621" uid="1" version="1" lat="13.0743064" /><node user="OSMnx" visible="true" id="248468482" timestamp="2026-08-18T20:44:39Z" changeset="1" lon="80.2700276" uid="1" version="1" lat="13.0745996" /><node user="OSMnx" visible="true" id="248468485" timestamp="2026-08-18T20:44:39Z" changeset="1" lon="80.270539" uid="1" version="1" lat="13.0744823" /><node user="OSMnx" visible="true" id="248468540" timestamp="2026-08-18T20:44:39Z" changeset="1" lon="80.2700426" uid="1" version="1" lat="13.072997" /><node user="OSMnx" visible="true" id="248468614" timestamp="2026-08-18T20:44:39Z" changeset="1" lon="80.2699478" uid="1" version="1" lat="13.0726059" /><node user="OSMnx" visible="true" id="248468635" timestamp="2026-08-18T20:44:39Z" changeset="1" lon="80.2697535" uid="1" version="1" lat="13.071883" /><node user="OSMnx" visible="true" id="248468644" timestamp="2026-08-18T20:44:39Z" changeset="1" lon="80.2702215" uid="1" version="1" lat="13.0701775" /><node user="OSMnx" visible="true" id="248468657" timestamp="2026-08-18T20:44:39Z" changeset="1" lon="80.2704441" uid="1" version="1" lat="13.0729316" /><node user="OSMnx" visible="true" id="248468703" timestamp="2026-08-18T20:44:39Z" changeset="1" lon="80.2701329" uid="1" version="1" lat="13.0715957" /><node user="OSMnx" visible="true" id="248468705" timestamp="2026-08-18T20:44:39Z" changeset="1" lon="80.2710034" uid="1" version="1" lat="13.0709961" /><node user="OSMnx" visible="true" id="248468712" timestamp="2026-08-18T20:44:39Z" changeset="1" lon="80.2717555" uid="1" version="1" lat="13.0708608" /><node user="OSMnx" visible="true" id="248468715" timestamp="2026-08-18T20:44:39Z" changeset="1" lon="80.2713345" uid="1" version="1" lat="13.0709273" /><node user="OSMnx" visible="true" id="248468724" timestamp="2026-08-18T20:44:39Z" changeset="1" lon="80.2710813" uid="1" version="1" lat="13.0728073" /><node user="OSMnx" visible="true" id="248468726" timestamp="2026-08-18T20:44:39Z" changeset="1" lon="80.2716922" uid="1" version="1" lat="13.071797" /><node user="OSMnx" visible="true" id="248468728" timestamp="2026-08-18T20:44:39Z" changeset="1" lon="80.2712121" uid="1" version="1" lat="13.0718888" /><node user="OSMnx" visible="true" id="248468731" timestamp="2026-08-18T20:44:39Z" changeset="1" lon="80.2706649" uid="1" version="1" lat="13.0719405" /><node user="OSMnx" visible="true" id="248468743" timestamp="2026-08-18T20:44:39Z" changeset="1" lon="80.269787" uid="1" version="1" lat="13.0720499" /><node user="OSMnx" visible="true" id="248468752" timestamp="2026-08-18T20:44:39Z" changeset="1" lon="80.2693301" uid="1" version="1" lat="13.072161" /><node user="OSMnx" visible="true" id="248468761" timestamp="2026-08-18T20:44:39Z" changeset="1" lon="80.2692633" uid="1" version="1" lat="13.0719537" /><node user="OSMnx" visible="true" id="248468763" timestamp="2026-08-18T20:44:39Z" changeset="1" lon="80.2685284" uid="1" version="1" lat="13.0742533" /><node user="OSMnx" visible="true" id="248468771" timestamp="2026-08-18T20:44:39Z" changeset="1" lon="80.2677218" uid="1" version="1" lat="13.0744101" /><node user="OSMnx" visible="true" id="248468773" timestamp="2026-08-18T20:44:39Z" changeset="1" lon="80.268028" uid="1" version="1" lat="13.0776619" /><node user="OSMnx" visible="true" id="248468775" timestamp="2026-08-18T20:44:39Z" changeset="1" lon="80.2676325" uid="1" version="1" lat="13.0777558" /><node user="OSMnx" visible="true" id="248468777" timestamp="2026-08-18T20:44:39Z" changeset="1" lon="80.2672152" uid="1" version="1" lat="13.0778107" /><node user="OSMnx" visible="true" id="248468793" timestamp="2026-08-18T20:44:39Z" changeset="1" lon="80.268903" uid="1" version="1" lat="13.0784735" /><node user="OSMnx" visible="true" id="248468794" timestamp="2026-08-18T20:44:39Z" changeset="1" lon="80.2688849" uid="1" version="1" lat="13.0780731" /><node user="OSMnx" visible="true" id="248468796" timestamp="2026-08-18T20:44:39Z" changeset="1" lon="80.2686085" uid="1" version="1" lat="13.0784426" /><node user="OSMnx" visible="true" id="248468797" timestamp="2026-08-18T20:44:39Z" changeset="1" lon="80.2683931" uid="1" version="1" lat="13.0784331" /><node user="OSMnx" visible="true" id="248468798" timestamp="2026-08-18T20:44:39Z" changeset="1" lon="80.2699708" uid="1" version="1" lat="13.0784028" /><node user="OSMnx" visible="true" id="248468799" timestamp="2026-08-18T20:44:39Z" changeset="1" lon="80.2699546" uid="1" version="1" lat="13.0783847" /><node user="OSMnx" visible="true" id="248468800" timestamp="2026-08-18T20:44:39Z" changeset="1" lon="80.2698366" uid="1" version="1" lat="13.077961" /><node user="OSMnx" visible="true" id="248468818" timestamp="2026-08-18T20:44:39Z" changeset="1" lon="80.2652981" uid="1" version="1" lat="13.0752562" /><node user="OSMnx" visible="true" id="248468820" timestamp="2026-08-18T20:44:39Z" changeset="1" lon="80.2653177" uid="1" version="1" lat="13.0750622" /><node user="OSMnx" visible="true" id="248468821" timestamp="2026-08-18T20:44:39Z" changeset="1" lon="80.2655856" uid="1" version="1" lat="13.0739006" /><node user="OSMnx" visible="true" id="248468822" timestamp="2026-08-18T20:44:39Z" changeset="1" lon="80.2659333" uid="1" version="1" lat="13.0734551" /><node user="OSMnx" visible="true" id="248468823" timestamp="2026-08-18T20:44:39Z" changeset="1" lon="80.2667994" uid="1" version="1" lat="13.0724846" /><node user="OSMnx" visible="true" id="248468824" timestamp="2026-08-18T20:44:39Z" changeset="1" lon="80.2677162" uid="1" version="1" lat="13.0715139" /><node user="OSMnx" visible="true" id="248468825" timestamp="2026-08-18T20:44:39Z" changeset="1" lon="80.2683125" uid="1" version="1" lat="13.0708476" /><node user="OSMnx" visible="true" id="248468826" timestamp="2026-08-18T20:44:39Z" changeset="1" lon="80.2685466" uid="1" version="1" lat="13.0704046" /><node user="OSMnx" visible="true" id="248468827" timestamp="2026-08-18T20:44:39Z" changeset="1" lon="80.2686803" uid="1" version="1" lat="13.07002" /><node user="OSMnx" visible="true" id="248468883" timestamp="2026-08-18T20:44:39Z" changeset="1" lon="80.2610716" uid="1" version="1" lat="13.0707626" /><node user="OSMnx" visible="true" id="248468937" timestamp="2026-08-18T20:44:39Z" changeset="1" lon="80.2569186" uid="1" version="1" lat="13.069422" /><node user="OSMnx" visible="true" id="248468947" timestamp="2026-08-18T20:44:39Z" changeset="1" lon="80.2614895" uid="1" version="1" lat="13.073973" /><node user="OSMnx" visible="true" id="248468948" timestamp="2026-08-18T20:44:39Z" changeset="1" lon="80.2615245" uid="1" version="1" lat="13.0749597" /><node user="OSMnx" visible="true" id="248468950" timestamp="2026-08-18T20:44:39Z" changeset="1" lon="80.2610926" uid="1" version="1" lat="13.0710289" /><node user="OSMnx" visible="true" id="248468952" timestamp="2026-08-18T20:44:39Z" changeset="1" lon="80.2639423" uid="1" version="1" lat="13.0709215" /><node user="OSMnx" visible="true" id="248468957" timestamp="2026-08-18T20:44:39Z" changeset="1" lon="80.2638988" uid="1" version="1" lat="13.0705409" /><node user="OSMnx" visible="true" id="249075323" timestamp="2026-08-18T20:44:39Z" changeset="1" lon="80.2582889" uid="1" version="1" lat="13.0869856" /><node user="OSMnx" visible="true" id="249075324" timestamp="2026-08-18T20:44:39Z" changeset="1" lon="80.2606701" uid="1" version="1" lat="13.0876576" /><node user="OSMnx" visible="true" id="249075325" timestamp="2026-08-18T20:44:39Z" changeset="1" lon="80.2629632" uid="1" version="1" lat="13.0883726" /><node user="OSMnx" visible="true" id="249075328" timestamp="2026-08-18T20:44:39Z" changeset="1" lon="80.2652815" uid="1" version="1" lat="13.090179" /><node user="OSMnx" visible="true" id="254141868" timestamp="2026-08-18T20:44:39Z" changeset="1" lon="80.2799096" uid="1" version="1" lat="13.0959964" /><node user="OSMnx" visible="true" id="254141877" timestamp="2026-08-18T20:44:39Z" changeset="1" lon="80.2795166" uid="1" version="1" lat="13.0961003" /><node user="OSMnx" visible="true" id="254141991" timestamp="2026-08-18T20:44:39Z" changeset="1" lon="80.2791034" uid="1" version="1" lat="13.096183" /><node user="OSMnx" visible="true" id="254142001" timestamp="2026-08-18T20:44:39Z" changeset="1" lon="80.2789878" uid="1" version="1" lat="13.095582" /><node user="OSMnx" visible="true" id="254142013" timestamp="2026-08-18T20:44:39Z" changeset="1" lon="80.2788114" uid="1" version="1" lat="13.0945588" /><node user="OSMnx" visible="true" id="254149364" timestamp="2026-08-18T20:44:39Z" changeset="1" lon="80.277735" uid="1" version="1" lat="13.0959817" /><node user="OSMnx" visible="true" id="254149379" timestamp="2026-08-18T20:44:39Z" changeset="1" lon="80.2776964" uid="1" version="1" lat="13.0957738" /><node user="OSMnx" visible="true" id="254149380" timestamp="2026-08-18T20:44:39Z" changeset="1" lon="80.2776506" uid="1" version="1" lat="13.0954534" /><node user="OSMnx" visible="true" id="254149385" timestamp="2026-08-18T20:44:39Z" changeset="1" lon="80.2776987" uid="1" version="1" lat="13.095157" /><node user="OSMnx" visible="true" id="254149394" timestamp="2026-08-18T20:44:39Z" changeset="1" lon="80.2776845" uid="1" version="1" lat="13.0948726" /><node user="OSMnx" visible="true" id="254149397" timestamp="2026-08-18T20:44:39Z" changeset="1" lon="80.2775329" uid="1" version="1" lat="13.0939368" /><node user="OSMnx" visible="true" id="254149398" timestamp="2026-08-18T20:44:39Z" changeset="1" lon="80.2774902" uid="1" version="1" lat="13.0936354" /><node user="OSMnx" visible="true" id="254149403" timestamp="2026-08-18T20:44:39Z" changeset="1" lon="80.2774341" uid="1" version="1" lat="13.0932171" /><node user="OSMnx" visible="true" id="254149405" timestamp="2026-08-18T20:44:39Z" changeset="1" lon="80.2766079" uid="1" version="1" lat="13.0937641" /><node user="OSMnx" visible="true" id="254149408" timestamp="2026-08-18T20:44:39Z" changeset="1" lon="80.2761737" uid="1" version="1" lat="13.0938089" /><node user="OSMnx" visible="true" id="254149411" timestamp="2026-08-18T20:44:39Z" changeset="1" lon="80.2752621" uid="1" version="1" lat="13.0940738" /><node user="OSMnx" visible="true" id="254149413" timestamp="2026-08-18T20:44:39Z" changeset="1" lon="80.2765566" uid="1" version="1" lat="13.0951881" /><node user="OSMnx" visible="true" id="254149414" timestamp="2026-08-18T20:44:39Z" changeset="1" lon="80.2792952" uid="1" version="1" lat="13.0944566" /><node user="OSMnx" visible="true" id="254149415" timestamp="2026-08-18T20:44:39Z" changeset="1" lon="80.2803423" uid="1" version="1" lat="13.0942191" /><node user="OSMnx" visible="true" id="254149417" timestamp="2026-08-18T20:44:39Z" changeset="1" lon="80.2810413" uid="1" version="1" lat="13.0940179" /><node user="OSMnx" visible="true" id="254149422" timestamp="2026-08-18T20:44:39Z" changeset="1" lon="80.2804957" uid="1" version="1" lat="13.0950881" /><node user="OSMnx" visible="true" id="254149423" timestamp="2026-08-18T20:44:39Z" changeset="1" lon="80.2780824" uid="1" version="1" lat="13.0951814" /><node user="OSMnx" visible="true" id="254149425" timestamp="2026-08-18T20:44:39Z" changeset="1" lon="80.2784654" uid="1" version="1" lat="13.0950621" /><node user="OSMnx" visible="true" id="254149426" timestamp="2026-08-18T20:44:39Z" changeset="1" lon="80.278342" uid="1" version="1" lat="13.0946754" /><node user="OSMnx" visible="true" id="254149436" timestamp="2026-08-18T20:44:39Z" changeset="1" lon="80.2789425" uid="1" version="1" lat="13.0952928" /><node user="OSMnx" visible="true" id="254149443" timestamp="2026-08-18T20:44:39Z" changeset="1" lon="80.2790693" uid="1" version="1" lat="13.0960242" /><node user="OSMnx" visible="true" id="254149444" timestamp="2026-08-18T20:44:39Z" changeset="1" lon="80.2783751" uid="1" version="1" lat="13.096138" /><node user="OSMnx" visible="true" id="254149516" timestamp="2026-08-18T20:44:39Z" changeset="1" lon="80.2766838" uid="1" version="1" lat="13.0959418" /><node user="OSMnx" visible="true" id="254149532" timestamp="2026-08-18T20:44:39Z" changeset="1" lon="80.2766437" uid="1" version="1" lat="13.0956906" /><node user="OSMnx" visible="true" id="254149534" timestamp="2026-08-18T20:44:39Z" changeset="1" lon="80.2772448" uid="1" version="1" lat="13.0955493" /><node user="OSMnx" visible="true" id="254149538" timestamp="2026-08-18T20:44:39Z" changeset="1" lon="80.2773065" uid="1" version="1" lat="13.0958427" /><node user="OSMnx" visible="true" id="254149542" timestamp="2026-08-18T20:44:39Z" changeset="1" lon="80.2755927" uid="1" version="1" lat="13.0961412" /><node user="OSMnx" visible="true" id="254149547" timestamp="2026-08-18T20:44:39Z" changeset="1" lon="80.2767171" uid="1" version="1" lat="13.0961445" /><node user="OSMnx" visible="true" id="254149553" timestamp="2026-08-18T20:44:39Z" changeset="1" lon="80.2790316" uid="1" version="1" lat="13.0958176" /><node user="OSMnx" visible="true" id="254149580" timestamp="2026-08-18T20:44:39Z" changeset="1" lon="80.2773379" uid="1" version="1" lat="13.0960454" /><node user="OSMnx" visible="true" id="254149581" timestamp="2026-08-18T20:44:39Z" changeset="1" lon="80.2771315" uid="1" version="1" lat="13.0950244" /><node user="OSMnx" visible="true" id="254149603" timestamp="2026-08-18T20:44:39Z" changeset="1" lon="80.2766024" uid="1" version="1" lat="13.0954594" /><node user="OSMnx" visible="true" id="254149604" timestamp="2026-08-18T20:44:39Z" changeset="1" lon="80.2769856" uid="1" version="1" lat="13.095388" /><node user="OSMnx" visible="true" id="254149605" timestamp="2026-08-18T20:44:39Z" changeset="1" lon="80.2770366" uid="1" version="1" lat="13.0956029" /><node user="OSMnx" visible="true" id="254149612" timestamp="2026-08-18T20:44:39Z" changeset="1" lon="80.2769091" uid="1" version="1" lat="13.0951002" /><node user="OSMnx" visible="true" id="254149614" timestamp="2026-08-18T20:44:39Z" changeset="1" lon="80.2770749" uid="1" version="1" lat="13.0958843" /><node user="OSMnx" visible="true" id="254149616" timestamp="2026-08-18T20:44:39Z" changeset="1" lon="80.2771253" uid="1" version="1" lat="13.0960777" /><node user="OSMnx" visible="true" id="254149717" timestamp="2026-08-18T20:44:39Z" changeset="1" lon="80.2780457" uid="1" version="1" lat="13.094773" /><node user="OSMnx" visible="true" id="254149723" timestamp="2026-08-18T20:44:39Z" changeset="1" lon="80.2785264" uid="1" version="1" lat="13.0946335" /><node user="OSMnx" visible="true" id="254149725" timestamp="2026-08-18T20:44:39Z" changeset="1" lon="80.27842" uid="1" version="1" lat="13.0943273" /><node user="OSMnx" visible="true" id="254149739" timestamp="2026-08-18T20:44:39Z" changeset="1" lon="80.2788693" uid="1" version="1" lat="13.0939481" /><node user="OSMnx" visible="true" id="254149740" timestamp="2026-08-18T20:44:39Z" changeset="1" lon="80.2778801" uid="1" version="1" lat="13.0938773" /><node user="OSMnx" visible="true" id="254149750" timestamp="2026-08-18T20:44:39Z" changeset="1" lon="80.2806793" uid="1" version="1" lat="13.0958943" /><node user="OSMnx" visible="true" id="254491142" timestamp="2026-08-18T20:44:39Z" changeset="1" lon="80.2568606" uid="1" version="1" lat="13.0811395" /><node user="OSMnx" visible="true" id="254491144" timestamp="2026-08-18T20:44:39Z" changeset="1" lon="80.2569262" uid="1" version="1" lat="13.0819787" /><node user="OSMnx" visible="true" id="254491145" timestamp="2026-08-18T20:44:39Z" changeset="1" lon="80.2573589" uid="1" version="1" lat="13.0819394" /><node user="OSMnx" visible="true" id="254491149" timestamp="2026-08-18T20:44:39Z" changeset="1" lon="80.257831" uid="1" version="1" lat="13.0818345" /><node user="OSMnx" visible="true" id="254491150" timestamp="2026-08-18T20:44:39Z" changeset="1" lon="80.2581981" uid="1" version="1" lat="13.0817427" /><node user="OSMnx" visible="true" id="254491151" timestamp="2026-08-18T20:44:39Z" changeset="1" lon="80.2585522" uid="1" version="1" lat="13.0817558" /><node user="OSMnx" visible="true" id="254491152" timestamp="2026-08-18T20:44:39Z" changeset="1" lon="80.2624749" uid="1" version="1" lat="13.0813376" /><node user="OSMnx" visible="true" id="254491153" timestamp="2026-08-18T20:44:39Z" changeset="1" lon="80.262213" uid="1" version="1" lat="13.0823547" /><node user="OSMnx" visible="true" id="254491154" timestamp="2026-08-18T20:44:39Z" changeset="1" lon="80.2623052" uid="1" version="1" lat="13.0829588" /><node user="OSMnx" visible="true" id="254491155" timestamp="2026-08-18T20:44:39Z" changeset="1" lon="80.2629079" uid="1" version="1" lat="13.0855773" /><node user="OSMnx" visible="true" id="254491157" timestamp="2026-08-18T20:44:39Z" changeset="1" lon="80.2587683" uid="1" version="1" lat="13.0869741" /><node user="OSMnx" visible="true" id="254491159" timestamp="2026-08-18T20:44:39Z" changeset="1" lon="80.2606362" uid="1" version="1" lat="13.086757" /><node user="OSMnx" visible="true" id="254491160" timestamp="2026-08-18T20:44:39Z" changeset="1" lon="80.2607947" uid="1" version="1" lat="13.0866061" /><node user="OSMnx" visible="true" id="254491161" timestamp="2026-08-18T20:44:39Z" changeset="1" lon="80.2611749" uid="1" version="1" lat="13.0862952" /><node user="OSMnx" visible="true" id="254491162" timestamp="2026-08-18T20:44:39Z" changeset="1" lon="80.2614889" uid="1" version="1" lat="13.0862154" /><node user="OSMnx" visible="true" id="254491163" timestamp="2026-08-18T20:44:39Z" changeset="1" lon="80.2618388" uid="1" version="1" lat="13.0860583" /><node user="OSMnx" visible="true" id="254491164" timestamp="2026-08-18T20:44:39Z" changeset="1" lon="80.2621933" uid="1" version="1" lat="13.0857811" /><node user="OSMnx" visible="true" id="254491165" timestamp="2026-08-18T20:44:39Z" changeset="1" lon="80.2625542" uid="1" version="1" lat="13.0856393" /><node user="OSMnx" visible="true" id="254491168" timestamp="2026-08-18T20:44:39Z" changeset="1" lon="80.2641849" uid="1" version="1" lat="13.0855338" /><node user="OSMnx" visible="true" id="254491175" timestamp="2026-08-18T20:44:39Z" changeset="1" lon="80.2587418" uid="1" version="1" lat="13.0799098" /><node user="OSMnx" visible="true" id="254491177" timestamp="2026-08-18T20:44:39Z" changeset="1" lon="80.2586038" uid="1" version="1" lat="13.0810824" /><node user="OSMnx" visible="true" id="254491178" timestamp="2026-08-18T20:44:39Z" changeset="1" lon="80.2585407" uid="1" version="1" lat="13.0823673" /><node user="OSMnx" visible="true" id="254491179" timestamp="2026-08-18T20:44:39Z" changeset="1" lon="80.2585407" uid="1" version="1" lat="13.0829033" /><node user="OSMnx" visible="true" id="254491182" timestamp="2026-08-18T20:44:39Z" changeset="1" lon="80.2586275" uid="1" version="1" lat="13.0832817" /><node user="OSMnx" visible="true" id="254491183" timestamp="2026-08-18T20:44:39Z" changeset="1" lon="80.2586117" uid="1" version="1" lat="13.0843076" /><node user="OSMnx" visible="true" id="254491184" timestamp="2026-08-18T20:44:39Z" changeset="1" lon="80.2584869" uid="1" version="1" lat="13.0869406" /><node user="OSMnx" visible="true" id="254491185" timestamp="2026-08-18T20:44:39Z" changeset="1" lon="80.2585432" uid="1" version="1" lat="13.0871168" /><node user="OSMnx" visible="true" id="254491187" timestamp="2026-08-18T20:44:39Z" changeset="1" lon="80.2587029" uid="1" version="1" lat="13.0908619" /><node user="OSMnx" visible="true" id="254491188" timestamp="2026-08-18T20:44:39Z" changeset="1" lon="80.2587719" uid="1" version="1" lat="13.091855" /><node user="OSMnx" visible="true" id="254491191" timestamp="2026-08-18T20:44:39Z" changeset="1" lon="80.2588649" uid="1" version="1" lat="13.0934773" /><node user="OSMnx" visible="true" id="254491195" timestamp="2026-08-18T20:44:39Z" changeset="1" lon="80.2589228" uid="1" version="1" lat="13.0948915" /><node user="OSMnx" visible="true" id="254491279" timestamp="2026-08-18T20:44:39Z" changeset="1" lon="80.2611743" uid="1" version="1" lat="13.0868053" /><node user="OSMnx" visible="true" id="254491298" timestamp="2026-08-18T20:44:39Z" changeset="1" lon="80.2630189" uid="1" version="1" lat="13.0872316" /><node user="OSMnx" visible="true" id="254491302" timestamp="2026-08-18T20:44:39Z" changeset="1" lon="80.263309" uid="1" version="1" lat="13.0882537" /><node user="OSMnx" visible="true" id="254491308" timestamp="2026-08-18T20:44:39Z" changeset="1" lon="80.2638375" uid="1" version="1" lat="13.0883068" /><node user="OSMnx" visible="true" id="254491314" timestamp="2026-08-18T20:44:39Z" changeset="1" lon="80.2640527" uid="1" version="1" lat="13.0882789" /><node user="OSMnx" visible="true" id="254491319" timestamp="2026-08-18T20:44:39Z" changeset="1" lon="80.2646078" uid="1" version="1" lat="13.088283" /><node user="OSMnx" visible="true" id="254497196" timestamp="2026-08-18T20:44:39Z" changeset="1" lon="80.2704402" uid="1" version="1" lat="13.0842894" /><node user="OSMnx" visible="true" id="254497209" timestamp="2026-08-18T20:44:39Z" changeset="1" lon="80.2697323" uid="1" version="1" lat="13.0904613" /><node user="OSMnx" visible="true" id="254497220" timestamp="2026-08-18T20:44:39Z" changeset="1" lon="80.269435" uid="1" version="1" lat="13.0910326" /><node user="OSMnx" visible="true" id="254497221" timestamp="2026-08-18T20:44:39Z" changeset="1" lon="80.2694875" uid="1" version="1" lat="13.0919199" /><node user="OSMnx" visible="true" id="254497222" timestamp="2026-08-18T20:44:39Z" changeset="1" lon="80.2691005" uid="1" version="1" lat="13.0926715" /><node user="OSMnx" visible="true" id="254497223" timestamp="2026-08-18T20:44:39Z" changeset="1" lon="80.2682864" uid="1" version="1" lat="13.0940966" /><node user="OSMnx" visible="true" id="254497224" timestamp="2026-08-18T20:44:39Z" changeset="1" lon="80.2681408" uid="1" version="1" lat="13.0942828" /><node user="OSMnx" visible="true" id="254497225" timestamp="2026-08-18T20:44:39Z" changeset="1" lon="80.2676677" uid="1" version="1" lat="13.0945467" /><node user="OSMnx" visible="true" id="254497226" timestamp="2026-08-18T20:44:39Z" changeset="1" lon="80.266381" uid="1" version="1" lat="13.0950366" /><node user="OSMnx" visible="true" id="254497227" timestamp="2026-08-18T20:44:39Z" changeset="1" lon="80.2659432" uid="1" version="1" lat="13.0951869" /><node user="OSMnx" visible="true" id="254497228" timestamp="2026-08-18T20:44:39Z" changeset="1" lon="80.265403" uid="1" version="1" lat="13.0953683" /><node user="OSMnx" visible="true" id="254497229" timestamp="2026-08-18T20:44:39Z" changeset="1" lon="80.2649368" uid="1" version="1" lat="13.0957271" /><node user="OSMnx" visible="true" id="254497230" timestamp="2026-08-18T20:44:39Z" changeset="1" lon="80.2645283" uid="1" version="1" lat="13.0960533" /><node user="OSMnx" visible="true" id="254497368" timestamp="2026-08-18T20:44:39Z" changeset="1" lon="80.2586533" uid="1" version="1" lat="13.0904955" /><node user="OSMnx" visible="true" id="254497384" timestamp="2026-08-18T20:44:39Z" changeset="1" lon="80.2635055" uid="1" version="1" lat="13.0902317" /><node user="OSMnx" visible="true" id="254497394" timestamp="2026-08-18T20:44:39Z" changeset="1" lon="80.2650641" uid="1" version="1" lat="13.0901429" /><node user="OSMnx" visible="true" id="254497395" timestamp="2026-08-18T20:44:39Z" changeset="1" lon="80.2658841" uid="1" version="1" lat="13.0903157" /><node user="OSMnx" visible="true" id="254497396" timestamp="2026-08-18T20:44:39Z" changeset="1" lon="80.2662528" uid="1" version="1" lat="13.0903822" /><node user="OSMnx" visible="true" id="254497397" timestamp="2026-08-18T20:44:39Z" changeset="1" lon="80.26694" uid="1" version="1" lat="13.0904605" /><node user="OSMnx" visible="true" id="254497398" timestamp="2026-08-18T20:44:39Z" changeset="1" lon="80.2678947" uid="1" version="1" lat="13.0905272" /><node user="OSMnx" visible="true" id="254497399" timestamp="2026-08-18T20:44:39Z" changeset="1" lon="80.2693225" uid="1" version="1" lat="13.0906681" /><node user="OSMnx" visible="true" id="254497407" timestamp="2026-08-18T20:44:39Z" changeset="1" lon="80.2700194" uid="1" version="1" lat="13.087023" /><node user="OSMnx" visible="true" id="254497409" timestamp="2026-08-18T20:44:39Z" changeset="1" lon="80.2696861" uid="1" version="1" lat="13.0870681" /><node user="OSMnx" visible="true" id="254497410" timestamp="2026-08-18T20:44:39Z" changeset="1" lon="80.268004" uid="1" version="1" lat="13.0872735" /><node user="OSMnx" visible="true" id="254497436" timestamp="2026-08-18T20:44:39Z" changeset="1" lon="80.2659203" uid="1" version="1" lat="13.0873996" /><node user="OSMnx" visible="true" id="254497437" timestamp="2026-08-18T20:44:39Z" changeset="1" lon="80.2661477" uid="1" version="1" lat="13.0853063" /><node user="OSMnx" visible="true" id="254497438" timestamp="2026-08-18T20:44:39Z" changeset="1" lon="80.2667786" uid="1" version="1" lat="13.0852164" /><node user="OSMnx" visible="true" id="254497439" timestamp="2026-08-18T20:44:39Z" changeset="1" lon="80.2675572" uid="1" version="1" lat="13.0850039" /><node user="OSMnx" visible="true" id="254497440" timestamp="2026-08-18T20:44:39Z" changeset="1" lon="80.2677619" uid="1" version="1" lat="13.0849502" /><node user="OSMnx" visible="true" id="254497441" timestamp="2026-08-18T20:44:39Z" changeset="1" lon="80.2682226" uid="1" version="1" lat="13.0849183" /><node user="OSMnx" visible="true" id="254497442" timestamp="2026-08-18T20:44:39Z" changeset="1" lon="80.268682" uid="1" version="1" lat="13.0848896" /><node user="OSMnx" visible="true" id="254497444" timestamp="2026-08-18T20:44:39Z" changeset="1" lon="80.2691744" uid="1" version="1" lat="13.084786" /><node user="OSMnx" visible="true" id="254497447" timestamp="2026-08-18T20:44:39Z" changeset="1" lon="80.2694813" uid="1" version="1" lat="13.084703" /><node user="OSMnx" visible="true" id="254497448" timestamp="2026-08-18T20:44:39Z" changeset="1" lon="80.2698131" uid="1" version="1" lat="13.0845526" /><node user="OSMnx" visible="true" id="254497449" timestamp="2026-08-18T20:44:39Z" changeset="1" lon="80.266937" uid="1" version="1" lat="13.0807792" /><node user="OSMnx" visible="true" id="254497450" timestamp="2026-08-18T20:44:39Z" changeset="1" lon="80.2668745" uid="1" version="1" lat="13.0822961" /><node user="OSMnx" visible="true" id="254497451" timestamp="2026-08-18T20:44:39Z" changeset="1" lon="80.2660158" uid="1" version="1" lat="13.082338" /><node user="OSMnx" visible="true" id="254497452" timestamp="2026-08-18T20:44:39Z" changeset="1" lon="80.2668734" uid="1" version="1" lat="13.082636" /><node user="OSMnx" visible="true" id="254497485" timestamp="2026-08-18T20:44:39Z" changeset="1" lon="80.2674289" uid="1" version="1" lat="13.0825827" /><node user="OSMnx" visible="true" id="254497539" timestamp="2026-08-18T20:44:39Z" changeset="1" lon="80.2679481" uid="1" version="1" lat="13.0825283" /><node user="OSMnx" visible="true" id="254497540" timestamp="2026-08-18T20:44:39Z" changeset="1" lon="80.2684848" uid="1" version="1" lat="13.0824714" /><node user="OSMnx" visible="true" id="254497541" timestamp="2026-08-18T20:44:39Z" changeset="1" lon="80.2685329" uid="1" version="1" lat="13.0830643" /><node user="OSMnx" visible="true" id="254497542" timestamp="2026-08-18T20:44:39Z" changeset="1" lon="80.2685491" uid="1" version="1" lat="13.0835759" /><node user="OSMnx" visible="true" id="254497546" timestamp="2026-08-18T20:44:39Z" changeset="1" lon="80.2685538" uid="1" version="1" lat="13.0837322" /><node user="OSMnx" visible="true" id="254497551" timestamp="2026-08-18T20:44:39Z" changeset="1" lon="80.2685625" uid="1" version="1" lat="13.0840705" /><node user="OSMnx" visible="true" id="254497558" timestamp="2026-08-18T20:44:39Z" changeset="1" lon="80.2692557" uid="1" version="1" lat="13.0835678" /><node user="OSMnx" visible="true" id="254497563" timestamp="2026-08-18T20:44:39Z" changeset="1" lon="80.2697471" uid="1" version="1" lat="13.0841738" /><node user="OSMnx" visible="true" id="254497570" timestamp="2026-08-18T20:44:39Z" changeset="1" lon="80.2697259" uid="1" version="1" lat="13.0839383" /><node user="OSMnx" visible="true" id="254497576" timestamp="2026-08-18T20:44:39Z" changeset="1" lon="80.2697308" uid="1" version="1" lat="13.0834399" /><node user="OSMnx" visible="true" id="254497582" timestamp="2026-08-18T20:44:39Z" changeset="1" lon="80.2705721" uid="1" version="1" lat="13.083466" /><node user="OSMnx" visible="true" id="254497588" timestamp="2026-08-18T20:44:39Z" changeset="1" lon="80.2696376" uid="1" version="1" lat="13.083437" /><node user="OSMnx" visible="true" id="254497593" timestamp="2026-08-18T20:44:39Z" changeset="1" lon="80.2696199" uid="1" version="1" lat="13.0824585" /><node user="OSMnx" visible="true" id="254497594" timestamp="2026-08-18T20:44:39Z" changeset="1" lon="80.2695657" uid="1" version="1" lat="13.0819" /><node user="OSMnx" visible="true" id="254497595" timestamp="2026-08-18T20:44:39Z" changeset="1" lon="80.2706992" uid="1" version="1" lat="13.0825329" /><node user="OSMnx" visible="true" id="254497596" timestamp="2026-08-18T20:44:39Z" changeset="1" lon="80.2704409" uid="1" version="1" lat="13.082515" /><node user="OSMnx" visible="true" id="254497597" timestamp="2026-08-18T20:44:39Z" changeset="1" lon="80.2700291" uid="1" version="1" lat="13.0825038" /><node user="OSMnx" visible="true" id="254497598" timestamp="2026-08-18T20:44:39Z" changeset="1" lon="80.2694181" uid="1" version="1" lat="13.0823983" /><node user="OSMnx" visible="true" id="254497606" timestamp="2026-08-18T20:44:39Z" changeset="1" lon="80.269111" uid="1" version="1" lat="13.0819526" /><node user="OSMnx" visible="true" id="254497607" timestamp="2026-08-18T20:44:39Z" changeset="1" lon="80.2689645" uid="1" version="1" lat="13.0819377" /><node user="OSMnx" visible="true" id="254497612" timestamp="2026-08-18T20:44:39Z" changeset="1" lon="80.2689552" uid="1" version="1" lat="13.0814794" /><node user="OSMnx" visible="true" id="254497613" timestamp="2026-08-18T20:44:39Z" changeset="1" lon="80.2688925" uid="1" version="1" lat="13.0807902" /><node user="OSMnx" visible="true" id="254497614" timestamp="2026-08-18T20:44:39Z" changeset="1" lon="80.2689966" uid="1" version="1" lat="13.082216" /><node user="OSMnx" visible="true" id="254497615" timestamp="2026-08-18T20:44:39Z" changeset="1" lon="80.2690327" uid="1" version="1" lat="13.0826283" /><node user="OSMnx" visible="true" id="254497618" timestamp="2026-08-18T20:44:39Z" changeset="1" lon="80.2691327" uid="1" version="1" lat="13.0835794" /><node user="OSMnx" visible="true" id="254497620" timestamp="2026-08-18T20:44:39Z" changeset="1" lon="80.2674773" uid="1" version="1" lat="13.0807658" /><node user="OSMnx" visible="true" id="254497627" timestamp="2026-08-18T20:44:39Z" changeset="1" lon="80.268009" uid="1" version="1" lat="13.0807703" /><node user="OSMnx" visible="true" id="254497629" timestamp="2026-08-18T20:44:39Z" changeset="1" lon="80.2686795" uid="1" version="1" lat="13.0815353" /><node user="OSMnx" visible="true" id="254497630" timestamp="2026-08-18T20:44:39Z" changeset="1" lon="80.26925" uid="1" version="1" lat="13.0814348" /><node user="OSMnx" visible="true" id="254497639" timestamp="2026-08-18T20:44:39Z" changeset="1" lon="80.2702727" uid="1" version="1" lat="13.0813788" /><node user="OSMnx" visible="true" id="254497640" timestamp="2026-08-18T20:44:39Z" changeset="1" lon="80.2706302" uid="1" version="1" lat="13.0830691" /><node user="OSMnx" visible="true" id="254497645" timestamp="2026-08-18T20:44:39Z" changeset="1" lon="80.2696283" uid="1" version="1" lat="13.0829503" /><node user="OSMnx" visible="true" id="254497657" timestamp="2026-08-18T20:44:39Z" changeset="1" lon="80.2705138" uid="1" version="1" lat="13.0830139" /><node user="OSMnx" visible="true" id="254497658" timestamp="2026-08-18T20:44:39Z" changeset="1" lon="80.2701705" uid="1" version="1" lat="13.0808265" /><node user="OSMnx" visible="true" id="254497662" timestamp="2026-08-18T20:44:39Z" changeset="1" lon="80.2660164" uid="1" version="1" lat="13.0828916" /><node user="OSMnx" visible="true" id="254497665" timestamp="2026-08-18T20:44:39Z" changeset="1" lon="80.2636743" uid="1" version="1" lat="13.082925" /><node user="OSMnx" visible="true" id="254497666" timestamp="2026-08-18T20:44:39Z" changeset="1" lon="80.2639719" uid="1" version="1" lat="13.0805566" /><node user="OSMnx" visible="true" id="254497667" timestamp="2026-08-18T20:44:39Z" changeset="1" lon="80.2639379" uid="1" version="1" lat="13.0807895" /><node user="OSMnx" visible="true" id="254497668" timestamp="2026-08-18T20:44:39Z" changeset="1" lon="80.2640434" uid="1" version="1" lat="13.0821429" /><node user="OSMnx" visible="true" id="254497669" timestamp="2026-08-18T20:44:39Z" changeset="1" lon="80.2637767" uid="1" version="1" lat="13.0821583" /><node user="OSMnx" visible="true" id="254497670" timestamp="2026-08-18T20:44:39Z" changeset="1" lon="80.2636443" uid="1" version="1" lat="13.0822435" /><node user="OSMnx" visible="true" id="254497671" timestamp="2026-08-18T20:44:39Z" changeset="1" lon="80.2635934" uid="1" version="1" lat="13.0823429" /><node user="OSMnx" visible="true" id="254497672" timestamp="2026-08-18T20:44:39Z" changeset="1" lon="80.2638588" uid="1" version="1" lat="13.083918" /><node user="OSMnx" visible="true" id="254497687" timestamp="2026-08-18T20:44:39Z" changeset="1" lon="80.2625742" uid="1" version="1" lat="13.0841274" /><node user="OSMnx" visible="true" id="254497693" timestamp="2026-08-18T20:44:39Z" changeset="1" lon="80.2656912" uid="1" version="1" lat="13.085367" /><node user="OSMnx" visible="true" id="254497709" timestamp="2026-08-18T20:44:39Z" changeset="1" lon="80.2658676" uid="1" version="1" lat="13.0866344" /><node user="OSMnx" visible="true" id="254497719" timestamp="2026-08-18T20:44:39Z" changeset="1" lon="80.2659216" uid="1" version="1" lat="13.087856" /><node user="OSMnx" visible="true" id="254497720" timestamp="2026-08-18T20:44:39Z" changeset="1" lon="80.2659042" uid="1" version="1" lat="13.0896796" /><node user="OSMnx" visible="true" id="254497721" timestamp="2026-08-18T20:44:39Z" changeset="1" lon="80.2661353" uid="1" version="1" lat="13.0908457" /><node user="OSMnx" visible="true" id="254497722" timestamp="2026-08-18T20:44:39Z" changeset="1" lon="80.2662388" uid="1" version="1" lat="13.0906164" /><node user="OSMnx" visible="true" id="254497730" timestamp="2026-08-18T20:44:39Z" changeset="1" lon="80.2660403" uid="1" version="1" lat="13.0910043" /><node user="OSMnx" visible="true" id="254497731" timestamp="2026-08-18T20:44:39Z" changeset="1" lon="80.2658337" uid="1" version="1" lat="13.0911306" /><node user="OSMnx" visible="true" id="254497733" timestamp="2026-08-18T20:44:39Z" changeset="1" lon="80.265676" uid="1" version="1" lat="13.0911865" /><node user="OSMnx" visible="true" id="254497739" timestamp="2026-08-18T20:44:39Z" changeset="1" lon="80.2650442" uid="1" version="1" lat="13.0913925" /><node user="OSMnx" visible="true" id="254497740" timestamp="2026-08-18T20:44:39Z" changeset="1" lon="80.2646552" uid="1" version="1" lat="13.0915995" /><node user="OSMnx" visible="true" id="254497744" timestamp="2026-08-18T20:44:39Z" changeset="1" lon="80.2634418" uid="1" version="1" lat="13.0921745" /><node user="OSMnx" visible="true" id="254497745" timestamp="2026-08-18T20:44:39Z" changeset="1" lon="80.2631023" uid="1" version="1" lat="13.0922176" /><node user="OSMnx" visible="true" id="254497747" timestamp="2026-08-18T20:44:39Z" changeset="1" lon="80.262709" uid="1" version="1" lat="13.0922564" /><node user="OSMnx" visible="true" id="254497755" timestamp="2026-08-18T20:44:39Z" changeset="1" lon="80.2621464" uid="1" version="1" lat="13.0923292" /><node user="OSMnx" visible="true" id="254497757" timestamp="2026-08-18T20:44:39Z" changeset="1" lon="80.2604017" uid="1" version="1" lat="13.0923908" /><node user="OSMnx" visible="true" id="254497758" timestamp="2026-08-18T20:44:39Z" changeset="1" lon="80.2601867" uid="1" version="1" lat="13.0934839" /><node user="OSMnx" visible="true" id="254497759" timestamp="2026-08-18T20:44:39Z" changeset="1" lon="80.262439" uid="1" version="1" lat="13.093478" /><node user="OSMnx" visible="true" id="254497760" timestamp="2026-08-18T20:44:39Z" changeset="1" lon="80.2626125" uid="1" version="1" lat="13.0933067" /><node user="OSMnx" visible="true" id="254497761" timestamp="2026-08-18T20:44:39Z" changeset="1" lon="80.2628237" uid="1" version="1" lat="13.0930731" /><node user="OSMnx" visible="true" id="254497765" timestamp="2026-08-18T20:44:39Z" changeset="1" lon="80.2629655" uid="1" version="1" lat="13.0929178" /><node user="OSMnx" visible="true" id="254497767" timestamp="2026-08-18T20:44:39Z" changeset="1" lon="80.2633156" uid="1" version="1" lat="13.0928503" /><node user="OSMnx" visible="true" id="254497768" timestamp="2026-08-18T20:44:39Z" changeset="1" lon="80.2635172" uid="1" version="1" lat="13.0927918" /><node user="OSMnx" visible="true" id="254497791" timestamp="2026-08-18T20:44:39Z" changeset="1" lon="80.2632648" uid="1" version="1" lat="13.0908943" /><node user="OSMnx" visible="true" id="254497808" timestamp="2026-08-18T20:44:39Z" changeset="1" lon="80.2627728" uid="1" version="1" lat="13.0935379" /><node user="OSMnx" visible="true" id="254497829" timestamp="2026-08-18T20:44:39Z" changeset="1" lon="80.2627037" uid="1" version="1" lat="13.0941124" /><node user="OSMnx" visible="true" id="254497837" timestamp="2026-08-18T20:44:39Z" changeset="1" lon="80.2626486" uid="1" version="1" lat="13.094681" /><node user="OSMnx" visible="true" id="254497848" timestamp="2026-08-18T20:44:39Z" changeset="1" lon="80.2625394" uid="1" version="1" lat="13.0955538" /><node user="OSMnx" visible="true" id="254497896" timestamp="2026-08-18T20:44:39Z" changeset="1" lon="80.2686336" uid="1" version="1" lat="13.0961693" /><node user="OSMnx" visible="true" id="254497897" timestamp="2026-08-18T20:44:39Z" changeset="1" lon="80.2686298" uid="1" version="1" lat="13.0955448" /><node user="OSMnx" visible="true" id="254497898" timestamp="2026-08-18T20:44:39Z" changeset="1" lon="80.2685922" uid="1" version="1" lat="13.0950283" /><node user="OSMnx" visible="true" id="254497991" timestamp="2026-08-18T20:44:39Z" changeset="1" lon="80.2629743" uid="1" version="1" lat="13.0947123" /><node user="OSMnx" visible="true" id="254498004" timestamp="2026-08-18T20:44:39Z" changeset="1" lon="80.2635355" uid="1" version="1" lat="13.0946882" /><node user="OSMnx" visible="true" id="254498005" timestamp="2026-08-18T20:44:39Z" changeset="1" lon="80.264272" uid="1" version="1" lat="13.0946956" /><node user="OSMnx" visible="true" id="254498008" timestamp="2026-08-18T20:44:39Z" changeset="1" lon="80.2646657" uid="1" version="1" lat="13.0947109" /><node user="OSMnx" visible="true" id="254498009" timestamp="2026-08-18T20:44:39Z" changeset="1" lon="80.2648824" uid="1" version="1" lat="13.0946575" /><node user="OSMnx" visible="true" id="254498010" timestamp="2026-08-18T20:44:39Z" changeset="1" lon="80.2649114" uid="1" version="1" lat="13.0945543" /><node user="OSMnx" visible="true" id="254498011" timestamp="2026-08-18T20:44:39Z" changeset="1" lon="80.2648738" uid="1" version="1" lat="13.0941741" /><node user="OSMnx" visible="true" id="254498013" timestamp="2026-08-18T20:44:39Z" changeset="1" lon="80.2647914" uid="1" version="1" lat="13.0931259" /><node user="OSMnx" visible="true" id="254498015" timestamp="2026-08-18T20:44:39Z" changeset="1" lon="80.2687901" uid="1" version="1" lat="13.0926225" /><node user="OSMnx" visible="true" id="254498016" timestamp="2026-08-18T20:44:39Z" changeset="1" lon="80.266619" uid="1" version="1" lat="13.0929032" /><node user="OSMnx" visible="true" id="254498017" timestamp="2026-08-18T20:44:39Z" changeset="1" lon="80.2656909" uid="1" version="1" lat="13.0929989" /><node user="OSMnx" visible="true" id="254498018" timestamp="2026-08-18T20:44:39Z" changeset="1" lon="80.2644968" uid="1" version="1" lat="13.0931454" /><node user="OSMnx" visible="true" id="254498019" timestamp="2026-08-18T20:44:39Z" changeset="1" lon="80.2644625" uid="1" version="1" lat="13.0927129" /><node user="OSMnx" visible="true" id="254498020" timestamp="2026-08-18T20:44:39Z" changeset="1" lon="80.2642842" uid="1" version="1" lat="13.0926798" /><node user="OSMnx" visible="true" id="254498021" timestamp="2026-08-18T20:44:39Z" changeset="1" lon="80.2640572" uid="1" version="1" lat="13.0926304" /><node user="OSMnx" visible="true" id="254498022" timestamp="2026-08-18T20:44:39Z" changeset="1" lon="80.2638249" uid="1" version="1" lat="13.0925572" /><node user="OSMnx" visible="true" id="254498023" timestamp="2026-08-18T20:44:39Z" changeset="1" lon="80.2634947" uid="1" version="1" lat="13.092572" /><node user="OSMnx" visible="true" id="254498024" timestamp="2026-08-18T20:44:39Z" changeset="1" lon="80.265961" uid="1" version="1" lat="13.0917853" /><node user="OSMnx" visible="true" id="254498025" timestamp="2026-08-18T20:44:39Z" changeset="1" lon="80.2661043" uid="1" version="1" lat="13.092955" /><node user="OSMnx" visible="true" id="254498026" timestamp="2026-08-18T20:44:39Z" changeset="1" lon="80.2662015" uid="1" version="1" lat="13.0940007" /><node user="OSMnx" visible="true" id="254498027" timestamp="2026-08-18T20:44:39Z" changeset="1" lon="80.2672911" uid="1" version="1" lat="13.094682" /><node user="OSMnx" visible="true" id="254498028" timestamp="2026-08-18T20:44:39Z" changeset="1" lon="80.2671504" uid="1" version="1" lat="13.0939004" /><node user="OSMnx" visible="true" id="254498029" timestamp="2026-08-18T20:44:39Z" changeset="1" lon="80.2667605" uid="1" version="1" lat="13.09394" /><node user="OSMnx" visible="true" id="254498030" timestamp="2026-08-18T20:44:39Z" changeset="1" lon="80.2665146" uid="1" version="1" lat="13.0917218" /><node user="OSMnx" visible="true" id="254498031" timestamp="2026-08-18T20:44:39Z" changeset="1" lon="80.2655687" uid="1" version="1" lat="13.0918181" /><node user="OSMnx" visible="true" id="254498032" timestamp="2026-08-18T20:44:39Z" changeset="1" lon="80.2657595" uid="1" version="1" lat="13.0940684" /><node user="OSMnx" visible="true" id="254498037" timestamp="2026-08-18T20:44:39Z" changeset="1" lon="80.2606331" uid="1" version="1" lat="13.0904816" /><node user="OSMnx" visible="true" id="254498038" timestamp="2026-08-18T20:44:39Z" changeset="1" lon="80.2607218" uid="1" version="1" lat="13.0909892" /><node user="OSMnx" visible="true" id="254498039" timestamp="2026-08-18T20:44:39Z" changeset="1" lon="80.2605491" uid="1" version="1" lat="13.0916498" /><node user="OSMnx" visible="true" id="254498040" timestamp="2026-08-18T20:44:39Z" changeset="1" lon="80.2619893" uid="1" version="1" lat="13.0915488" /><node user="OSMnx" visible="true" id="254498041" timestamp="2026-08-18T20:44:39Z" changeset="1" lon="80.2624657" uid="1" version="1" lat="13.0914753" /><node user="OSMnx" visible="true" id="254498042" timestamp="2026-08-18T20:44:39Z" changeset="1" lon="80.2628781" uid="1" version="1" lat="13.0929661" /><node user="OSMnx" visible="true" id="254498043" timestamp="2026-08-18T20:44:39Z" changeset="1" lon="80.2619081" uid="1" version="1" lat="13.0914374" /><node user="OSMnx" visible="true" id="254498044" timestamp="2026-08-18T20:44:39Z" changeset="1" lon="80.2617669" uid="1" version="1" lat="13.0904015" /><node user="OSMnx" visible="true" id="254498045" timestamp="2026-08-18T20:44:39Z" changeset="1" lon="80.2640681" uid="1" version="1" lat="13.0901735" /><node user="OSMnx" visible="true" id="254498046" timestamp="2026-08-18T20:44:39Z" changeset="1" lon="80.2641259" uid="1" version="1" lat="13.0907894" /><node user="OSMnx" visible="true" id="254498048" timestamp="2026-08-18T20:44:39Z" changeset="1" lon="80.2618419" uid="1" version="1" lat="13.091077" /><node user="OSMnx" visible="true" id="254498049" timestamp="2026-08-18T20:44:39Z" changeset="1" lon="80.2618504" uid="1" version="1" lat="13.0911284" /><node user="OSMnx" visible="true" id="254498050" timestamp="2026-08-18T20:44:39Z" changeset="1" lon="80.260691" uid="1" version="1" lat="13.0912034" /><node user="OSMnx" visible="true" id="254498051" timestamp="2026-08-18T20:44:39Z" changeset="1" lon="80.2600982" uid="1" version="1" lat="13.0912831" /><node user="OSMnx" visible="true" id="254498060" timestamp="2026-08-18T20:44:39Z" changeset="1" lon="80.2587423" uid="1" version="1" lat="13.0914285" /><node user="OSMnx" visible="true" id="254498061" timestamp="2026-08-18T20:44:39Z" changeset="1" lon="80.2648883" uid="1" version="1" lat="13.0882709" /><node user="OSMnx" visible="true" id="254498064" timestamp="2026-08-18T20:44:39Z" changeset="1" lon="80.2651184" uid="1" version="1" lat="13.0877619" /><node user="OSMnx" visible="true" id="254498065" timestamp="2026-08-18T20:44:39Z" changeset="1" lon="80.2657192" uid="1" version="1" lat="13.0876946" /><node user="OSMnx" visible="true" id="254498066" timestamp="2026-08-18T20:44:39Z" changeset="1" lon="80.2659222" uid="1" version="1" lat="13.0875999" /><node user="OSMnx" visible="true" id="254498067" timestamp="2026-08-18T20:44:39Z" changeset="1" lon="80.2629541" uid="1" version="1" lat="13.0862876" /><node user="OSMnx" visible="true" id="254498071" timestamp="2026-08-18T20:44:39Z" changeset="1" lon="80.2569415" uid="1" version="1" lat="13.0908088" /><node user="OSMnx" visible="true" id="254498107" timestamp="2026-08-18T20:44:39Z" changeset="1" lon="80.2570901" uid="1" version="1" lat="13.0902695" /><node user="OSMnx" visible="true" id="254498114" timestamp="2026-08-18T20:44:39Z" changeset="1" lon="80.2575642" uid="1" version="1" lat="13.0886775" /><node user="OSMnx" visible="true" id="254498127" timestamp="2026-08-18T20:44:39Z" changeset="1" lon="80.2574618" uid="1" version="1" lat="13.0890482" /><node user="OSMnx" visible="true" id="254498134" timestamp="2026-08-18T20:44:39Z" changeset="1" lon="80.2573238" uid="1" version="1" lat="13.0894797" /><node user="OSMnx" visible="true" id="254498138" timestamp="2026-08-18T20:44:39Z" changeset="1" lon="80.2570143" uid="1" version="1" lat="13.0905389" /><node user="OSMnx" visible="true" id="254498139" timestamp="2026-08-18T20:44:39Z" changeset="1" lon="80.2572659" uid="1" version="1" lat="13.0896786" /><node user="OSMnx" visible="true" id="254498143" timestamp="2026-08-18T20:44:39Z" changeset="1" lon="80.257525" uid="1" version="1" lat="13.0903066" /><node user="OSMnx" visible="true" id="254498145" timestamp="2026-08-18T20:44:39Z" changeset="1" lon="80.2586423" uid="1" version="1" lat="13.0903068" /><node user="OSMnx" visible="true" id="254498150" timestamp="2026-08-18T20:44:39Z" changeset="1" lon="80.2572075" uid="1" version="1" lat="13.0899414" /><node user="OSMnx" visible="true" id="254498157" timestamp="2026-08-18T20:44:39Z" changeset="1" lon="80.2577011" uid="1" version="1" lat="13.0900381" /><node user="OSMnx" visible="true" id="254498163" timestamp="2026-08-18T20:44:39Z" changeset="1" lon="80.2581976" uid="1" version="1" lat="13.0900746" /><node user="OSMnx" visible="true" id="254498194" timestamp="2026-08-18T20:44:39Z" changeset="1" lon="80.2590123" uid="1" version="1" lat="13.090477" /><node user="OSMnx" visible="true" id="254498196" timestamp="2026-08-18T20:44:39Z" changeset="1" lon="80.2590295" uid="1" version="1" lat="13.0897175" /><node user="OSMnx" visible="true" id="254498197" timestamp="2026-08-18T20:44:39Z" changeset="1" lon="80.2615328" uid="1" version="1" lat="13.0896945" /><node user="OSMnx" visible="true" id="254498198" timestamp="2026-08-18T20:44:39Z" changeset="1" lon="80.263131" uid="1" version="1" lat="13.0895812" /><node user="OSMnx" visible="true" id="254498200" timestamp="2026-08-18T20:44:39Z" changeset="1" lon="80.2645435" uid="1" version="1" lat="13.0894025" /><node user="OSMnx" visible="true" id="256347029" timestamp="2026-08-18T20:44:39Z" changeset="1" lon="80.2836759" uid="1" version="1" lat="13.0944974" /><node user="OSMnx" visible="true" id="256347030" timestamp="2026-08-18T20:44:39Z" changeset="1" lon="80.2828956" uid="1" version="1" lat="13.0946354" /><node user="OSMnx" visible="true" id="256347031" timestamp="2026-08-18T20:44:39Z" changeset="1" lon="80.2821533" uid="1" version="1" lat="13.0947943" /><node user="OSMnx" visible="true" id="257932231" timestamp="2026-08-18T20:44:39Z" changeset="1" lon="80.2569485" uid="1" version="1" lat="13.0933373" /><node user="OSMnx" visible="true" id="258890784" timestamp="2026-08-18T20:44:39Z" changeset="1" lon="80.2708824" uid="1" version="1" lat="13.0811716" /><node user="OSMnx" visible="true" id="258890795" timestamp="2026-08-18T20:44:39Z" changeset="1" lon="80.2791042" uid="1" version="1" lat="13.0820867" /><node user="OSMnx" visible="true" id="258890799" timestamp="2026-08-18T20:44:39Z" changeset="1" lon="80.2757277" uid="1" version="1" lat="13.087114" /><node user="OSMnx" visible="true" id="258890800" timestamp="2026-08-18T20:44:39Z" changeset="1" lon="80.2785305" uid="1" version="1" lat="13.0867284" /><node user="OSMnx" visible="true" id="258890801" timestamp="2026-08-18T20:44:39Z" changeset="1" lon="80.277641" uid="1" version="1" lat="13.0862999" /><node user="OSMnx" visible="true" id="258890802" timestamp="2026-08-18T20:44:39Z" changeset="1" lon="80.2774778" uid="1" version="1" lat="13.0848635" /><node user="OSMnx" visible="true" id="258890803" timestamp="2026-08-18T20:44:39Z" changeset="1" lon="80.2767614" uid="1" version="1" lat="13.0837007" /><node user="OSMnx" visible="true" id="258890805" timestamp="2026-08-18T20:44:39Z" changeset="1" lon="80.2780241" uid="1" version="1" lat="13.0862232" /><node user="OSMnx" visible="true" id="258890806" timestamp="2026-08-18T20:44:39Z" changeset="1" lon="80.2778187" uid="1" version="1" lat="13.0848462" /><node user="OSMnx" visible="true" id="258890807" timestamp="2026-08-18T20:44:39Z" changeset="1" lon="80.2764665" uid="1" version="1" lat="13.0849003" /><node user="OSMnx" visible="true" id="258890808" timestamp="2026-08-18T20:44:39Z" changeset="1" lon="80.2768331" uid="1" version="1" lat="13.0848929" /><node user="OSMnx" visible="true" id="258890809" timestamp="2026-08-18T20:44:39Z" changeset="1" lon="80.2768108" uid="1" version="1" lat="13.0844876" /><node user="OSMnx" visible="true" id="258890810" timestamp="2026-08-18T20:44:39Z" changeset="1" lon="80.2770933" uid="1" version="1" lat="13.084876" /><node user="OSMnx" visible="true" id="258890811" timestamp="2026-08-18T20:44:39Z" changeset="1" lon="80.2769766" uid="1" version="1" lat="13.0839335" /><node user="OSMnx" visible="true" id="258890812" timestamp="2026-08-18T20:44:39Z" changeset="1" lon="80.2772036" uid="1" version="1" lat="13.0840374" /><node user="OSMnx" visible="true" id="258890813" timestamp="2026-08-18T20:44:39Z" changeset="1" lon="80.2772785" uid="1" version="1" lat="13.0848741" /><node user="OSMnx" visible="true" id="258890815" timestamp="2026-08-18T20:44:39Z" changeset="1" lon="80.2770569" uid="1" version="1" lat="13.0844609" /><node user="OSMnx" visible="true" id="258890816" timestamp="2026-08-18T20:44:39Z" changeset="1" lon="80.2777182" uid="1" version="1" lat="13.0848477" /><node user="OSMnx" visible="true" id="258890817" timestamp="2026-08-18T20:44:39Z" changeset="1" lon="80.2775765" uid="1" version="1" lat="13.0835995" /><node user="OSMnx" visible="true" id="258890818" timestamp="2026-08-18T20:44:39Z" changeset="1" lon="80.2776466" uid="1" version="1" lat="13.0841077" /><node user="OSMnx" visible="true" id="258890819" timestamp="2026-08-18T20:44:39Z" changeset="1" lon="80.27813" uid="1" version="1" lat="13.0840611" /><node user="OSMnx" visible="true" id="258890825" timestamp="2026-08-18T20:44:39Z" changeset="1" lon="80.2791079" uid="1" version="1" lat="13.0851711" /><node user="OSMnx" visible="true" id="258890827" timestamp="2026-08-18T20:44:39Z" changeset="1" lon="80.2789566" uid="1" version="1" lat="13.0836548" /><node user="OSMnx" visible="true" id="258890829" timestamp="2026-08-18T20:44:39Z" changeset="1" lon="80.2796713" uid="1" version="1" lat="13.089204" /><node user="OSMnx" visible="true" id="258890830" timestamp="2026-08-18T20:44:39Z" changeset="1" lon="80.279835" uid="1" version="1" lat="13.0902211" /><node user="OSMnx" visible="true" id="258890831" timestamp="2026-08-18T20:44:39Z" changeset="1" lon="80.277341" uid="1" version="1" lat="13.0851219" /><node user="OSMnx" visible="true" id="258890834" timestamp="2026-08-18T20:44:39Z" changeset="1" lon="80.2767961" uid="1" version="1" lat="13.0855698" /><node user="OSMnx" visible="true" id="258890835" timestamp="2026-08-18T20:44:39Z" changeset="1" lon="80.2768869" uid="1" version="1" lat="13.0864359" /><node user="OSMnx" visible="true" id="258890840" timestamp="2026-08-18T20:44:39Z" changeset="1" lon="80.2772791" uid="1" version="1" lat="13.0861744" /><node user="OSMnx" visible="true" id="258890844" timestamp="2026-08-18T20:44:39Z" changeset="1" lon="80.2771586" uid="1" version="1" lat="13.0860978" /><node user="OSMnx" visible="true" id="258890848" timestamp="2026-08-18T20:44:39Z" changeset="1" lon="80.2770676" uid="1" version="1" lat="13.085135" /><node user="OSMnx" visible="true" id="258890861" timestamp="2026-08-18T20:44:39Z" changeset="1" lon="80.276837" uid="1" version="1" lat="13.086013" /><node user="OSMnx" visible="true" id="258890869" timestamp="2026-08-18T20:44:39Z" changeset="1" lon="80.2764704" uid="1" version="1" lat="13.0851405" /><node user="OSMnx" visible="true" id="258890873" timestamp="2026-08-18T20:44:39Z" changeset="1" lon="80.2764993" uid="1" version="1" lat="13.0842985" /><node user="OSMnx" visible="true" id="258890877" timestamp="2026-08-18T20:44:39Z" changeset="1" lon="80.2767896" uid="1" version="1" lat="13.0842312" /><node user="OSMnx" visible="true" id="258890883" timestamp="2026-08-18T20:44:39Z" changeset="1" lon="80.2768377" uid="1" version="1" lat="13.0869626" /><node user="OSMnx" visible="true" id="258890894" timestamp="2026-08-18T20:44:39Z" changeset="1" lon="80.2769724" uid="1" version="1" lat="13.0878657" /><node user="OSMnx" visible="true" id="258890907" timestamp="2026-08-18T20:44:39Z" changeset="1" lon="80.2788984" uid="1" version="1" lat="13.0892892" /><node user="OSMnx" visible="true" id="258890914" timestamp="2026-08-18T20:44:39Z" changeset="1" lon="80.2781346" uid="1" version="1" lat="13.0894236" /><node user="OSMnx" visible="true" id="258890920" timestamp="2026-08-18T20:44:39Z" changeset="1" lon="80.2779823" uid="1" version="1" lat="13.0894689" /><node user="OSMnx" visible="true" id="258890922" timestamp="2026-08-18T20:44:39Z" changeset="1" lon="80.2776624" uid="1" version="1" lat="13.0893863" /><node user="OSMnx" visible="true" id="258890925" timestamp="2026-08-18T20:44:39Z" changeset="1" lon="80.2774065" uid="1" version="1" lat="13.0891616" /><node user="OSMnx" visible="true" id="258890926" timestamp="2026-08-18T20:44:39Z" changeset="1" lon="80.2769599" uid="1" version="1" lat="13.08894" /><node user="OSMnx" visible="true" id="258890927" timestamp="2026-08-18T20:44:39Z" changeset="1" lon="80.2766124" uid="1" version="1" lat="13.088664" /><node user="OSMnx" visible="true" id="258890929" timestamp="2026-08-18T20:44:39Z" changeset="1" lon="80.2762804" uid="1" version="1" lat="13.0881147" /><node user="OSMnx" visible="true" id="258890930" timestamp="2026-08-18T20:44:39Z" changeset="1" lon="80.2765671" uid="1" version="1" lat="13.0881343" /><node user="OSMnx" visible="true" id="258890931" timestamp="2026-08-18T20:44:39Z" changeset="1" lon="80.276939" uid="1" version="1" lat="13.0876805" /><node user="OSMnx" visible="true" id="258890934" timestamp="2026-08-18T20:44:39Z" changeset="1" lon="80.2764499" uid="1" version="1" lat="13.0876718" /><node user="OSMnx" visible="true" id="258890936" timestamp="2026-08-18T20:44:39Z" changeset="1" lon="80.2769171" uid="1" version="1" lat="13.08751" /><node user="OSMnx" visible="true" id="258890939" timestamp="2026-08-18T20:44:39Z" changeset="1" lon="80.2782422" uid="1" version="1" lat="13.0879302" /><node user="OSMnx" visible="true" id="258890940" timestamp="2026-08-18T20:44:39Z" changeset="1" lon="80.2781557" uid="1" version="1" lat="13.087302" /><node user="OSMnx" visible="true" id="258890941" timestamp="2026-08-18T20:44:39Z" changeset="1" lon="80.278102" uid="1" version="1" lat="13.0868147" /><node user="OSMnx" visible="true" id="258890943" timestamp="2026-08-18T20:44:39Z" changeset="1" lon="80.2786636" uid="1" version="1" lat="13.0878546" /><node user="OSMnx" visible="true" id="258890975" timestamp="2026-08-18T20:44:39Z" changeset="1" lon="80.2772081" uid="1" version="1" lat="13.0881027" /><node user="OSMnx" visible="true" id="258890976" timestamp="2026-08-18T20:44:39Z" changeset="1" lon="80.277302" uid="1" version="1" lat="13.0885244" /><node user="OSMnx" visible="true" id="258891008" timestamp="2026-08-18T20:44:39Z" changeset="1" lon="80.2787168" uid="1" version="1" lat="13.0882864" /><node user="OSMnx" visible="true" id="258891034" timestamp="2026-08-18T20:44:39Z" changeset="1" lon="80.278076" uid="1" version="1" lat="13.0883903" /><node user="OSMnx" visible="true" id="258891042" timestamp="2026-08-18T20:44:39Z" changeset="1" lon="80.2788316" uid="1" version="1" lat="13.0890121" /><node user="OSMnx" visible="true" id="258891043" timestamp="2026-08-18T20:44:39Z" changeset="1" lon="80.2778861" uid="1" version="1" lat="13.0891866" /><node user="OSMnx" visible="true" id="258891044" timestamp="2026-08-18T20:44:39Z" changeset="1" lon="80.2787863" uid="1" version="1" lat="13.0887496" /><node user="OSMnx" visible="true" id="258891045" timestamp="2026-08-18T20:44:39Z" changeset="1" lon="80.2796178" uid="1" version="1" lat="13.0887148" /><node user="OSMnx" visible="true" id="258891046" timestamp="2026-08-18T20:44:39Z" changeset="1" lon="80.2807928" uid="1" version="1" lat="13.088777" /><node user="OSMnx" visible="true" id="258891050" timestamp="2026-08-18T20:44:39Z" changeset="1" lon="80.2800539" uid="1" version="1" lat="13.0859403" /><node user="OSMnx" visible="true" id="258891067" timestamp="2026-08-18T20:44:39Z" changeset="1" lon="80.2795555" uid="1" version="1" lat="13.0883624" /><node user="OSMnx" visible="true" id="258891075" timestamp="2026-08-18T20:44:39Z" changeset="1" lon="80.2806359" uid="1" version="1" lat="13.0882493" /><node user="OSMnx" visible="true" id="258891076" timestamp="2026-08-18T20:44:39Z" changeset="1" lon="80.2799737" uid="1" version="1" lat="13.0883133" /><node user="OSMnx" visible="true" id="258891077" timestamp="2026-08-18T20:44:39Z" changeset="1" lon="80.2798558" uid="1" version="1" lat="13.0870672" /><node user="OSMnx" visible="true" id="258891078" timestamp="2026-08-18T20:44:39Z" changeset="1" lon="80.2796108" uid="1" version="1" lat="13.0860059" /><node user="OSMnx" visible="true" id="258891084" timestamp="2026-08-18T20:44:39Z" changeset="1" lon="80.2789171" uid="1" version="1" lat="13.086919" /><node user="OSMnx" visible="true" id="258891085" timestamp="2026-08-18T20:44:39Z" changeset="1" lon="80.2791659" uid="1" version="1" lat="13.0887405" /><node user="OSMnx" visible="true" id="258891093" timestamp="2026-08-18T20:44:39Z" changeset="1" lon="80.2803189" uid="1" version="1" lat="13.0870148" /><node user="OSMnx" visible="true" id="258891110" timestamp="2026-08-18T20:44:39Z" changeset="1" lon="80.2730543" uid="1" version="1" lat="13.082712" /><node user="OSMnx" visible="true" id="258891140" timestamp="2026-08-18T20:44:39Z" changeset="1" lon="80.2721093" uid="1" version="1" lat="13.0835307" /><node user="OSMnx" visible="true" id="258891141" timestamp="2026-08-18T20:44:39Z" changeset="1" lon="80.2710117" uid="1" version="1" lat="13.0835937" /><node user="OSMnx" visible="true" id="258891142" timestamp="2026-08-18T20:44:39Z" changeset="1" lon="80.2708938" uid="1" version="1" lat="13.0842273" /><node user="OSMnx" visible="true" id="258902886" timestamp="2026-08-18T20:44:39Z" changeset="1" lon="80.2700031" uid="1" version="1" lat="13.0818762" /><node user="OSMnx" visible="true" id="258902887" timestamp="2026-08-18T20:44:39Z" changeset="1" lon="80.2692973" uid="1" version="1" lat="13.0818791" /><node user="OSMnx" visible="true" id="258902905" timestamp="2026-08-18T20:44:39Z" changeset="1" lon="80.2692611" uid="1" version="1" lat="13.0815477" /><node user="OSMnx" visible="true" id="258902911" timestamp="2026-08-18T20:44:39Z" changeset="1" lon="80.2702083" uid="1" version="1" lat="13.0810234" /><node user="OSMnx" visible="true" id="258902912" timestamp="2026-08-18T20:44:39Z" changeset="1" lon="80.2696966" uid="1" version="1" lat="13.081055" /><node user="OSMnx" visible="true" id="258902915" timestamp="2026-08-18T20:44:39Z" changeset="1" lon="80.2704958" uid="1" version="1" lat="13.0839633" /><node user="OSMnx" visible="true" id="258915874" timestamp="2026-08-18T20:44:39Z" changeset="1" lon="80.2706659" uid="1" version="1" lat="13.0812261" /><node user="OSMnx" visible="true" id="258915878" timestamp="2026-08-18T20:44:39Z" changeset="1" lon="80.2706234" uid="1" version="1" lat="13.0817816" /><node user="OSMnx" visible="true" id="258915883" timestamp="2026-08-18T20:44:39Z" changeset="1" lon="80.2707936" uid="1" version="1" lat="13.0818026" /><node user="OSMnx" visible="true" id="258915889" timestamp="2026-08-18T20:44:39Z" changeset="1" lon="80.2703325" uid="1" version="1" lat="13.0817604" /><node user="OSMnx" visible="true" id="258915897" timestamp="2026-08-18T20:44:39Z" changeset="1" lon="80.2757373" uid="1" version="1" lat="13.0922511" /><node user="OSMnx" visible="true" id="258915901" timestamp="2026-08-18T20:44:39Z" changeset="1" lon="80.2772482" uid="1" version="1" lat="13.0921651" /><node user="OSMnx" visible="true" id="258915910" timestamp="2026-08-18T20:44:39Z" changeset="1" lon="80.2801565" uid="1" version="1" lat="13.0926246" /><node user="OSMnx" visible="true" id="258915917" timestamp="2026-08-18T20:44:39Z" changeset="1" lon="80.2784963" uid="1" version="1" lat="13.0929075" /><node user="OSMnx" visible="true" id="258915922" timestamp="2026-08-18T20:44:39Z" changeset="1" lon="80.2779943" uid="1" version="1" lat="13.0930819" /><node user="OSMnx" visible="true" id="258915933" timestamp="2026-08-18T20:44:39Z" changeset="1" lon="80.2758518" uid="1" version="1" lat="13.0927171" /><node user="OSMnx" visible="true" id="258915938" timestamp="2026-08-18T20:44:39Z" changeset="1" lon="80.2752928" uid="1" version="1" lat="13.092721" /><node user="OSMnx" visible="true" id="258915942" timestamp="2026-08-18T20:44:39Z" changeset="1" lon="80.2757051" uid="1" version="1" lat="13.0927178" /><node user="OSMnx" visible="true" id="258915947" timestamp="2026-08-18T20:44:39Z" changeset="1" lon="80.2754119" uid="1" version="1" lat="13.0925791" /><node user="OSMnx" visible="true" id="258915959" timestamp="2026-08-18T20:44:39Z" changeset="1" lon="80.2761144" uid="1" version="1" lat="13.0934413" /><node user="OSMnx" visible="true" id="258915963" timestamp="2026-08-18T20:44:39Z" changeset="1" lon="80.2752959" uid="1" version="1" lat="13.0936562" /><node user="OSMnx" visible="true" id="258915968" timestamp="2026-08-18T20:44:39Z" changeset="1" lon="80.2771443" uid="1" version="1" lat="13.0930863" /><node user="OSMnx" visible="true" id="258915973" timestamp="2026-08-18T20:44:39Z" changeset="1" lon="80.2770742" uid="1" version="1" lat="13.0928369" /><node user="OSMnx" visible="true" id="258915978" timestamp="2026-08-18T20:44:39Z" changeset="1" lon="80.2769022" uid="1" version="1" lat="13.0921911" /><node user="OSMnx" visible="true" id="258915983" timestamp="2026-08-18T20:44:39Z" changeset="1" lon="80.2767309" uid="1" version="1" lat="13.0915811" /><node user="OSMnx" visible="true" id="258915988" timestamp="2026-08-18T20:44:39Z" changeset="1" lon="80.2767873" uid="1" version="1" lat="13.0915162" /><node user="OSMnx" visible="true" id="258915992" timestamp="2026-08-18T20:44:39Z" changeset="1" lon="80.2762591" uid="1" version="1" lat="13.0902821" /><node user="OSMnx" visible="true" id="258915997" timestamp="2026-08-18T20:44:39Z" changeset="1" lon="80.2782533" uid="1" version="1" lat="13.0898529" /><node user="OSMnx" visible="true" id="258916007" timestamp="2026-08-18T20:44:39Z" changeset="1" lon="80.278468" uid="1" version="1" lat="13.0902205" /><node user="OSMnx" visible="true" id="258916021" timestamp="2026-08-18T20:44:39Z" changeset="1" lon="80.2785043" uid="1" version="1" lat="13.0905453" /><node user="OSMnx" visible="true" id="258916057" timestamp="2026-08-18T20:44:39Z" changeset="1" lon="80.2786311" uid="1" version="1" lat="13.0912658" /><node user="OSMnx" visible="true" id="258916071" timestamp="2026-08-18T20:44:39Z" changeset="1" lon="80.2792333" uid="1" version="1" lat="13.0913808" /><node user="OSMnx" visible="true" id="258916076" timestamp="2026-08-18T20:44:39Z" changeset="1" lon="80.2792763" uid="1" version="1" lat="13.0916423" /><node user="OSMnx" visible="true" id="258916090" timestamp="2026-08-18T20:44:39Z" changeset="1" lon="80.2777592" uid="1" version="1" lat="13.0921456" /><node user="OSMnx" visible="true" id="258916095" timestamp="2026-08-18T20:44:39Z" changeset="1" lon="80.2781497" uid="1" version="1" lat="13.0934253" /><node user="OSMnx" visible="true" id="258916100" timestamp="2026-08-18T20:44:39Z" changeset="1" lon="80.2787992" uid="1" version="1" lat="13.0934244" /><node user="OSMnx" visible="true" id="258916105" timestamp="2026-08-18T20:44:39Z" changeset="1" lon="80.2789419" uid="1" version="1" lat="13.0945117" /><node user="OSMnx" visible="true" id="258916110" timestamp="2026-08-18T20:44:39Z" changeset="1" lon="80.2789109" uid="1" version="1" lat="13.0928401" /><node user="OSMnx" visible="true" id="258916115" timestamp="2026-08-18T20:44:39Z" changeset="1" lon="80.2788302" uid="1" version="1" lat="13.0920575" /><node user="OSMnx" visible="true" id="258916132" timestamp="2026-08-18T20:44:39Z" changeset="1" lon="80.2783952" uid="1" version="1" lat="13.0921058" /><node user="OSMnx" visible="true" id="258916137" timestamp="2026-08-18T20:44:39Z" changeset="1" lon="80.277525" uid="1" version="1" lat="13.0931786" /><node user="OSMnx" visible="true" id="258916142" timestamp="2026-08-18T20:44:39Z" changeset="1" lon="80.2769651" uid="1" version="1" lat="13.0910925" /><node user="OSMnx" visible="true" id="258916147" timestamp="2026-08-18T20:44:39Z" changeset="1" lon="80.2767971" uid="1" version="1" lat="13.0907613" /><node user="OSMnx" visible="true" id="258916152" timestamp="2026-08-18T20:44:39Z" changeset="1" lon="80.2770168" uid="1" version="1" lat="13.0913278" /><node user="OSMnx" visible="true" id="258916156" timestamp="2026-08-18T20:44:39Z" changeset="1" lon="80.2774238" uid="1" version="1" lat="13.0909886" /><node user="OSMnx" visible="true" id="258916170" timestamp="2026-08-18T20:44:39Z" changeset="1" lon="80.2761788" uid="1" version="1" lat="13.0910608" /><node user="OSMnx" visible="true" id="258916257" timestamp="2026-08-18T20:44:39Z" changeset="1" lon="80.2762965" uid="1" version="1" lat="13.0927851" /><node user="OSMnx" visible="true" id="258916263" timestamp="2026-08-18T20:44:39Z" changeset="1" lon="80.2761456" uid="1" version="1" lat="13.092217" /><node user="OSMnx" visible="true" id="258916269" timestamp="2026-08-18T20:44:39Z" changeset="1" lon="80.275841" uid="1" version="1" lat="13.0911991" /><node user="OSMnx" visible="true" id="258916276" timestamp="2026-08-18T20:44:39Z" changeset="1" lon="80.2754731" uid="1" version="1" lat="13.0913559" /><node user="OSMnx" visible="true" id="258916298" timestamp="2026-08-18T20:44:39Z" changeset="1" lon="80.2759504" uid="1" version="1" lat="13.0911525" /><node user="OSMnx" visible="true" id="258916304" timestamp="2026-08-18T20:44:39Z" changeset="1" lon="80.275839" uid="1" version="1" lat="13.0907822" /><node user="OSMnx" visible="true" id="258916313" timestamp="2026-08-18T20:44:39Z" changeset="1" lon="80.275772" uid="1" version="1" lat="13.0903497" /><node user="OSMnx" visible="true" id="258916320" timestamp="2026-08-18T20:44:39Z" changeset="1" lon="80.275339" uid="1" version="1" lat="13.0903764" /><node user="OSMnx" visible="true" id="258916356" timestamp="2026-08-18T20:44:39Z" changeset="1" lon="80.2770616" uid="1" version="1" lat="13.0897748" /><node user="OSMnx" visible="true" id="258916366" timestamp="2026-08-18T20:44:39Z" changeset="1" lon="80.2763669" uid="1" version="1" lat="13.0899443" /><node user="OSMnx" visible="true" id="258916373" timestamp="2026-08-18T20:44:39Z" changeset="1" lon="80.2753952" uid="1" version="1" lat="13.0899285" /><node user="OSMnx" visible="true" id="258916382" timestamp="2026-08-18T20:44:39Z" changeset="1" lon="80.2766003" uid="1" version="1" lat="13.0894098" /><node user="OSMnx" visible="true" id="258916398" timestamp="2026-08-18T20:44:39Z" changeset="1" lon="80.2768256" uid="1" version="1" lat="13.0895768" /><node user="OSMnx" visible="true" id="258916403" timestamp="2026-08-18T20:44:39Z" changeset="1" lon="80.2767059" uid="1" version="1" lat="13.0892023" /><node user="OSMnx" visible="true" id="258916408" timestamp="2026-08-18T20:44:39Z" changeset="1" lon="80.2766713" uid="1" version="1" lat="13.0889027" /><node user="OSMnx" visible="true" id="258916412" timestamp="2026-08-18T20:44:39Z" changeset="1" lon="80.2762541" uid="1" version="1" lat="13.0890027" /><node user="OSMnx" visible="true" id="258916433" timestamp="2026-08-18T20:44:39Z" changeset="1" lon="80.2767635" uid="1" version="1" lat="13.0893637" /><node user="OSMnx" visible="true" id="258916451" timestamp="2026-08-18T20:44:39Z" changeset="1" lon="80.280029" uid="1" version="1" lat="13.0942749" /><node user="OSMnx" visible="true" id="258916456" timestamp="2026-08-18T20:44:39Z" changeset="1" lon="80.2798024" uid="1" version="1" lat="13.0926896" /><node user="OSMnx" visible="true" id="258916461" timestamp="2026-08-18T20:44:39Z" changeset="1" lon="80.2795053" uid="1" version="1" lat="13.0907684" /><node user="OSMnx" visible="true" id="258916486" timestamp="2026-08-18T20:44:39Z" changeset="1" lon="80.2792606" uid="1" version="1" lat="13.0893649" /><node user="OSMnx" visible="true" id="258916496" timestamp="2026-08-18T20:44:39Z" changeset="1" lon="80.2817478" uid="1" version="1" lat="13.0924251" /><node user="OSMnx" visible="true" id="258916542" timestamp="2026-08-18T20:44:39Z" changeset="1" lon="80.2825594" uid="1" version="1" lat="13.0923452" /><node user="OSMnx" visible="true" id="258916549" timestamp="2026-08-18T20:44:39Z" changeset="1" lon="80.2832025" uid="1" version="1" lat="13.0921973" /><node user="OSMnx" visible="true" id="258916554" timestamp="2026-08-18T20:44:39Z" changeset="1" lon="80.2834121" uid="1" version="1" lat="13.0921172" /><node user="OSMnx" visible="true" id="258916558" timestamp="2026-08-18T20:44:39Z" changeset="1" lon="80.2841222" uid="1" version="1" lat="13.0917836" /><node user="OSMnx" visible="true" id="258916563" timestamp="2026-08-18T20:44:39Z" changeset="1" lon="80.2845305" uid="1" version="1" lat="13.0916052" /><node user="OSMnx" visible="true" id="258916612" timestamp="2026-08-18T20:44:39Z" changeset="1" lon="80.2799664" uid="1" version="1" lat="13.0914513" /><node user="OSMnx" visible="true" id="258916628" timestamp="2026-08-18T20:44:39Z" changeset="1" lon="80.2788253" uid="1" version="1" lat="13.0936639" /><node user="OSMnx" visible="true" id="258916653" timestamp="2026-08-18T20:44:39Z" changeset="1" lon="80.281427" uid="1" version="1" lat="13.0901028" /><node user="OSMnx" visible="true" id="258916659" timestamp="2026-08-18T20:44:39Z" changeset="1" lon="80.2815436" uid="1" version="1" lat="13.0908315" /><node user="OSMnx" visible="true" id="258916668" timestamp="2026-08-18T20:44:39Z" changeset="1" lon="80.281875" uid="1" version="1" lat="13.0932656" /><node user="OSMnx" visible="true" id="258916694" timestamp="2026-08-18T20:44:39Z" changeset="1" lon="80.2819531" uid="1" version="1" lat="13.0885355" /><node user="OSMnx" visible="true" id="258916699" timestamp="2026-08-18T20:44:39Z" changeset="1" lon="80.2822792" uid="1" version="1" lat="13.0903028" /><node user="OSMnx" visible="true" id="258916702" timestamp="2026-08-18T20:44:39Z" changeset="1" lon="80.2824171" uid="1" version="1" lat="13.0913902" /><node user="OSMnx" visible="true" id="258916707" timestamp="2026-08-18T20:44:39Z" changeset="1" lon="80.2826263" uid="1" version="1" lat="13.0928075" /><node user="OSMnx" visible="true" id="258916771" timestamp="2026-08-18T20:44:39Z" changeset="1" lon="80.2813076" uid="1" version="1" lat="13.0949535" /><node user="OSMnx" visible="true" id="258916784" timestamp="2026-08-18T20:44:39Z" changeset="1" lon="80.2817164" uid="1" version="1" lat="13.0948734" /><node user="OSMnx" visible="true" id="258916792" timestamp="2026-08-18T20:44:39Z" changeset="1" lon="80.2816547" uid="1" version="1" lat="13.0948847" /><node user="OSMnx" visible="true" id="258916800" timestamp="2026-08-18T20:44:39Z" changeset="1" lon="80.2815225" uid="1" version="1" lat="13.0941422" /><node user="OSMnx" visible="true" id="258916823" timestamp="2026-08-18T20:44:39Z" changeset="1" lon="80.2822221" uid="1" version="1" lat="13.0930632" /><node user="OSMnx" visible="true" id="258916828" timestamp="2026-08-18T20:44:39Z" changeset="1" lon="80.2830371" uid="1" version="1" lat="13.0926421" /><node user="OSMnx" visible="true" id="258916833" timestamp="2026-08-18T20:44:39Z" changeset="1" lon="80.2834762" uid="1" version="1" lat="13.092469" /><node user="OSMnx" visible="true" id="258916844" timestamp="2026-08-18T20:44:39Z" changeset="1" lon="80.2835363" uid="1" version="1" lat="13.0934911" /><node user="OSMnx" visible="true" id="258916849" timestamp="2026-08-18T20:44:39Z" changeset="1" lon="80.2836169" uid="1" version="1" lat="13.0940963" /><node user="OSMnx" visible="true" id="258916938" timestamp="2026-08-18T20:44:39Z" changeset="1" lon="80.283617" uid="1" version="1" lat="13.0896954" /><node user="OSMnx" visible="true" id="258916943" timestamp="2026-08-18T20:44:39Z" changeset="1" lon="80.2837311" uid="1" version="1" lat="13.0901969" /><node user="OSMnx" visible="true" id="258916949" timestamp="2026-08-18T20:44:39Z" changeset="1" lon="80.2838594" uid="1" version="1" lat="13.0906827" /><node user="OSMnx" visible="true" id="258916960" timestamp="2026-08-18T20:44:39Z" changeset="1" lon="80.2842353" uid="1" version="1" lat="13.0922699" /><node user="OSMnx" visible="true" id="258916989" timestamp="2026-08-18T20:44:39Z" changeset="1" lon="80.2843934" uid="1" version="1" lat="13.0955344" /><node user="OSMnx" visible="true" id="258916994" timestamp="2026-08-18T20:44:39Z" changeset="1" lon="80.2842242" uid="1" version="1" lat="13.0944221" /><node user="OSMnx" visible="true" id="258917025" timestamp="2026-08-18T20:44:39Z" changeset="1" lon="80.284472" uid="1" version="1" lat="13.0943723" /><node user="OSMnx" visible="true" id="258917086" timestamp="2026-08-18T20:44:39Z" changeset="1" lon="80.280641" uid="1" version="1" lat="13.0925484" /><node user="OSMnx" visible="true" id="258917103" timestamp="2026-08-18T20:44:39Z" changeset="1" lon="80.2804811" uid="1" version="1" lat="13.0914001" /><node user="OSMnx" visible="true" id="258917132" timestamp="2026-08-18T20:44:39Z" changeset="1" lon="80.2831865" uid="1" version="1" lat="13.0911699" /><node user="OSMnx" visible="true" id="258917137" timestamp="2026-08-18T20:44:39Z" changeset="1" lon="80.2832659" uid="1" version="1" lat="13.0910675" /><node user="OSMnx" visible="true" id="258917142" timestamp="2026-08-18T20:44:39Z" changeset="1" lon="80.2834795" uid="1" version="1" lat="13.0910213" /><node user="OSMnx" visible="true" id="258917150" timestamp="2026-08-18T20:44:39Z" changeset="1" lon="80.2833089" uid="1" version="1" lat="13.0902659" /><node user="OSMnx" visible="true" id="258917187" timestamp="2026-08-18T20:44:39Z" changeset="1" lon="80.2824297" uid="1" version="1" lat="13.0884475" /><node user="OSMnx" visible="true" id="258917201" timestamp="2026-08-18T20:44:39Z" changeset="1" lon="80.2828443" uid="1" version="1" lat="13.0912661" /><node user="OSMnx" visible="true" id="258917206" timestamp="2026-08-18T20:44:39Z" changeset="1" lon="80.2834484" uid="1" version="1" lat="13.0908811" /><node user="OSMnx" visible="true" id="258917242" timestamp="2026-08-18T20:44:39Z" changeset="1" lon="80.2843696" uid="1" version="1" lat="13.0910008" /><node user="OSMnx" visible="true" id="258917539" timestamp="2026-08-18T20:44:39Z" changeset="1" lon="80.2832951" uid="1" version="1" lat="13.0945574" /><node user="OSMnx" visible="true" id="258917544" timestamp="2026-08-18T20:44:39Z" changeset="1" lon="80.2823807" uid="1" version="1" lat="13.0938973" /><node user="OSMnx" visible="true" id="258917550" timestamp="2026-08-18T20:44:39Z" changeset="1" lon="80.2807304" uid="1" version="1" lat="13.0925427" /><node user="OSMnx" visible="true" id="258917559" timestamp="2026-08-18T20:44:39Z" changeset="1" lon="80.2811508" uid="1" version="1" lat="13.0944086" /><node user="OSMnx" visible="true" id="258917563" timestamp="2026-08-18T20:44:39Z" changeset="1" lon="80.2812568" uid="1" version="1" lat="13.0949668" /><node user="OSMnx" visible="true" id="258917567" timestamp="2026-08-18T20:44:39Z" changeset="1" lon="80.2813718" uid="1" version="1" lat="13.0937555" /><node user="OSMnx" visible="true" id="258917683" timestamp="2026-08-18T20:44:39Z" changeset="1" lon="80.2807076" uid="1" version="1" lat="13.0960766" /><node user="OSMnx" visible="true" id="258917819" timestamp="2026-08-18T20:44:39Z" changeset="1" lon="80.2811039" uid="1" version="1" lat="13.0957686" /><node user="OSMnx" visible="true" id="258969899" timestamp="2026-08-18T20:44:39Z" changeset="1" lon="80.2696291" uid="1" version="1" lat="13.0851079" /><node user="OSMnx" visible="true" id="258969900" timestamp="2026-08-18T20:44:39Z" changeset="1" lon="80.2696371" uid="1" version="1" lat="13.0856526" /><node user="OSMnx" visible="true" id="258969903" timestamp="2026-08-18T20:44:39Z" changeset="1" lon="80.2689748" uid="1" version="1" lat="13.0856454" /><node user="OSMnx" visible="true" id="258969905" timestamp="2026-08-18T20:44:39Z" changeset="1" lon="80.2692605" uid="1" version="1" lat="13.0852014" /><node user="OSMnx" visible="true" id="258969906" timestamp="2026-08-18T20:44:39Z" changeset="1" lon="80.2687242" uid="1" version="1" lat="13.0852188" /><node user="OSMnx" visible="true" id="258969907" timestamp="2026-08-18T20:44:39Z" changeset="1" lon="80.271156" uid="1" version="1" lat="13.0923708" /><node user="OSMnx" visible="true" id="258976003" timestamp="2026-08-18T20:44:39Z" changeset="1" lon="80.274338" uid="1" version="1" lat="13.0945224" /><node user="OSMnx" visible="true" id="258976010" timestamp="2026-08-18T20:44:39Z" changeset="1" lon="80.2743354" uid="1" version="1" lat="13.094781" /><node user="OSMnx" visible="true" id="258976028" timestamp="2026-08-18T20:44:39Z" changeset="1" lon="80.2745496" uid="1" version="1" lat="13.094793" /><node user="OSMnx" visible="true" id="258976032" timestamp="2026-08-18T20:44:39Z" changeset="1" lon="80.2745634" uid="1" version="1" lat="13.0957247" /><node user="OSMnx" visible="true" id="258976036" timestamp="2026-08-18T20:44:39Z" changeset="1" lon="80.2777546" uid="1" version="1" lat="13.0931484" /><node user="OSMnx" visible="true" id="258978418" timestamp="2026-08-18T20:44:39Z" changeset="1" lon="80.2812954" uid="1" version="1" lat="13.0783018" /><node user="OSMnx" visible="true" id="258978435" timestamp="2026-08-18T20:44:39Z" changeset="1" lon="80.276343" uid="1" version="1" lat="13.0774946" /><node user="OSMnx" visible="true" id="258978440" timestamp="2026-08-18T20:44:39Z" changeset="1" lon="80.2798071" uid="1" version="1" lat="13.0768878" /><node user="OSMnx" visible="true" id="258991722" timestamp="2026-08-18T20:44:39Z" changeset="1" lon="80.2745319" uid="1" version="1" lat="13.0712084" /><node user="OSMnx" visible="true" id="259183474" timestamp="2026-08-18T20:44:39Z" changeset="1" lon="80.2753714" uid="1" version="1" lat="13.0797565" /><node user="OSMnx" visible="true" id="259183482" timestamp="2026-08-18T20:44:39Z" changeset="1" lon="80.2733909" uid="1" version="1" lat="13.0814038" /><node user="OSMnx" visible="true" id="266204154" timestamp="2026-08-18T20:44:39Z" changeset="1" lon="80.2671289" uid="1" version="1" lat="13.0773492" /><node user="OSMnx" visible="true" id="266204155" timestamp="2026-08-18T20:44:39Z" changeset="1" lon="80.2611302" uid="1" version="1" lat="13.0714882" /><node user="OSMnx" visible="true" id="266204159" timestamp="2026-08-18T20:44:39Z" changeset="1" lon="80.2639883" uid="1" version="1" lat="13.0713707" /><node user="OSMnx" visible="true" id="266204165" timestamp="2026-08-18T20:44:39Z" changeset="1" lon="80.2611516" uid="1" version="1" lat="13.0718866" /><node user="OSMnx" visible="true" id="266204170" timestamp="2026-08-18T20:44:39Z" changeset="1" lon="80.2640414" uid="1" version="1" lat="13.0717901" /><node user="OSMnx" visible="true" id="266204177" timestamp="2026-08-18T20:44:39Z" changeset="1" lon="80.2623909" uid="1" version="1" lat="13.0707272" /><node user="OSMnx" visible="true" id="266204185" timestamp="2026-08-18T20:44:39Z" changeset="1" lon="80.2628639" uid="1" version="1" lat="13.0705507" /><node user="OSMnx" visible="true" id="266204188" timestamp="2026-08-18T20:44:39Z" changeset="1" lon="80.2648779" uid="1" version="1" lat="13.070467" /><node user="OSMnx" visible="true" id="266204190" timestamp="2026-08-18T20:44:39Z" changeset="1" lon="80.2639887" uid="1" version="1" lat="13.0705352" /><node user="OSMnx" visible="true" id="266204191" timestamp="2026-08-18T20:44:39Z" changeset="1" lon="80.2643868" uid="1" version="1" lat="13.0705071" /><node user="OSMnx" visible="true" id="266204192" timestamp="2026-08-18T20:44:39Z" changeset="1" lon="80.264519" uid="1" version="1" lat="13.0711155" /><node user="OSMnx" visible="true" id="266204193" timestamp="2026-08-18T20:44:39Z" changeset="1" lon="80.2648239" uid="1" version="1" lat="13.0713862" /><node user="OSMnx" visible="true" id="266204194" timestamp="2026-08-18T20:44:39Z" changeset="1" lon="80.2639724" uid="1" version="1" lat="13.071186" /><node user="OSMnx" visible="true" id="266204195" timestamp="2026-08-18T20:44:39Z" changeset="1" lon="80.2649426" uid="1" version="1" lat="13.0709622" /><node user="OSMnx" visible="true" id="266204198" timestamp="2026-08-18T20:44:39Z" changeset="1" lon="80.265212" uid="1" version="1" lat="13.0710184" /><node user="OSMnx" visible="true" id="266204210" timestamp="2026-08-18T20:44:39Z" changeset="1" lon="80.2660445" uid="1" version="1" lat="13.0692377" /><node user="OSMnx" visible="true" id="266204211" timestamp="2026-08-18T20:44:39Z" changeset="1" lon="80.2660202" uid="1" version="1" lat="13.0702533" /><node user="OSMnx" visible="true" id="266204213" timestamp="2026-08-18T20:44:39Z" changeset="1" lon="80.2660659" uid="1" version="1" lat="13.0697261" /><node user="OSMnx" visible="true" id="266204232" timestamp="2026-08-18T20:44:39Z" changeset="1" lon="80.2658132" uid="1" version="1" lat="13.0704521" /><node user="OSMnx" visible="true" id="266204257" timestamp="2026-08-18T20:44:39Z" changeset="1" lon="80.2648034" uid="1" version="1" lat="13.0697233" /><node user="OSMnx" visible="true" id="266204260" timestamp="2026-08-18T20:44:39Z" changeset="1" lon="80.2639626" uid="1" version="1" lat="13.0697979" /><node user="OSMnx" visible="true" id="266204261" timestamp="2026-08-18T20:44:39Z" changeset="1" lon="80.2648251" uid="1" version="1" lat="13.06993" /><node user="OSMnx" visible="true" id="266204262" timestamp="2026-08-18T20:44:39Z" changeset="1" lon="80.2639597" uid="1" version="1" lat="13.0699609" /><node user="OSMnx" visible="true" id="266204263" timestamp="2026-08-18T20:44:39Z" changeset="1" lon="80.2648425" uid="1" version="1" lat="13.0700916" /><node user="OSMnx" visible="true" id="266204272" timestamp="2026-08-18T20:44:39Z" changeset="1" lon="80.2639614" uid="1" version="1" lat="13.0701596" /><node user="OSMnx" visible="true" id="266204275" timestamp="2026-08-18T20:44:39Z" changeset="1" lon="80.264781" uid="1" version="1" lat="13.0695447" /><node user="OSMnx" visible="true" id="266204277" timestamp="2026-08-18T20:44:39Z" changeset="1" lon="80.2639583" uid="1" version="1" lat="13.0695932" /><node user="OSMnx" visible="true" id="266204281" timestamp="2026-08-18T20:44:39Z" changeset="1" lon="80.2647619" uid="1" version="1" lat="13.0693516" /><node user="OSMnx" visible="true" id="266204288" timestamp="2026-08-18T20:44:39Z" changeset="1" lon="80.2639618" uid="1" version="1" lat="13.0693848" /><node user="OSMnx" visible="true" id="266204290" timestamp="2026-08-18T20:44:39Z" changeset="1" lon="80.2647662" uid="1" version="1" lat="13.0694325" /><node user="OSMnx" visible="true" id="266204297" timestamp="2026-08-18T20:44:39Z" changeset="1" lon="80.2639575" uid="1" version="1" lat="13.0695095" /><node user="OSMnx" visible="true" id="266204304" timestamp="2026-08-18T20:44:39Z" changeset="1" lon="80.2647493" uid="1" version="1" lat="13.0692218" /><node user="OSMnx" visible="true" id="266204313" timestamp="2026-08-18T20:44:39Z" changeset="1" lon="80.2639713" uid="1" version="1" lat="13.0692751" /><node user="OSMnx" visible="true" id="266204326" timestamp="2026-08-18T20:44:39Z" changeset="1" lon="80.2646362" uid="1" version="1" lat="13.0729758" /><node user="OSMnx" visible="true" id="266204346" timestamp="2026-08-18T20:44:39Z" changeset="1" lon="80.2645951" uid="1" version="1" lat="13.0728351" /><node user="OSMnx" visible="true" id="266204372" timestamp="2026-08-18T20:44:39Z" changeset="1" lon="80.2646479" uid="1" version="1" lat="13.0721898" /><node user="OSMnx" visible="true" id="266204374" timestamp="2026-08-18T20:44:39Z" changeset="1" lon="80.2642783" uid="1" version="1" lat="13.0721311" /><node user="OSMnx" visible="true" id="266204375" timestamp="2026-08-18T20:44:39Z" changeset="1" lon="80.2651307" uid="1" version="1" lat="13.0721604" /><node user="OSMnx" visible="true" id="266204376" timestamp="2026-08-18T20:44:39Z" changeset="1" lon="80.2657067" uid="1" version="1" lat="13.0733178" /><node user="OSMnx" visible="true" id="266204381" timestamp="2026-08-18T20:44:39Z" changeset="1" lon="80.2658136" uid="1" version="1" lat="13.0714561" /><node user="OSMnx" visible="true" id="266204383" timestamp="2026-08-18T20:44:39Z" changeset="1" lon="80.2657478" uid="1" version="1" lat="13.0709492" /><node user="OSMnx" visible="true" id="266204390" timestamp="2026-08-18T20:44:39Z" changeset="1" lon="80.2660907" uid="1" version="1" lat="13.0716602" /><node user="OSMnx" visible="true" id="266204402" timestamp="2026-08-18T20:44:39Z" changeset="1" lon="80.2671909" uid="1" version="1" lat="13.0720707" /><node user="OSMnx" visible="true" id="266204404" timestamp="2026-08-18T20:44:39Z" changeset="1" lon="80.2669908" uid="1" version="1" lat="13.0720236" /><node user="OSMnx" visible="true" id="266204405" timestamp="2026-08-18T20:44:39Z" changeset="1" lon="80.2661299" uid="1" version="1" lat="13.0719992" /><node user="OSMnx" visible="true" id="266204408" timestamp="2026-08-18T20:44:39Z" changeset="1" lon="80.2660414" uid="1" version="1" lat="13.0708978" /><node user="OSMnx" visible="true" id="266204409" timestamp="2026-08-18T20:44:39Z" changeset="1" lon="80.2664422" uid="1" version="1" lat="13.0708541" /><node user="OSMnx" visible="true" id="266204410" timestamp="2026-08-18T20:44:39Z" changeset="1" lon="80.2668238" uid="1" version="1" lat="13.0708215" /><node user="OSMnx" visible="true" id="266204411" timestamp="2026-08-18T20:44:39Z" changeset="1" lon="80.2671623" uid="1" version="1" lat="13.0708159" /><node user="OSMnx" visible="true" id="266204414" timestamp="2026-08-18T20:44:39Z" changeset="1" lon="80.2675744" uid="1" version="1" lat="13.0708872" /><node user="OSMnx" visible="true" id="266204415" timestamp="2026-08-18T20:44:39Z" changeset="1" lon="80.2679104" uid="1" version="1" lat="13.0709672" /><node user="OSMnx" visible="true" id="266204416" timestamp="2026-08-18T20:44:39Z" changeset="1" lon="80.2680432" uid="1" version="1" lat="13.0705669" /><node user="OSMnx" visible="true" id="266204417" timestamp="2026-08-18T20:44:39Z" changeset="1" lon="80.2681498" uid="1" version="1" lat="13.0701896" /><node user="OSMnx" visible="true" id="266204423" timestamp="2026-08-18T20:44:39Z" changeset="1" lon="80.268159" uid="1" version="1" lat="13.0697226" /><node user="OSMnx" visible="true" id="266204424" timestamp="2026-08-18T20:44:39Z" changeset="1" lon="80.2680948" uid="1" version="1" lat="13.0692292" /><node user="OSMnx" visible="true" id="266204427" timestamp="2026-08-18T20:44:39Z" changeset="1" lon="80.2673535" uid="1" version="1" lat="13.0695999" /><node user="OSMnx" visible="true" id="266204430" timestamp="2026-08-18T20:44:39Z" changeset="1" lon="80.2667769" uid="1" version="1" lat="13.0695208" /><node user="OSMnx" visible="true" id="266204434" timestamp="2026-08-18T20:44:39Z" changeset="1" lon="80.2675814" uid="1" version="1" lat="13.0701611" /><node user="OSMnx" visible="true" id="266204435" timestamp="2026-08-18T20:44:39Z" changeset="1" lon="80.2668166" uid="1" version="1" lat="13.070135" /><node user="OSMnx" visible="true" id="266204436" timestamp="2026-08-18T20:44:39Z" changeset="1" lon="80.2664356" uid="1" version="1" lat="13.0700576" /><node user="OSMnx" visible="true" id="266204438" timestamp="2026-08-18T20:44:39Z" changeset="1" lon="80.2649871" uid="1" version="1" lat="13.0718566" /><node user="OSMnx" visible="true" id="266204439" timestamp="2026-08-18T20:44:39Z" changeset="1" lon="80.2648595" uid="1" version="1" lat="13.0713547" /><node user="OSMnx" visible="true" id="266204440" timestamp="2026-08-18T20:44:39Z" changeset="1" lon="80.2655115" uid="1" version="1" lat="13.0713153" /><node user="OSMnx" visible="true" id="266204441" timestamp="2026-08-18T20:44:39Z" changeset="1" lon="80.2655203" uid="1" version="1" lat="13.0714782" /><node user="OSMnx" visible="true" id="266204442" timestamp="2026-08-18T20:44:39Z" changeset="1" lon="80.2654268" uid="1" version="1" lat="13.0745711" /><node user="OSMnx" visible="true" id="266204443" timestamp="2026-08-18T20:44:39Z" changeset="1" lon="80.2644322" uid="1" version="1" lat="13.074555" /><node user="OSMnx" visible="true" id="266204447" timestamp="2026-08-18T20:44:39Z" changeset="1" lon="80.2642916" uid="1" version="1" lat="13.0757376" /><node user="OSMnx" visible="true" id="266204468" timestamp="2026-08-18T20:44:39Z" changeset="1" lon="80.2643285" uid="1" version="1" lat="13.0753859" /><node user="OSMnx" visible="true" id="266204469" timestamp="2026-08-18T20:44:39Z" changeset="1" lon="80.2645594" uid="1" version="1" lat="13.0752084" /><node user="OSMnx" visible="true" id="266204470" timestamp="2026-08-18T20:44:39Z" changeset="1" lon="80.2646729" uid="1" version="1" lat="13.0750717" /><node user="OSMnx" visible="true" id="266204471" timestamp="2026-08-18T20:44:39Z" changeset="1" lon="80.2653803" uid="1" version="1" lat="13.0747126" /><node user="OSMnx" visible="true" id="266204474" timestamp="2026-08-18T20:44:39Z" changeset="1" lon="80.2651726" uid="1" version="1" lat="13.0747648" /><node user="OSMnx" visible="true" id="266204475" timestamp="2026-08-18T20:44:39Z" changeset="1" lon="80.2643494" uid="1" version="1" lat="13.0748444" /><node user="OSMnx" visible="true" id="266204479" timestamp="2026-08-18T20:44:39Z" changeset="1" lon="80.2648593" uid="1" version="1" lat="13.0754048" /><node user="OSMnx" visible="true" id="266204482" timestamp="2026-08-18T20:44:39Z" changeset="1" lon="80.2638167" uid="1" version="1" lat="13.0754082" /><node user="OSMnx" visible="true" id="266204488" timestamp="2026-08-18T20:44:39Z" changeset="1" lon="80.263094" uid="1" version="1" lat="13.0705504" /><node user="OSMnx" visible="true" id="266204546" timestamp="2026-08-18T20:44:39Z" changeset="1" lon="80.262464" uid="1" version="1" lat="13.0718533" /><node user="OSMnx" visible="true" id="266204548" timestamp="2026-08-18T20:44:39Z" changeset="1" lon="80.2624242" uid="1" version="1" lat="13.0709934" /><node user="OSMnx" visible="true" id="266204551" timestamp="2026-08-18T20:44:39Z" changeset="1" lon="80.2624433" uid="1" version="1" lat="13.0714647" /><node user="OSMnx" visible="true" id="266204552" timestamp="2026-08-18T20:44:39Z" changeset="1" lon="80.2657942" uid="1" version="1" lat="13.072142" /><node user="OSMnx" visible="true" id="266204833" timestamp="2026-08-18T20:44:39Z" changeset="1" lon="80.2579775" uid="1" version="1" lat="13.0752805" /><node user="OSMnx" visible="true" id="266204840" timestamp="2026-08-18T20:44:39Z" changeset="1" lon="80.2573936" uid="1" version="1" lat="13.0753952" /><node user="OSMnx" visible="true" id="266204988" timestamp="2026-08-18T20:44:39Z" changeset="1" lon="80.2576529" uid="1" version="1" lat="13.0758938" /><node user="OSMnx" visible="true" id="266205001" timestamp="2026-08-18T20:44:39Z" changeset="1" lon="80.2574202" uid="1" version="1" lat="13.076123" /><node user="OSMnx" visible="true" id="266205031" timestamp="2026-08-18T20:44:39Z" changeset="1" lon="80.2572539" uid="1" version="1" lat="13.0742118" /><node user="OSMnx" visible="true" id="266205032" timestamp="2026-08-18T20:44:39Z" changeset="1" lon="80.2569463" uid="1" version="1" lat="13.0742565" /><node user="OSMnx" visible="true" id="266205067" timestamp="2026-08-18T20:44:39Z" changeset="1" lon="80.2657865" uid="1" version="1" lat="13.0719667" /><node user="OSMnx" visible="true" id="303283553" timestamp="2026-08-18T20:44:39Z" changeset="1" lon="80.2732799" uid="1" version="1" lat="13.0814946" /><node user="OSMnx" visible="true" id="303283554" timestamp="2026-08-18T20:44:39Z" changeset="1" lon="80.2751616" uid="1" version="1" lat="13.0817259"><tag k="highway" v="traffic_signals" /></node><node user="OSMnx" visible="true" id="303283556" timestamp="2026-08-18T20:44:39Z" changeset="1" lon="80.2757816" uid="1" version="1" lat="13.0817501" /><node user="OSMnx" visible="true" id="303283557" timestamp="2026-08-18T20:44:39Z" changeset="1" lon="80.2760534" uid="1" version="1" lat="13.081814" /><node user="OSMnx" visible="true" id="303283569" timestamp="2026-08-18T20:44:39Z" changeset="1" lon="80.276318" uid="1" version="1" lat="13.0818975" /><node user="OSMnx" visible="true" id="303283583" timestamp="2026-08-18T20:44:39Z" changeset="1" lon="80.2779162" uid="1" version="1" lat="13.0820996" /><node user="OSMnx" visible="true" id="303283584" timestamp="2026-08-18T20:44:39Z" changeset="1" lon="80.2784672" uid="1" version="1" lat="13.0821655"><tag k="highway" v="traffic_signals" /></node><node user="OSMnx" visible="true" id="303283585" timestamp="2026-08-18T20:44:39Z" changeset="1" lon="80.2817846" uid="1" version="1" lat="13.082277"><tag k="highway" v="traffic_signals" /></node><node user="OSMnx" visible="true" id="303283783" timestamp="2026-08-18T20:44:39Z" changeset="1" lon="80.2811546" uid="1" version="1" lat="13.082256" /><node user="OSMnx" visible="true" id="303283785" timestamp="2026-08-18T20:44:39Z" changeset="1" lon="80.2812387" uid="1" version="1" lat="13.0819963" /><node user="OSMnx" visible="true" id="303283789" timestamp="2026-08-18T20:44:39Z" changeset="1" lon="80.2812392" uid="1" version="1" lat="13.0819178" /><node user="OSMnx" visible="true" id="303283792" timestamp="2026-08-18T20:44:39Z" changeset="1" lon="80.2811903" uid="1" version="1" lat="13.0817612" /><node user="OSMnx" visible="true" id="303284173" timestamp="2026-08-18T20:44:39Z" changeset="1" lon="80.2835529" uid="1" version="1" lat="13.0854871" /><node user="OSMnx" visible="true" id="303284177" timestamp="2026-08-18T20:44:39Z" changeset="1" lon="80.2836532" uid="1" version="1" lat="13.0850279" /><node user="OSMnx" visible="true" id="303284178" timestamp="2026-08-18T20:44:39Z" changeset="1" lon="80.2833299" uid="1" version="1" lat="13.0847762" /><node user="OSMnx" visible="true" id="303284179" timestamp="2026-08-18T20:44:39Z" changeset="1" lon="80.2830048" uid="1" version="1" lat="13.0843768" /><node user="OSMnx" visible="true" id="303284180" timestamp="2026-08-18T20:44:39Z" changeset="1" lon="80.2816954" uid="1" version="1" lat="13.082379"><tag k="highway" v="traffic_signals" /></node><node user="OSMnx" visible="true" id="303284181" timestamp="2026-08-18T20:44:39Z" changeset="1" lon="80.2839593" uid="1" version="1" lat="13.0850846" /><node user="OSMnx" visible="true" id="303284186" timestamp="2026-08-18T20:44:39Z" changeset="1" lon="80.2839029" uid="1" version="1" lat="13.0851702" /><node user="OSMnx" visible="true" id="303284253" timestamp="2026-08-18T20:44:39Z" changeset="1" lon="80.2752236" uid="1" version="1" lat="13.0813985" /><node user="OSMnx" visible="true" id="303284272" timestamp="2026-08-18T20:44:39Z" changeset="1" lon="80.275291" uid="1" version="1" lat="13.0792837" /><node user="OSMnx" visible="true" id="304916244" timestamp="2026-08-18T20:44:39Z" changeset="1" lon="80.2650548" uid="1" version="1" lat="13.0804845" /><node user="OSMnx" visible="true" id="304918664" timestamp="2026-08-18T20:44:39Z" changeset="1" lon="80.2668562" uid="1" version="1" lat="13.0829073" /><node user="OSMnx" visible="true" id="304918722" timestamp="2026-08-18T20:44:39Z" changeset="1" lon="80.2704752" uid="1" version="1" lat="13.0808409" /><node user="OSMnx" visible="true" id="304918724" timestamp="2026-08-18T20:44:39Z" changeset="1" lon="80.2609569" uid="1" version="1" lat="13.079763" /><node user="OSMnx" visible="true" id="304918740" timestamp="2026-08-18T20:44:39Z" changeset="1" lon="80.2587891" uid="1" version="1" lat="13.0793192"><tag k="highway" v="traffic_signals" /></node><node user="OSMnx" visible="true" id="304918743" timestamp="2026-08-18T20:44:39Z" changeset="1" lon="80.2603264" uid="1" version="1" lat="13.0795058" /><node user="OSMnx" visible="true" id="304918745" timestamp="2026-08-18T20:44:39Z" changeset="1" lon="80.2609446" uid="1" version="1" lat="13.0796331" /><node user="OSMnx" visible="true" id="304918747" timestamp="2026-08-18T20:44:39Z" changeset="1" lon="80.2617976" uid="1" version="1" lat="13.0799775" /><node user="OSMnx" visible="true" id="304918749" timestamp="2026-08-18T20:44:39Z" changeset="1" lon="80.2619596" uid="1" version="1" lat="13.080023" /><node user="OSMnx" visible="true" id="304918752" timestamp="2026-08-18T20:44:39Z" changeset="1" lon="80.2628257" uid="1" version="1" lat="13.0801904"><tag k="highway" v="traffic_signals" /></node><node user="OSMnx" visible="true" id="304918754" timestamp="2026-08-18T20:44:39Z" changeset="1" lon="80.2640251" uid="1" version="1" lat="13.0804511" /><node user="OSMnx" visible="true" id="304918757" timestamp="2026-08-18T20:44:39Z" changeset="1" lon="80.2647889" uid="1" version="1" lat="13.0806112" /><node user="OSMnx" visible="true" id="304918760" timestamp="2026-08-18T20:44:39Z" changeset="1" lon="80.2654065" uid="1" version="1" lat="13.0807108"><tag k="highway" v="traffic_signals" /></node><node user="OSMnx" visible="true" id="304918764" timestamp="2026-08-18T20:44:39Z" changeset="1" lon="80.2669981" uid="1" version="1" lat="13.08068" /><node user="OSMnx" visible="true" id="304918766" timestamp="2026-08-18T20:44:39Z" changeset="1" lon="80.2680216" uid="1" version="1" lat="13.0806715" /><node user="OSMnx" visible="true" id="304918778" timestamp="2026-08-18T20:44:39Z" changeset="1" lon="80.2704542" uid="1" version="1" lat="13.0807718" /><node user="OSMnx" visible="true" id="304918793" timestamp="2026-08-18T20:44:39Z" changeset="1" lon="80.2706397" uid="1" version="1" lat="13.0807831" /><node user="OSMnx" visible="true" id="304918797" timestamp="2026-08-18T20:44:39Z" changeset="1" lon="80.27083" uid="1" version="1" lat="13.0808209" /><node user="OSMnx" visible="true" id="309061485" timestamp="2026-08-18T20:44:39Z" changeset="1" lon="80.2754606" uid="1" version="1" lat="13.0784086" /><node user="OSMnx" visible="true" id="309061499" timestamp="2026-08-18T20:44:39Z" changeset="1" lon="80.2752779" uid="1" version="1" lat="13.0785758" /><node user="OSMnx" visible="true" id="309061515" timestamp="2026-08-18T20:44:39Z" changeset="1" lon="80.2763494" uid="1" version="1" lat="13.0771722" /><node user="OSMnx" visible="true" id="309061520" timestamp="2026-08-18T20:44:39Z" changeset="1" lon="80.2763136" uid="1" version="1" lat="13.0780463" /><node user="OSMnx" visible="true" id="309061528" timestamp="2026-08-18T20:44:39Z" changeset="1" lon="80.2761506" uid="1" version="1" lat="13.0782512" /><node user="OSMnx" visible="true" id="309061536" timestamp="2026-08-18T20:44:39Z" changeset="1" lon="80.2756414" uid="1" version="1" lat="13.0784077" /><node user="OSMnx" visible="true" id="309061544" timestamp="2026-08-18T20:44:39Z" changeset="1" lon="80.2753865" uid="1" version="1" lat="13.0785763" /><node user="OSMnx" visible="true" id="309061547" timestamp="2026-08-18T20:44:39Z" changeset="1" lon="80.2823323" uid="1" version="1" lat="13.0787172" /><node user="OSMnx" visible="true" id="309061623" timestamp="2026-08-18T20:44:39Z" changeset="1" lon="80.2783394" uid="1" version="1" lat="13.0755609" /><node user="OSMnx" visible="true" id="309061624" timestamp="2026-08-18T20:44:39Z" changeset="1" lon="80.2793151" uid="1" version="1" lat="13.0764322" /><node user="OSMnx" visible="true" id="309061625" timestamp="2026-08-18T20:44:39Z" changeset="1" lon="80.2787176" uid="1" version="1" lat="13.0760231" /><node user="OSMnx" visible="true" id="309061627" timestamp="2026-08-18T20:44:39Z" changeset="1" lon="80.2793603" uid="1" version="1" lat="13.0763336" /><node user="OSMnx" visible="true" id="309061632" timestamp="2026-08-18T20:44:39Z" changeset="1" lon="80.2788645" uid="1" version="1" lat="13.0758" /><node user="OSMnx" visible="true" id="309061633" timestamp="2026-08-18T20:44:39Z" changeset="1" lon="80.2783259" uid="1" version="1" lat="13.0753786" /><node user="OSMnx" visible="true" id="309061637" timestamp="2026-08-18T20:44:39Z" changeset="1" lon="80.2765139" uid="1" version="1" lat="13.0735535" /><node user="OSMnx" visible="true" id="309061742" timestamp="2026-08-18T20:44:39Z" changeset="1" lon="80.2755199" uid="1" version="1" lat="13.072874" /><node user="OSMnx" visible="true" id="309061743" timestamp="2026-08-18T20:44:39Z" changeset="1" lon="80.2755773" uid="1" version="1" lat="13.0727639" /><node user="OSMnx" visible="true" id="309061750" timestamp="2026-08-18T20:44:39Z" changeset="1" lon="80.2747056" uid="1" version="1" lat="13.0719588" /><node user="OSMnx" visible="true" id="309061751" timestamp="2026-08-18T20:44:39Z" changeset="1" lon="80.274623" uid="1" version="1" lat="13.0720436" /><node user="OSMnx" visible="true" id="309061752" timestamp="2026-08-18T20:44:39Z" changeset="1" lon="80.2786653" uid="1" version="1" lat="13.0756798" /><node user="OSMnx" visible="true" id="309061753" timestamp="2026-08-18T20:44:39Z" changeset="1" lon="80.2785507" uid="1" version="1" lat="13.0758192" /><node user="OSMnx" visible="true" id="309061755" timestamp="2026-08-18T20:44:39Z" changeset="1" lon="80.2790161" uid="1" version="1" lat="13.0762045" /><node user="OSMnx" visible="true" id="309061756" timestamp="2026-08-18T20:44:39Z" changeset="1" lon="80.2791396" uid="1" version="1" lat="13.0760921" /><node user="OSMnx" visible="true" id="309061758" timestamp="2026-08-18T20:44:39Z" changeset="1" lon="80.2785751" uid="1" version="1" lat="13.0757267" /><node user="OSMnx" visible="true" id="309061760" timestamp="2026-08-18T20:44:39Z" changeset="1" lon="80.2791153" uid="1" version="1" lat="13.076171" /><node user="OSMnx" visible="true" id="309061766" timestamp="2026-08-18T20:44:39Z" changeset="1" lon="80.281597" uid="1" version="1" lat="13.0784721" /><node user="OSMnx" visible="true" id="309061767" timestamp="2026-08-18T20:44:39Z" changeset="1" lon="80.2815328" uid="1" version="1" lat="13.0785385" /><node user="OSMnx" visible="true" id="309061978" timestamp="2026-08-18T20:44:39Z" changeset="1" lon="80.2740004" uid="1" version="1" lat="13.0706193" /><node user="OSMnx" visible="true" id="309061979" timestamp="2026-08-18T20:44:39Z" changeset="1" lon="80.2724678" uid="1" version="1" lat="13.0693235" /><node user="OSMnx" visible="true" id="309062013" timestamp="2026-08-18T20:44:39Z" changeset="1" lon="80.273658" uid="1" version="1" lat="13.070547" /><node user="OSMnx" visible="true" id="309062015" timestamp="2026-08-18T20:44:39Z" changeset="1" lon="80.273309" uid="1" version="1" lat="13.0700505" /><node user="OSMnx" visible="true" id="309062017" timestamp="2026-08-18T20:44:39Z" changeset="1" lon="80.2764355" uid="1" version="1" lat="13.0742962" /><node user="OSMnx" visible="true" id="309062018" timestamp="2026-08-18T20:44:39Z" changeset="1" lon="80.276494" uid="1" version="1" lat="13.0741686" /><node user="OSMnx" visible="true" id="309062019" timestamp="2026-08-18T20:44:39Z" changeset="1" lon="80.2767254" uid="1" version="1" lat="13.0740728" /><node user="OSMnx" visible="true" id="309062020" timestamp="2026-08-18T20:44:39Z" changeset="1" lon="80.2768684" uid="1" version="1" lat="13.0741199" /><node user="OSMnx" visible="true" id="309062090" timestamp="2026-08-18T20:44:39Z" changeset="1" lon="80.2741381" uid="1" version="1" lat="13.0707874" /><node user="OSMnx" visible="true" id="309062092" timestamp="2026-08-18T20:44:39Z" changeset="1" lon="80.2744553" uid="1" version="1" lat="13.0714735" /><node user="OSMnx" visible="true" id="310505384" timestamp="2026-08-18T20:44:39Z" changeset="1" lon="80.2788261" uid="1" version="1" lat="13.0836079" /><node user="OSMnx" visible="true" id="310505385" timestamp="2026-08-18T20:44:39Z" changeset="1" lon="80.2789799" uid="1" version="1" lat="13.083468" /><node user="OSMnx" visible="true" id="310505387" timestamp="2026-08-18T20:44:39Z" changeset="1" lon="80.2790026" uid="1" version="1" lat="13.0833505" /><node user="OSMnx" visible="true" id="310505388" timestamp="2026-08-18T20:44:39Z" changeset="1" lon="80.2840425" uid="1" version="1" lat="13.0883431" /><node user="OSMnx" visible="true" id="310505807" timestamp="2026-08-18T20:44:39Z" changeset="1" lon="80.2842869" uid="1" version="1" lat="13.0884279" /><node user="OSMnx" visible="true" id="310505808" timestamp="2026-08-18T20:44:39Z" changeset="1" lon="80.2837875" uid="1" version="1" lat="13.0884075" /><node user="OSMnx" visible="true" id="310505809" timestamp="2026-08-18T20:44:39Z" changeset="1" lon="80.2833615" uid="1" version="1" lat="13.0883888" /><node user="OSMnx" visible="true" id="310505810" timestamp="2026-08-18T20:44:39Z" changeset="1" lon="80.2829029" uid="1" version="1" lat="13.0883895" /><node user="OSMnx" visible="true" id="310505812" timestamp="2026-08-18T20:44:39Z" changeset="1" lon="80.2813817" uid="1" version="1" lat="13.087923" /><node user="OSMnx" visible="true" id="310505813" timestamp="2026-08-18T20:44:39Z" changeset="1" lon="80.2810728" uid="1" version="1" lat="13.0867511" /><node user="OSMnx" visible="true" id="310505814" timestamp="2026-08-18T20:44:39Z" changeset="1" lon="80.2808325" uid="1" version="1" lat="13.0859534" /><node user="OSMnx" visible="true" id="310505815" timestamp="2026-08-18T20:44:39Z" changeset="1" lon="80.2808012" uid="1" version="1" lat="13.0858803" /><node user="OSMnx" visible="true" id="310505816" timestamp="2026-08-18T20:44:39Z" changeset="1" lon="80.2806535" uid="1" version="1" lat="13.0857954" /><node user="OSMnx" visible="true" id="310505817" timestamp="2026-08-18T20:44:39Z" changeset="1" lon="80.2800612" uid="1" version="1" lat="13.0856637" /><node user="OSMnx" visible="true" id="310505818" timestamp="2026-08-18T20:44:39Z" changeset="1" lon="80.2797889" uid="1" version="1" lat="13.0855854" /><node user="OSMnx" visible="true" id="310505819" timestamp="2026-08-18T20:44:39Z" changeset="1" lon="80.2796086" uid="1" version="1" lat="13.0855156" /><node user="OSMnx" visible="true" id="310505820" timestamp="2026-08-18T20:44:39Z" changeset="1" lon="80.279458" uid="1" version="1" lat="13.0853334" /><node user="OSMnx" visible="true" id="310505821" timestamp="2026-08-18T20:44:39Z" changeset="1" lon="80.2793292" uid="1" version="1" lat="13.0851333" /><node user="OSMnx" visible="true" id="310505822" timestamp="2026-08-18T20:44:39Z" changeset="1" lon="80.2790854" uid="1" version="1" lat="13.0837083" /><node user="OSMnx" visible="true" id="310505824" timestamp="2026-08-18T20:44:39Z" changeset="1" lon="80.2814036" uid="1" version="1" lat="13.0881148" /><node user="OSMnx" visible="true" id="310505825" timestamp="2026-08-18T20:44:39Z" changeset="1" lon="80.2826191" uid="1" version="1" lat="13.0884201" /><node user="OSMnx" visible="true" id="310505827" timestamp="2026-08-18T20:44:39Z" changeset="1" lon="80.282541" uid="1" version="1" lat="13.0883111" /><node user="OSMnx" visible="true" id="310505903" timestamp="2026-08-18T20:44:39Z" changeset="1" lon="80.279194" uid="1" version="1" lat="13.0855778" /><node user="OSMnx" visible="true" id="310506630" timestamp="2026-08-18T20:44:39Z" changeset="1" lon="80.2765601" uid="1" version="1" lat="13.0837155" /><node user="OSMnx" visible="true" id="310506631" timestamp="2026-08-18T20:44:39Z" changeset="1" lon="80.2763649" uid="1" version="1" lat="13.0902685" /><node user="OSMnx" visible="true" id="310506632" timestamp="2026-08-18T20:44:39Z" changeset="1" lon="80.2767362" uid="1" version="1" lat="13.0887765" /><node user="OSMnx" visible="true" id="310506634" timestamp="2026-08-18T20:44:39Z" changeset="1" lon="80.2796529" uid="1" version="1" lat="13.0890826" /><node user="OSMnx" visible="true" id="310506635" timestamp="2026-08-18T20:44:39Z" changeset="1" lon="80.278861" uid="1" version="1" lat="13.089168" /><node user="OSMnx" visible="true" id="311286998" timestamp="2026-08-18T20:44:39Z" changeset="1" lon="80.2679345" uid="1" version="1" lat="13.0889437" /><node user="OSMnx" visible="true" id="311286999" timestamp="2026-08-18T20:44:39Z" changeset="1" lon="80.2679048" uid="1" version="1" lat="13.0897861" /><node user="OSMnx" visible="true" id="317148365" timestamp="2026-08-18T20:44:39Z" changeset="1" lon="80.2694517" uid="1" version="1" lat="13.0779893" /><node user="OSMnx" visible="true" id="317148366" timestamp="2026-08-18T20:44:39Z" changeset="1" lon="80.2694433" uid="1" version="1" lat="13.0787991" /><node user="OSMnx" visible="true" id="317148375" timestamp="2026-08-18T20:44:39Z" changeset="1" lon="80.2694498" uid="1" version="1" lat="13.0777902" /><node user="OSMnx" visible="true" id="317148376" timestamp="2026-08-18T20:44:39Z" changeset="1" lon="80.2689288" uid="1" version="1" lat="13.0777982" /><node user="OSMnx" visible="true" id="317148377" timestamp="2026-08-18T20:44:39Z" changeset="1" lon="80.268075" uid="1" version="1" lat="13.0778976" /><node user="OSMnx" visible="true" id="317148380" timestamp="2026-08-18T20:44:39Z" changeset="1" lon="80.2688905" uid="1" version="1" lat="13.0770947" /><node user="OSMnx" visible="true" id="317151732" timestamp="2026-08-18T20:44:39Z" changeset="1" lon="80.2672861" uid="1" version="1" lat="13.0769053" /><node user="OSMnx" visible="true" id="317151733" timestamp="2026-08-18T20:44:39Z" changeset="1" lon="80.2673373" uid="1" version="1" lat="13.0773093" /><node user="OSMnx" visible="true" id="317151764" timestamp="2026-08-18T20:44:39Z" changeset="1" lon="80.2670286" uid="1" version="1" lat="13.0781722" /><node user="OSMnx" visible="true" id="317151790" timestamp="2026-08-18T20:44:39Z" changeset="1" lon="80.2672367" uid="1" version="1" lat="13.0780474" /><node user="OSMnx" visible="true" id="317152629" timestamp="2026-08-18T20:44:39Z" changeset="1" lon="80.2717388" uid="1" version="1" lat="13.0749143" /><node user="OSMnx" visible="true" id="317153313" timestamp="2026-08-18T20:44:39Z" changeset="1" lon="80.2731206" uid="1" version="1" lat="13.0743279" /><node user="OSMnx" visible="true" id="317155207" timestamp="2026-08-18T20:44:39Z" changeset="1" lon="80.2689078" uid="1" version="1" lat="13.072043" /><node user="OSMnx" visible="true" id="317155227" timestamp="2026-08-18T20:44:39Z" changeset="1" lon="80.2684087" uid="1" version="1" lat="13.0730286" /><node user="OSMnx" visible="true" id="317155228" timestamp="2026-08-18T20:44:39Z" changeset="1" lon="80.268431" uid="1" version="1" lat="13.0728684" /><node user="OSMnx" visible="true" id="317155229" timestamp="2026-08-18T20:44:39Z" changeset="1" lon="80.2690173" uid="1" version="1" lat="13.0728056" /><node user="OSMnx" visible="true" id="317155347" timestamp="2026-08-18T20:44:39Z" changeset="1" lon="80.2678911" uid="1" version="1" lat="13.0749539" /><node user="OSMnx" visible="true" id="317615774" timestamp="2026-08-18T20:44:39Z" changeset="1" lon="80.2810542" uid="1" version="1" lat="13.0779486" /><node user="OSMnx" visible="true" id="317995430" timestamp="2026-08-18T20:44:39Z" changeset="1" lon="80.2819299" uid="1" version="1" lat="13.0787772" /><node user="OSMnx" visible="true" id="317995431" timestamp="2026-08-18T20:44:39Z" changeset="1" lon="80.281863" uid="1" version="1" lat="13.0788433" /><node user="OSMnx" visible="true" id="319158977" timestamp="2026-08-18T20:44:39Z" changeset="1" lon="80.2814798" uid="1" version="1" lat="13.0783404" /><node user="OSMnx" visible="true" id="320277386" timestamp="2026-08-18T20:44:39Z" changeset="1" lon="80.261205" uid="1" version="1" lat="13.073127" /><node user="OSMnx" visible="true" id="320962434" timestamp="2026-08-18T20:44:39Z" changeset="1" lon="80.279135" uid="1" version="1" lat="13.0838211" /><node user="OSMnx" visible="true" id="320966030" timestamp="2026-08-18T20:44:39Z" changeset="1" lon="80.2718602" uid="1" version="1" lat="13.0836369" /><node user="OSMnx" visible="true" id="320966035" timestamp="2026-08-18T20:44:39Z" changeset="1" lon="80.271081" uid="1" version="1" lat="13.0835668" /><node user="OSMnx" visible="true" id="320967286" timestamp="2026-08-18T20:44:39Z" changeset="1" lon="80.2719158" uid="1" version="1" lat="13.0812369" /><node user="OSMnx" visible="true" id="320967297" timestamp="2026-08-18T20:44:39Z" changeset="1" lon="80.2715065" uid="1" version="1" lat="13.0811492" /><node user="OSMnx" visible="true" id="321833145" timestamp="2026-08-18T20:44:39Z" changeset="1" lon="80.2758712" uid="1" version="1" lat="13.0730063" /><node user="OSMnx" visible="true" id="333204222" timestamp="2026-08-18T20:44:39Z" changeset="1" lon="80.2684726" uid="1" version="1" lat="13.0820867" /><node user="OSMnx" visible="true" id="333204230" timestamp="2026-08-18T20:44:39Z" changeset="1" lon="80.2686625" uid="1" version="1" lat="13.0819708" /><node user="OSMnx" visible="true" id="333204235" timestamp="2026-08-18T20:44:39Z" changeset="1" lon="80.2685741" uid="1" version="1" lat="13.0807851" /><node user="OSMnx" visible="true" id="333204238" timestamp="2026-08-18T20:44:39Z" changeset="1" lon="80.2682156" uid="1" version="1" lat="13.0824865" /><node user="OSMnx" visible="true" id="333204244" timestamp="2026-08-18T20:44:39Z" changeset="1" lon="80.268175" uid="1" version="1" lat="13.0837329" /><node user="OSMnx" visible="true" id="333204248" timestamp="2026-08-18T20:44:39Z" changeset="1" lon="80.2681945" uid="1" version="1" lat="13.0843339" /><node user="OSMnx" visible="true" id="333204252" timestamp="2026-08-18T20:44:39Z" changeset="1" lon="80.2676014" uid="1" version="1" lat="13.0843486" /><node user="OSMnx" visible="true" id="333204257" timestamp="2026-08-18T20:44:39Z" changeset="1" lon="80.2676858" uid="1" version="1" lat="13.084348" /><node user="OSMnx" visible="true" id="333204265" timestamp="2026-08-18T20:44:39Z" changeset="1" lon="80.2678253" uid="1" version="1" lat="13.0829346" /><node user="OSMnx" visible="true" id="333204272" timestamp="2026-08-18T20:44:39Z" changeset="1" lon="80.2677709" uid="1" version="1" lat="13.0834902" /><node user="OSMnx" visible="true" id="333204279" timestamp="2026-08-18T20:44:39Z" changeset="1" lon="80.2667873" uid="1" version="1" lat="13.0834632" /><node user="OSMnx" visible="true" id="333204285" timestamp="2026-08-18T20:44:39Z" changeset="1" lon="80.2660837" uid="1" version="1" lat="13.0843191" /><node user="OSMnx" visible="true" id="333204287" timestamp="2026-08-18T20:44:39Z" changeset="1" lon="80.2651516" uid="1" version="1" lat="13.0844824" /><node user="OSMnx" visible="true" id="333204293" timestamp="2026-08-18T20:44:39Z" changeset="1" lon="80.2660832" uid="1" version="1" lat="13.0840657" /><node user="OSMnx" visible="true" id="333204298" timestamp="2026-08-18T20:44:39Z" changeset="1" lon="80.2651378" uid="1" version="1" lat="13.0841673" /><node user="OSMnx" visible="true" id="333204305" timestamp="2026-08-18T20:44:39Z" changeset="1" lon="80.2660678" uid="1" version="1" lat="13.0837708" /><node user="OSMnx" visible="true" id="333204311" timestamp="2026-08-18T20:44:39Z" changeset="1" lon="80.2650407" uid="1" version="1" lat="13.0839329" /><node user="OSMnx" visible="true" id="333204314" timestamp="2026-08-18T20:44:39Z" changeset="1" lon="80.2660529" uid="1" version="1" lat="13.0835057" /><node user="OSMnx" visible="true" id="333207923" timestamp="2026-08-18T20:44:39Z" changeset="1" lon="80.268728" uid="1" version="1" lat="13.0818319" /><node user="OSMnx" visible="true" id="333218846" timestamp="2026-08-18T20:44:39Z" changeset="1" lon="80.2618911" uid="1" version="1" lat="13.08797" /><node user="OSMnx" visible="true" id="333218852" timestamp="2026-08-18T20:44:39Z" changeset="1" lon="80.2608248" uid="1" version="1" lat="13.0877013" /><node user="OSMnx" visible="true" id="333218864" timestamp="2026-08-18T20:44:39Z" changeset="1" lon="80.2591322" uid="1" version="1" lat="13.0872973" /><node user="OSMnx" visible="true" id="333218870" timestamp="2026-08-18T20:44:39Z" changeset="1" lon="80.2580639" uid="1" version="1" lat="13.0869827" /><node user="OSMnx" visible="true" id="333218877" timestamp="2026-08-18T20:44:39Z" changeset="1" lon="80.2570229" uid="1" version="1" lat="13.0866508" /><node user="OSMnx" visible="true" id="333218888" timestamp="2026-08-18T20:44:39Z" changeset="1" lon="80.2580421" uid="1" version="1" lat="13.0869337" /><node user="OSMnx" visible="true" id="333218894" timestamp="2026-08-18T20:44:39Z" changeset="1" lon="80.2592048" uid="1" version="1" lat="13.0869268" /><node user="OSMnx" visible="true" id="333218898" timestamp="2026-08-18T20:44:39Z" changeset="1" lon="80.2606859" uid="1" version="1" lat="13.0866882" /><node user="OSMnx" visible="true" id="333218903" timestamp="2026-08-18T20:44:39Z" changeset="1" lon="80.2600466" uid="1" version="1" lat="13.0868729" /><node user="OSMnx" visible="true" id="333218909" timestamp="2026-08-18T20:44:39Z" changeset="1" lon="80.2593858" uid="1" version="1" lat="13.0869556" /><node user="OSMnx" visible="true" id="333218921" timestamp="2026-08-18T20:44:39Z" changeset="1" lon="80.2599575" uid="1" version="1" lat="13.0867931" /><node user="OSMnx" visible="true" id="333218928" timestamp="2026-08-18T20:44:39Z" changeset="1" lon="80.2591714" uid="1" version="1" lat="13.0868898" /><node user="OSMnx" visible="true" id="333218935" timestamp="2026-08-18T20:44:39Z" changeset="1" lon="80.257998" uid="1" version="1" lat="13.0868706" /><node user="OSMnx" visible="true" id="333218954" timestamp="2026-08-18T20:44:39Z" changeset="1" lon="80.257479" uid="1" version="1" lat="13.0867544" /><node user="OSMnx" visible="true" id="333218962" timestamp="2026-08-18T20:44:39Z" changeset="1" lon="80.2631984" uid="1" version="1" lat="13.0883635" /><node user="OSMnx" visible="true" id="333218970" timestamp="2026-08-18T20:44:39Z" changeset="1" lon="80.2635124" uid="1" version="1" lat="13.088607" /><node user="OSMnx" visible="true" id="333218976" timestamp="2026-08-18T20:44:39Z" changeset="1" lon="80.2633917" uid="1" version="1" lat="13.0884061" /><node user="OSMnx" visible="true" id="333219007" timestamp="2026-08-18T20:44:39Z" changeset="1" lon="80.2570431" uid="1" version="1" lat="13.0839393" /><node user="OSMnx" visible="true" id="333219030" timestamp="2026-08-18T20:44:39Z" changeset="1" lon="80.2572953" uid="1" version="1" lat="13.0866301" /><node user="OSMnx" visible="true" id="333219035" timestamp="2026-08-18T20:44:39Z" changeset="1" lon="80.2579585" uid="1" version="1" lat="13.0841476" /><node user="OSMnx" visible="true" id="333226183" timestamp="2026-08-18T20:44:39Z" changeset="1" lon="80.2577283" uid="1" version="1" lat="13.0950337" /><node user="OSMnx" visible="true" id="333226194" timestamp="2026-08-18T20:44:39Z" changeset="1" lon="80.2572225" uid="1" version="1" lat="13.0950191" /><node user="OSMnx" visible="true" id="344454337" timestamp="2026-08-18T20:44:39Z" changeset="1" lon="80.2570092" uid="1" version="1" lat="13.0959882" /><node user="OSMnx" visible="true" id="344454376" timestamp="2026-08-18T20:44:39Z" changeset="1" lon="80.2573384" uid="1" version="1" lat="13.0945425" /><node user="OSMnx" visible="true" id="344454379" timestamp="2026-08-18T20:44:39Z" changeset="1" lon="80.2573897" uid="1" version="1" lat="13.0942404" /><node user="OSMnx" visible="true" id="344454395" timestamp="2026-08-18T20:44:39Z" changeset="1" lon="80.2572828" uid="1" version="1" lat="13.0948355" /><node user="OSMnx" visible="true" id="344454399" timestamp="2026-08-18T20:44:39Z" changeset="1" lon="80.257869" uid="1" version="1" lat="13.0960554" /><node user="OSMnx" visible="true" id="344454403" timestamp="2026-08-18T20:44:39Z" changeset="1" lon="80.2582311" uid="1" version="1" lat="13.0956639" /><node user="OSMnx" visible="true" id="344454407" timestamp="2026-08-18T20:44:39Z" changeset="1" lon="80.258217" uid="1" version="1" lat="13.0949989" /><node user="OSMnx" visible="true" id="344454425" timestamp="2026-08-18T20:44:39Z" changeset="1" lon="80.2573417" uid="1" version="1" lat="13.0960177" /><node user="OSMnx" visible="true" id="344454433" timestamp="2026-08-18T20:44:39Z" changeset="1" lon="80.2583104" uid="1" version="1" lat="13.095627" /><node user="OSMnx" visible="true" id="344454437" timestamp="2026-08-18T20:44:39Z" changeset="1" lon="80.2589857" uid="1" version="1" lat="13.0955339" /><node user="OSMnx" visible="true" id="344454439" timestamp="2026-08-18T20:44:39Z" changeset="1" lon="80.2572263" uid="1" version="1" lat="13.092333" /><node user="OSMnx" visible="true" id="344454442" timestamp="2026-08-18T20:44:39Z" changeset="1" lon="80.2571455" uid="1" version="1" lat="13.0933624" /><node user="OSMnx" visible="true" id="344454452" timestamp="2026-08-18T20:44:39Z" changeset="1" lon="80.2571723" uid="1" version="1" lat="13.092766" /><node user="OSMnx" visible="true" id="344485899" timestamp="2026-08-18T20:44:39Z" changeset="1" lon="80.2652892" uid="1" version="1" lat="13.0941196" /><node user="OSMnx" visible="true" id="344485900" timestamp="2026-08-18T20:44:39Z" changeset="1" lon="80.265216" uid="1" version="1" lat="13.0930931" /><node user="OSMnx" visible="true" id="344485901" timestamp="2026-08-18T20:44:39Z" changeset="1" lon="80.2651649" uid="1" version="1" lat="13.0922859" /><node user="OSMnx" visible="true" id="344485902" timestamp="2026-08-18T20:44:39Z" changeset="1" lon="80.2647432" uid="1" version="1" lat="13.0923215" /><node user="OSMnx" visible="true" id="344485903" timestamp="2026-08-18T20:44:39Z" changeset="1" lon="80.2651843" uid="1" version="1" lat="13.0913095" /><node user="OSMnx" visible="true" id="344485905" timestamp="2026-08-18T20:44:39Z" changeset="1" lon="80.2652637" uid="1" version="1" lat="13.092053" /><node user="OSMnx" visible="true" id="344485906" timestamp="2026-08-18T20:44:39Z" changeset="1" lon="80.2669689" uid="1" version="1" lat="13.0909587" /><node user="OSMnx" visible="true" id="344485907" timestamp="2026-08-18T20:44:39Z" changeset="1" lon="80.2669631" uid="1" version="1" lat="13.0908592" /><node user="OSMnx" visible="true" id="344485908" timestamp="2026-08-18T20:44:39Z" changeset="1" lon="80.2679033" uid="1" version="1" lat="13.0908057" /><node user="OSMnx" visible="true" id="344485914" timestamp="2026-08-18T20:44:39Z" changeset="1" lon="80.2693901" uid="1" version="1" lat="13.0908414" /><node user="OSMnx" visible="true" id="344485915" timestamp="2026-08-18T20:44:39Z" changeset="1" lon="80.2679184" uid="1" version="1" lat="13.0915437" /><node user="OSMnx" visible="true" id="344485916" timestamp="2026-08-18T20:44:39Z" changeset="1" lon="80.267394" uid="1" version="1" lat="13.0908438" /><node user="OSMnx" visible="true" id="344485918" timestamp="2026-08-18T20:44:39Z" changeset="1" lon="80.2670321" uid="1" version="1" lat="13.0904589" /><node user="OSMnx" visible="true" id="344485919" timestamp="2026-08-18T20:44:39Z" changeset="1" lon="80.2670691" uid="1" version="1" lat="13.0897407" /><node user="OSMnx" visible="true" id="344485920" timestamp="2026-08-18T20:44:39Z" changeset="1" lon="80.2669992" uid="1" version="1" lat="13.0878165" /><node user="OSMnx" visible="true" id="344485921" timestamp="2026-08-18T20:44:39Z" changeset="1" lon="80.2675127" uid="1" version="1" lat="13.0878004" /><node user="OSMnx" visible="true" id="344485922" timestamp="2026-08-18T20:44:39Z" changeset="1" lon="80.2668499" uid="1" version="1" lat="13.0878276" /><node user="OSMnx" visible="true" id="344485924" timestamp="2026-08-18T20:44:39Z" changeset="1" lon="80.2668222" uid="1" version="1" lat="13.0873421" /><node user="OSMnx" visible="true" id="344485925" timestamp="2026-08-18T20:44:39Z" changeset="1" lon="80.2649928" uid="1" version="1" lat="13.0897833" /><node user="OSMnx" visible="true" id="344485926" timestamp="2026-08-18T20:44:39Z" changeset="1" lon="80.2665108" uid="1" version="1" lat="13.0897045" /><node user="OSMnx" visible="true" id="344485927" timestamp="2026-08-18T20:44:39Z" changeset="1" lon="80.2665033" uid="1" version="1" lat="13.0883615" /><node user="OSMnx" visible="true" id="344485928" timestamp="2026-08-18T20:44:39Z" changeset="1" lon="80.2684569" uid="1" version="1" lat="13.0872244" /><node user="OSMnx" visible="true" id="344485930" timestamp="2026-08-18T20:44:39Z" changeset="1" lon="80.2598049" uid="1" version="1" lat="13.092408" /><node user="OSMnx" visible="true" id="344485933" timestamp="2026-08-18T20:44:39Z" changeset="1" lon="80.2604556" uid="1" version="1" lat="13.0920712" /><node user="OSMnx" visible="true" id="344492574" timestamp="2026-08-18T20:44:39Z" changeset="1" lon="80.2620866" uid="1" version="1" lat="13.0919875" /><node user="OSMnx" visible="true" id="344492596" timestamp="2026-08-18T20:44:39Z" changeset="1" lon="80.2623613" uid="1" version="1" lat="13.0923093" /><node user="OSMnx" visible="true" id="344492605" timestamp="2026-08-18T20:44:39Z" changeset="1" lon="80.2622894" uid="1" version="1" lat="13.0934578" /><node user="OSMnx" visible="true" id="344492627" timestamp="2026-08-18T20:44:39Z" changeset="1" lon="80.2620245" uid="1" version="1" lat="13.0923405" /><node user="OSMnx" visible="true" id="344492650" timestamp="2026-08-18T20:44:39Z" changeset="1" lon="80.2620169" uid="1" version="1" lat="13.0934651" /><node user="OSMnx" visible="true" id="344492660" timestamp="2026-08-18T20:44:39Z" changeset="1" lon="80.2617449" uid="1" version="1" lat="13.0923518" /><node user="OSMnx" visible="true" id="344492678" timestamp="2026-08-18T20:44:39Z" changeset="1" lon="80.2612823" uid="1" version="1" lat="13.0923649" /><node user="OSMnx" visible="true" id="344492699" timestamp="2026-08-18T20:44:39Z" changeset="1" lon="80.2615203" uid="1" version="1" lat="13.0934749" /><node user="OSMnx" visible="true" id="344492736" timestamp="2026-08-18T20:44:39Z" changeset="1" lon="80.2626534" uid="1" version="1" lat="13.0945982" /><node user="OSMnx" visible="true" id="344492738" timestamp="2026-08-18T20:44:39Z" changeset="1" lon="80.2589084" uid="1" version="1" lat="13.0943566" /><node user="OSMnx" visible="true" id="344492739" timestamp="2026-08-18T20:44:39Z" changeset="1" lon="80.2639937" uid="1" version="1" lat="13.093212" /><node user="OSMnx" visible="true" id="344492740" timestamp="2026-08-18T20:44:39Z" changeset="1" lon="80.263167" uid="1" version="1" lat="13.0934969" /><node user="OSMnx" visible="true" id="344492741" timestamp="2026-08-18T20:44:39Z" changeset="1" lon="80.2627485" uid="1" version="1" lat="13.0947013" /><node user="OSMnx" visible="true" id="344492742" timestamp="2026-08-18T20:44:39Z" changeset="1" lon="80.2630915" uid="1" version="1" lat="13.0941706" /><node user="OSMnx" visible="true" id="344492743" timestamp="2026-08-18T20:44:39Z" changeset="1" lon="80.2636091" uid="1" version="1" lat="13.095539" /><node user="OSMnx" visible="true" id="344492745" timestamp="2026-08-18T20:44:39Z" changeset="1" lon="80.2629573" uid="1" version="1" lat="13.0956909" /><node user="OSMnx" visible="true" id="344492748" timestamp="2026-08-18T20:44:39Z" changeset="1" lon="80.2610948" uid="1" version="1" lat="13.0944926" /><node user="OSMnx" visible="true" id="344492750" timestamp="2026-08-18T20:44:39Z" changeset="1" lon="80.2613285" uid="1" version="1" lat="13.0957443" /><node user="OSMnx" visible="true" id="344492751" timestamp="2026-08-18T20:44:39Z" changeset="1" lon="80.261794" uid="1" version="1" lat="13.0956536" /><node user="OSMnx" visible="true" id="344506120" timestamp="2026-08-18T20:44:39Z" changeset="1" lon="80.2636048" uid="1" version="1" lat="13.0946775" /><node user="OSMnx" visible="true" id="344506122" timestamp="2026-08-18T20:44:39Z" changeset="1" lon="80.2635932" uid="1" version="1" lat="13.0937293" /><node user="OSMnx" visible="true" id="344506123" timestamp="2026-08-18T20:44:39Z" changeset="1" lon="80.264601" uid="1" version="1" lat="13.0942248" /><node user="OSMnx" visible="true" id="344506124" timestamp="2026-08-18T20:44:39Z" changeset="1" lon="80.2640665" uid="1" version="1" lat="13.0941904" /><node user="OSMnx" visible="true" id="344506125" timestamp="2026-08-18T20:44:39Z" changeset="1" lon="80.2645953" uid="1" version="1" lat="13.0934492" /><node user="OSMnx" visible="true" id="344506126" timestamp="2026-08-18T20:44:39Z" changeset="1" lon="80.2642148" uid="1" version="1" lat="13.093474" /><node user="OSMnx" visible="true" id="344506132" timestamp="2026-08-18T20:44:39Z" changeset="1" lon="80.2645754" uid="1" version="1" lat="13.0931505" /><node user="OSMnx" visible="true" id="344506138" timestamp="2026-08-18T20:44:39Z" changeset="1" lon="80.264179" uid="1" version="1" lat="13.0936771" /><node user="OSMnx" visible="true" id="355549780" timestamp="2026-08-18T20:44:39Z" changeset="1" lon="80.2752338" uid="1" version="1" lat="13.0733077" /><node user="OSMnx" visible="true" id="355549784" timestamp="2026-08-18T20:44:39Z" changeset="1" lon="80.2747345" uid="1" version="1" lat="13.0749912" /><node user="OSMnx" visible="true" id="355981891" timestamp="2026-08-18T20:44:39Z" changeset="1" lon="80.2623694" uid="1" version="1" lat="13.0832378" /><node user="OSMnx" visible="true" id="355981906" timestamp="2026-08-18T20:44:39Z" changeset="1" lon="80.2622232" uid="1" version="1" lat="13.0826115" /><node user="OSMnx" visible="true" id="367869131" timestamp="2026-08-18T20:44:39Z" changeset="1" lon="80.2722055" uid="1" version="1" lat="13.0696001" /><node user="OSMnx" visible="true" id="367869310" timestamp="2026-08-18T20:44:39Z" changeset="1" lon="80.2712176" uid="1" version="1" lat="13.0704135" /><node user="OSMnx" visible="true" id="367869383" timestamp="2026-08-18T20:44:39Z" changeset="1" lon="80.2708648" uid="1" version="1" lat="13.0705608" /><node user="OSMnx" visible="true" id="367869386" timestamp="2026-08-18T20:44:39Z" changeset="1" lon="80.2707448" uid="1" version="1" lat="13.0705802" /><node user="OSMnx" visible="true" id="367869387" timestamp="2026-08-18T20:44:39Z" changeset="1" lon="80.2704607" uid="1" version="1" lat="13.0706103" /><node user="OSMnx" visible="true" id="367869636" timestamp="2026-08-18T20:44:39Z" changeset="1" lon="80.2714881" uid="1" version="1" lat="13.0708969" /><node user="OSMnx" visible="true" id="367869639" timestamp="2026-08-18T20:44:39Z" changeset="1" lon="80.2715468" uid="1" version="1" lat="13.0711894" /><node user="OSMnx" visible="true" id="369875180" timestamp="2026-08-18T20:44:39Z" changeset="1" lon="80.2585671" uid="1" version="1" lat="13.0813668" /><node user="OSMnx" visible="true" id="369875200" timestamp="2026-08-18T20:44:39Z" changeset="1" lon="80.2596158" uid="1" version="1" lat="13.0815893" /><node user="OSMnx" visible="true" id="384526138" timestamp="2026-08-18T20:44:39Z" changeset="1" lon="80.2571695" uid="1" version="1" lat="13.0792401" /><node user="OSMnx" visible="true" id="384526144" timestamp="2026-08-18T20:44:39Z" changeset="1" lon="80.2587238" uid="1" version="1" lat="13.0801875" /><node user="OSMnx" visible="true" id="600643472" timestamp="2026-08-18T20:44:39Z" changeset="1" lon="80.2778676" uid="1" version="1" lat="13.0838094" /><node user="OSMnx" visible="true" id="600643473" timestamp="2026-08-18T20:44:39Z" changeset="1" lon="80.2778981" uid="1" version="1" lat="13.0840791" /><node user="OSMnx" visible="true" id="600643477" timestamp="2026-08-18T20:44:39Z" changeset="1" lon="80.279003" uid="1" version="1" lat="13.0840349" /><node user="OSMnx" visible="true" id="600643481" timestamp="2026-08-18T20:44:39Z" changeset="1" lon="80.2790533" uid="1" version="1" lat="13.0847085" /><node user="OSMnx" visible="true" id="600643484" timestamp="2026-08-18T20:44:39Z" changeset="1" lon="80.2767576" uid="1" version="1" lat="13.0869757" /><node user="OSMnx" visible="true" id="600643487" timestamp="2026-08-18T20:44:39Z" changeset="1" lon="80.2766869" uid="1" version="1" lat="13.0864702" /><node user="OSMnx" visible="true" id="600643488" timestamp="2026-08-18T20:44:39Z" changeset="1" lon="80.2755401" uid="1" version="1" lat="13.0927229" /><node user="OSMnx" visible="true" id="600643489" timestamp="2026-08-18T20:44:39Z" changeset="1" lon="80.2759539" uid="1" version="1" lat="13.0927346" /><node user="OSMnx" visible="true" id="600643490" timestamp="2026-08-18T20:44:39Z" changeset="1" lon="80.2757415" uid="1" version="1" lat="13.093539" /><node user="OSMnx" visible="true" id="600643491" timestamp="2026-08-18T20:44:39Z" changeset="1" lon="80.2786415" uid="1" version="1" lat="13.0852801" /><node user="OSMnx" visible="true" id="600643500" timestamp="2026-08-18T20:44:39Z" changeset="1" lon="80.2797772" uid="1" version="1" lat="13.0898328" /><node user="OSMnx" visible="true" id="600643513" timestamp="2026-08-18T20:44:39Z" changeset="1" lon="80.2813327" uid="1" version="1" lat="13.08771" /><node user="OSMnx" visible="true" id="600643518" timestamp="2026-08-18T20:44:39Z" changeset="1" lon="80.2839822" uid="1" version="1" lat="13.0893102" /><node user="OSMnx" visible="true" id="600643520" timestamp="2026-08-18T20:44:39Z" changeset="1" lon="80.2835602" uid="1" version="1" lat="13.0893968" /><node user="OSMnx" visible="true" id="603480709" timestamp="2026-08-18T20:44:39Z" changeset="1" lon="80.2762796" uid="1" version="1" lat="13.0937946" /><node user="OSMnx" visible="true" id="603480712" timestamp="2026-08-18T20:44:39Z" changeset="1" lon="80.275937" uid="1" version="1" lat="13.0953724" /><node user="OSMnx" visible="true" id="603480713" timestamp="2026-08-18T20:44:39Z" changeset="1" lon="80.2759818" uid="1" version="1" lat="13.0955816" /><node user="OSMnx" visible="true" id="603480716" timestamp="2026-08-18T20:44:39Z" changeset="1" lon="80.2782925" uid="1" version="1" lat="13.0934365" /><node user="OSMnx" visible="true" id="603480737" timestamp="2026-08-18T20:44:39Z" changeset="1" lon="80.2760791" uid="1" version="1" lat="13.0960412" /><node user="OSMnx" visible="true" id="603480739" timestamp="2026-08-18T20:44:39Z" changeset="1" lon="80.2760291" uid="1" version="1" lat="13.0958049" /><node user="OSMnx" visible="true" id="603499103" timestamp="2026-08-18T20:44:39Z" changeset="1" lon="80.2831663" uid="1" version="1" lat="13.0938617" /><node user="OSMnx" visible="true" id="603499105" timestamp="2026-08-18T20:44:39Z" changeset="1" lon="80.2827821" uid="1" version="1" lat="13.0939066" /><node user="OSMnx" visible="true" id="603499106" timestamp="2026-08-18T20:44:39Z" changeset="1" lon="80.283084" uid="1" version="1" lat="13.0931928" /><node user="OSMnx" visible="true" id="610410347" timestamp="2026-08-18T20:44:39Z" changeset="1" lon="80.2624407" uid="1" version="1" lat="13.0835476" /><node user="OSMnx" visible="true" id="610410356" timestamp="2026-08-18T20:44:39Z" changeset="1" lon="80.2651037" uid="1" version="1" lat="13.0855168" /><node user="OSMnx" visible="true" id="610410359" timestamp="2026-08-18T20:44:39Z" changeset="1" lon="80.2643375" uid="1" version="1" lat="13.0855212" /><node user="OSMnx" visible="true" id="610410361" timestamp="2026-08-18T20:44:39Z" changeset="1" lon="80.2645624" uid="1" version="1" lat="13.0864361" /><node user="OSMnx" visible="true" id="610410364" timestamp="2026-08-18T20:44:39Z" changeset="1" lon="80.2658782" uid="1" version="1" lat="13.0867712" /><node user="OSMnx" visible="true" id="610410366" timestamp="2026-08-18T20:44:39Z" changeset="1" lon="80.26551" uid="1" version="1" lat="13.0864101" /><node user="OSMnx" visible="true" id="610410368" timestamp="2026-08-18T20:44:39Z" changeset="1" lon="80.2648644" uid="1" version="1" lat="13.0864372" /><node user="OSMnx" visible="true" id="610410372" timestamp="2026-08-18T20:44:39Z" changeset="1" lon="80.2651253" uid="1" version="1" lat="13.0867912" /><node user="OSMnx" visible="true" id="610410380" timestamp="2026-08-18T20:44:39Z" changeset="1" lon="80.2632883" uid="1" version="1" lat="13.0885036" /><node user="OSMnx" visible="true" id="610410402" timestamp="2026-08-18T20:44:39Z" changeset="1" lon="80.2650022" uid="1" version="1" lat="13.0881709" /><node user="OSMnx" visible="true" id="610410404" timestamp="2026-08-18T20:44:39Z" changeset="1" lon="80.2628199" uid="1" version="1" lat="13.0909274" /><node user="OSMnx" visible="true" id="610410408" timestamp="2026-08-18T20:44:39Z" changeset="1" lon="80.2643129" uid="1" version="1" lat="13.0918568" /><node user="OSMnx" visible="true" id="610410410" timestamp="2026-08-18T20:44:39Z" changeset="1" lon="80.2640389" uid="1" version="1" lat="13.0919737" /><node user="OSMnx" visible="true" id="610410416" timestamp="2026-08-18T20:44:39Z" changeset="1" lon="80.26523" uid="1" version="1" lat="13.0946459" /><node user="OSMnx" visible="true" id="610410419" timestamp="2026-08-18T20:44:39Z" changeset="1" lon="80.2657974" uid="1" version="1" lat="13.0945339" /><node user="OSMnx" visible="true" id="610410421" timestamp="2026-08-18T20:44:39Z" changeset="1" lon="80.2656825" uid="1" version="1" lat="13.0952746" /><node user="OSMnx" visible="true" id="610410424" timestamp="2026-08-18T20:44:39Z" changeset="1" lon="80.2694057" uid="1" version="1" lat="13.0808021" /><node user="OSMnx" visible="true" id="610410431" timestamp="2026-08-18T20:44:39Z" changeset="1" lon="80.267429" uid="1" version="1" lat="13.0832825" /><node user="OSMnx" visible="true" id="610410432" timestamp="2026-08-18T20:44:39Z" changeset="1" lon="80.2674259" uid="1" version="1" lat="13.0829199" /><node user="OSMnx" visible="true" id="610410435" timestamp="2026-08-18T20:44:39Z" changeset="1" lon="80.2668072" uid="1" version="1" lat="13.0832918" /><node user="OSMnx" visible="true" id="610410438" timestamp="2026-08-18T20:44:39Z" changeset="1" lon="80.2677903" uid="1" version="1" lat="13.0832927" /><node user="OSMnx" visible="true" id="610410441" timestamp="2026-08-18T20:44:39Z" changeset="1" lon="80.2682181" uid="1" version="1" lat="13.0828643" /><node user="OSMnx" visible="true" id="610410456" timestamp="2026-08-18T20:44:39Z" changeset="1" lon="80.2677576" uid="1" version="1" lat="13.0836417" /><node user="OSMnx" visible="true" id="610410460" timestamp="2026-08-18T20:44:39Z" changeset="1" lon="80.2677496" uid="1" version="1" lat="13.0837517" /><node user="OSMnx" visible="true" id="610410462" timestamp="2026-08-18T20:44:39Z" changeset="1" lon="80.2667857" uid="1" version="1" lat="13.0836203" /><node user="OSMnx" visible="true" id="610410466" timestamp="2026-08-18T20:44:39Z" changeset="1" lon="80.2667777" uid="1" version="1" lat="13.0837568" /><node user="OSMnx" visible="true" id="610410481" timestamp="2026-08-18T20:44:39Z" changeset="1" lon="80.2699442" uid="1" version="1" lat="13.0850823" /><node user="OSMnx" visible="true" id="610410483" timestamp="2026-08-18T20:44:39Z" changeset="1" lon="80.2699852" uid="1" version="1" lat="13.0853005" /><node user="OSMnx" visible="true" id="610410485" timestamp="2026-08-18T20:44:39Z" changeset="1" lon="80.27005" uid="1" version="1" lat="13.0853751" /><node user="OSMnx" visible="true" id="610410487" timestamp="2026-08-18T20:44:39Z" changeset="1" lon="80.2700362" uid="1" version="1" lat="13.0857041" /><node user="OSMnx" visible="true" id="610410489" timestamp="2026-08-18T20:44:39Z" changeset="1" lon="80.27031" uid="1" version="1" lat="13.0850537" /><node user="OSMnx" visible="true" id="610410506" timestamp="2026-08-18T20:44:39Z" changeset="1" lon="80.2670293" uid="1" version="1" lat="13.0883695" /><node user="OSMnx" visible="true" id="610410526" timestamp="2026-08-18T20:44:39Z" changeset="1" lon="80.269854" uid="1" version="1" lat="13.0894751" /><node user="OSMnx" visible="true" id="610410528" timestamp="2026-08-18T20:44:39Z" changeset="1" lon="80.2694387" uid="1" version="1" lat="13.0895113" /><node user="OSMnx" visible="true" id="610410535" timestamp="2026-08-18T20:44:39Z" changeset="1" lon="80.2691447" uid="1" version="1" lat="13.0898312" /><node user="OSMnx" visible="true" id="610410543" timestamp="2026-08-18T20:44:39Z" changeset="1" lon="80.2687029" uid="1" version="1" lat="13.0905868" /><node user="OSMnx" visible="true" id="610410546" timestamp="2026-08-18T20:44:39Z" changeset="1" lon="80.2685546" uid="1" version="1" lat="13.0905844" /><node user="OSMnx" visible="true" id="610410563" timestamp="2026-08-18T20:44:39Z" changeset="1" lon="80.266576" uid="1" version="1" lat="13.0924167" /><node user="OSMnx" visible="true" id="610410566" timestamp="2026-08-18T20:44:39Z" changeset="1" lon="80.2688987" uid="1" version="1" lat="13.0906087" /><node user="OSMnx" visible="true" id="610410569" timestamp="2026-08-18T20:44:39Z" changeset="1" lon="80.2694928" uid="1" version="1" lat="13.0908724" /><node user="OSMnx" visible="true" id="610410570" timestamp="2026-08-18T20:44:39Z" changeset="1" lon="80.2694012" uid="1" version="1" lat="13.0907884" /><node user="OSMnx" visible="true" id="610410573" timestamp="2026-08-18T20:44:39Z" changeset="1" lon="80.2693508" uid="1" version="1" lat="13.0910284" /><node user="OSMnx" visible="true" id="610410576" timestamp="2026-08-18T20:44:39Z" changeset="1" lon="80.2693809" uid="1" version="1" lat="13.0914587" /><node user="OSMnx" visible="true" id="610410577" timestamp="2026-08-18T20:44:39Z" changeset="1" lon="80.2694244" uid="1" version="1" lat="13.0920822" /><node user="OSMnx" visible="true" id="610410582" timestamp="2026-08-18T20:44:39Z" changeset="1" lon="80.2699102" uid="1" version="1" lat="13.0923761" /><node user="OSMnx" visible="true" id="610410587" timestamp="2026-08-18T20:44:39Z" changeset="1" lon="80.2711614" uid="1" version="1" lat="13.0925052" /><node user="OSMnx" visible="true" id="610410589" timestamp="2026-08-18T20:44:39Z" changeset="1" lon="80.2713969" uid="1" version="1" lat="13.0926557" /><node user="OSMnx" visible="true" id="610410592" timestamp="2026-08-18T20:44:39Z" changeset="1" lon="80.2708155" uid="1" version="1" lat="13.0924335" /><node user="OSMnx" visible="true" id="610410593" timestamp="2026-08-18T20:44:39Z" changeset="1" lon="80.2745206" uid="1" version="1" lat="13.0925959" /><node user="OSMnx" visible="true" id="610410608" timestamp="2026-08-18T20:44:39Z" changeset="1" lon="80.2717752" uid="1" version="1" lat="13.0930077" /><node user="OSMnx" visible="true" id="610410613" timestamp="2026-08-18T20:44:39Z" changeset="1" lon="80.2736174" uid="1" version="1" lat="13.0936494" /><node user="OSMnx" visible="true" id="610410615" timestamp="2026-08-18T20:44:39Z" changeset="1" lon="80.2730507" uid="1" version="1" lat="13.0938441" /><node user="OSMnx" visible="true" id="610888766" timestamp="2026-08-18T20:44:39Z" changeset="1" lon="80.261605" uid="1" version="1" lat="13.094724" /><node user="OSMnx" visible="true" id="610900254" timestamp="2026-08-18T20:44:39Z" changeset="1" lon="80.2590618" uid="1" version="1" lat="13.0886905" /><node user="OSMnx" visible="true" id="610900255" timestamp="2026-08-18T20:44:39Z" changeset="1" lon="80.259962" uid="1" version="1" lat="13.0887273" /><node user="OSMnx" visible="true" id="610900256" timestamp="2026-08-18T20:44:39Z" changeset="1" lon="80.2603032" uid="1" version="1" lat="13.0897304" /><node user="OSMnx" visible="true" id="610900257" timestamp="2026-08-18T20:44:39Z" changeset="1" lon="80.2605211" uid="1" version="1" lat="13.0889073" /><node user="OSMnx" visible="true" id="610900258" timestamp="2026-08-18T20:44:39Z" changeset="1" lon="80.2604644" uid="1" version="1" lat="13.0897326" /><node user="OSMnx" visible="true" id="610900264" timestamp="2026-08-18T20:44:39Z" changeset="1" lon="80.2600238" uid="1" version="1" lat="13.0897469" /><node user="OSMnx" visible="true" id="610900267" timestamp="2026-08-18T20:44:39Z" changeset="1" lon="80.2607365" uid="1" version="1" lat="13.087726" /><node user="OSMnx" visible="true" id="610900268" timestamp="2026-08-18T20:44:39Z" changeset="1" lon="80.2617819" uid="1" version="1" lat="13.0879403" /><node user="OSMnx" visible="true" id="610900271" timestamp="2026-08-18T20:44:39Z" changeset="1" lon="80.2614635" uid="1" version="1" lat="13.0886599" /><node user="OSMnx" visible="true" id="610900272" timestamp="2026-08-18T20:44:39Z" changeset="1" lon="80.2617079" uid="1" version="1" lat="13.0885432" /><node user="OSMnx" visible="true" id="610900283" timestamp="2026-08-18T20:44:39Z" changeset="1" lon="80.2618445" uid="1" version="1" lat="13.0896724" /><node user="OSMnx" visible="true" id="610900285" timestamp="2026-08-18T20:44:39Z" changeset="1" lon="80.2617643" uid="1" version="1" lat="13.088913" /><node user="OSMnx" visible="true" id="610900286" timestamp="2026-08-18T20:44:39Z" changeset="1" lon="80.2620953" uid="1" version="1" lat="13.088932" /><node user="OSMnx" visible="true" id="610900288" timestamp="2026-08-18T20:44:39Z" changeset="1" lon="80.2610924" uid="1" version="1" lat="13.0897032" /><node user="OSMnx" visible="true" id="610900293" timestamp="2026-08-18T20:44:39Z" changeset="1" lon="80.2614204" uid="1" version="1" lat="13.0896948" /><node user="OSMnx" visible="true" id="610900301" timestamp="2026-08-18T20:44:39Z" changeset="1" lon="80.2603291" uid="1" version="1" lat="13.0904662" /><node user="OSMnx" visible="true" id="610963141" timestamp="2026-08-18T20:44:39Z" changeset="1" lon="80.2570178" uid="1" version="1" lat="13.0885303" /><node user="OSMnx" visible="true" id="610963161" timestamp="2026-08-18T20:44:39Z" changeset="1" lon="80.2605546" uid="1" version="1" lat="13.092867" /><node user="OSMnx" visible="true" id="610963174" timestamp="2026-08-18T20:44:39Z" changeset="1" lon="80.2599942" uid="1" version="1" lat="13.094203" /><node user="OSMnx" visible="true" id="610963175" timestamp="2026-08-18T20:44:39Z" changeset="1" lon="80.2602275" uid="1" version="1" lat="13.0939495" /><node user="OSMnx" visible="true" id="610963176" timestamp="2026-08-18T20:44:39Z" changeset="1" lon="80.2592117" uid="1" version="1" lat="13.0939458" /><node user="OSMnx" visible="true" id="610963177" timestamp="2026-08-18T20:44:39Z" changeset="1" lon="80.2599964" uid="1" version="1" lat="13.0939514" /><node user="OSMnx" visible="true" id="610963179" timestamp="2026-08-18T20:44:39Z" changeset="1" lon="80.2591876" uid="1" version="1" lat="13.0943568" /><node user="OSMnx" visible="true" id="610963180" timestamp="2026-08-18T20:44:39Z" changeset="1" lon="80.2600416" uid="1" version="1" lat="13.0944378" /><node user="OSMnx" visible="true" id="610963186" timestamp="2026-08-18T20:44:39Z" changeset="1" lon="80.2609206" uid="1" version="1" lat="13.0928299" /><node user="OSMnx" visible="true" id="610963187" timestamp="2026-08-18T20:44:39Z" changeset="1" lon="80.2635644" uid="1" version="1" lat="13.0908501" /><node user="OSMnx" visible="true" id="610963192" timestamp="2026-08-18T20:44:39Z" changeset="1" lon="80.2652757" uid="1" version="1" lat="13.0912803" /><node user="OSMnx" visible="true" id="610963193" timestamp="2026-08-18T20:44:39Z" changeset="1" lon="80.2636257" uid="1" version="1" lat="13.091464" /><node user="OSMnx" visible="true" id="610963194" timestamp="2026-08-18T20:44:39Z" changeset="1" lon="80.260616" uid="1" version="1" lat="13.0934739" /><node user="OSMnx" visible="true" id="610963195" timestamp="2026-08-18T20:44:39Z" changeset="1" lon="80.2612174" uid="1" version="1" lat="13.0934838" /><node user="OSMnx" visible="true" id="610963196" timestamp="2026-08-18T20:44:39Z" changeset="1" lon="80.260924" uid="1" version="1" lat="13.0930533" /><node user="OSMnx" visible="true" id="610963197" timestamp="2026-08-18T20:44:39Z" changeset="1" lon="80.2605677" uid="1" version="1" lat="13.0929821" /><node user="OSMnx" visible="true" id="610963198" timestamp="2026-08-18T20:44:39Z" changeset="1" lon="80.2617149" uid="1" version="1" lat="13.0942781" /><node user="OSMnx" visible="true" id="610963199" timestamp="2026-08-18T20:44:39Z" changeset="1" lon="80.2617724" uid="1" version="1" lat="13.0940503" /><node user="OSMnx" visible="true" id="610963200" timestamp="2026-08-18T20:44:39Z" changeset="1" lon="80.2610188" uid="1" version="1" lat="13.0940008" /><node user="OSMnx" visible="true" id="610963201" timestamp="2026-08-18T20:44:39Z" changeset="1" lon="80.2610135" uid="1" version="1" lat="13.0942472" /><node user="OSMnx" visible="true" id="610963202" timestamp="2026-08-18T20:44:39Z" changeset="1" lon="80.2610002" uid="1" version="1" lat="13.0944897" /><node user="OSMnx" visible="true" id="663690621" timestamp="2026-08-18T20:44:39Z" changeset="1" lon="80.2747146" uid="1" version="1" lat="13.0717678" /><node user="OSMnx" visible="true" id="663690622" timestamp="2026-08-18T20:44:39Z" changeset="1" lon="80.274846" uid="1" version="1" lat="13.0717583" /><node user="OSMnx" visible="true" id="663690625" timestamp="2026-08-18T20:44:39Z" changeset="1" lon="80.2754203" uid="1" version="1" lat="13.0714104" /><node user="OSMnx" visible="true" id="966544020" timestamp="2026-08-18T20:44:39Z" changeset="1" lon="80.2752449" uid="1" version="1" lat="13.0784789" /><node user="OSMnx" visible="true" id="966544036" timestamp="2026-08-18T20:44:39Z" changeset="1" lon="80.2761802" uid="1" version="1" lat="13.0772072" /><node user="OSMnx" visible="true" id="966544048" timestamp="2026-08-18T20:44:39Z" changeset="1" lon="80.2762695" uid="1" version="1" lat="13.0759372" /><node user="OSMnx" visible="true" id="966544055" timestamp="2026-08-18T20:44:39Z" changeset="1" lon="80.2751232" uid="1" version="1" lat="13.0787733" /><node user="OSMnx" visible="true" id="966544065" timestamp="2026-08-18T20:44:39Z" changeset="1" lon="80.275141" uid="1" version="1" lat="13.0814289" /><node user="OSMnx" visible="true" id="966544068" timestamp="2026-08-18T20:44:39Z" changeset="1" lon="80.276218" uid="1" version="1" lat="13.0735117" /><node user="OSMnx" visible="true" id="966544085" timestamp="2026-08-18T20:44:39Z" changeset="1" lon="80.2762422" uid="1" version="1" lat="13.0765859" /><node user="OSMnx" visible="true" id="966544096" timestamp="2026-08-18T20:44:39Z" changeset="1" lon="80.2752815" uid="1" version="1" lat="13.0796567" /><node user="OSMnx" visible="true" id="966544103" timestamp="2026-08-18T20:44:39Z" changeset="1" lon="80.2751966" uid="1" version="1" lat="13.0785431" /><node user="OSMnx" visible="true" id="966544120" timestamp="2026-08-18T20:44:39Z" changeset="1" lon="80.2752888" uid="1" version="1" lat="13.0797227" /><node user="OSMnx" visible="true" id="966544148" timestamp="2026-08-18T20:44:39Z" changeset="1" lon="80.2751566" uid="1" version="1" lat="13.0816211"><tag k="highway" v="traffic_signals" /></node><node user="OSMnx" visible="true" id="966544150" timestamp="2026-08-18T20:44:39Z" changeset="1" lon="80.2753885" uid="1" version="1" lat="13.0783519" /><node user="OSMnx" visible="true" id="966544158" timestamp="2026-08-18T20:44:39Z" changeset="1" lon="80.276308" uid="1" version="1" lat="13.0751468" /><node user="OSMnx" visible="true" id="966544162" timestamp="2026-08-18T20:44:39Z" changeset="1" lon="80.2762219" uid="1" version="1" lat="13.0769783" /><node user="OSMnx" visible="true" id="966544176" timestamp="2026-08-18T20:44:39Z" changeset="1" lon="80.2751725" uid="1" version="1" lat="13.0785894" /><node user="OSMnx" visible="true" id="966544184" timestamp="2026-08-18T20:44:39Z" changeset="1" lon="80.2764266" uid="1" version="1" lat="13.0737086"><tag k="highway" v="traffic_signals" /></node><node user="OSMnx" visible="true" id="966544187" timestamp="2026-08-18T20:44:39Z" changeset="1" lon="80.2752734" uid="1" version="1" lat="13.0801382" /><node user="OSMnx" visible="true" id="966544198" timestamp="2026-08-18T20:44:39Z" changeset="1" lon="80.27636" uid="1" version="1" lat="13.0739188" /><node user="OSMnx" visible="true" id="966544208" timestamp="2026-08-18T20:44:39Z" changeset="1" lon="80.2751569" uid="1" version="1" lat="13.0790839" /><node user="OSMnx" visible="true" id="966556109" timestamp="2026-08-18T20:44:39Z" changeset="1" lon="80.2733439" uid="1" version="1" lat="13.0742366" /><node user="OSMnx" visible="true" id="1080335957" timestamp="2026-08-18T20:44:39Z" changeset="1" lon="80.2805106" uid="1" version="1" lat="13.0822277" /><node user="OSMnx" visible="true" id="1109158608" timestamp="2026-08-18T20:44:39Z" changeset="1" lon="80.2812149" uid="1" version="1" lat="13.0821225" /><node user="OSMnx" visible="true" id="1212083248" timestamp="2026-08-18T20:44:39Z" changeset="1" lon="80.2570674" uid="1" version="1" lat="13.0742321" /><node user="OSMnx" visible="true" id="1272165897" timestamp="2026-08-18T20:44:39Z" changeset="1" lon="80.2655139" uid="1" version="1" lat="13.0741466" /><node user="OSMnx" visible="true" id="1279325397" timestamp="2026-08-18T20:44:39Z" changeset="1" lon="80.2746043" uid="1" version="1" lat="13.0754118" /><node user="OSMnx" visible="true" id="1279325400" timestamp="2026-08-18T20:44:39Z" changeset="1" lon="80.2723448" uid="1" version="1" lat="13.0770125" /><node user="OSMnx" visible="true" id="1279325402" timestamp="2026-08-18T20:44:39Z" changeset="1" lon="80.2717539" uid="1" version="1" lat="13.077053" /><node user="OSMnx" visible="true" id="1279325404" timestamp="2026-08-18T20:44:39Z" changeset="1" lon="80.2716673" uid="1" version="1" lat="13.0766364" /><node user="OSMnx" visible="true" id="1280328266" timestamp="2026-08-18T20:44:39Z" changeset="1" lon="80.2643205" uid="1" version="1" lat="13.0720285" /><node user="OSMnx" visible="true" id="1280328273" timestamp="2026-08-18T20:44:39Z" changeset="1" lon="80.2650014" uid="1" version="1" lat="13.0719612" /><node user="OSMnx" visible="true" id="1280328277" timestamp="2026-08-18T20:44:39Z" changeset="1" lon="80.2641562" uid="1" version="1" lat="13.0720883" /><node user="OSMnx" visible="true" id="1280328280" timestamp="2026-08-18T20:44:39Z" changeset="1" lon="80.2640162" uid="1" version="1" lat="13.0716234" /><node user="OSMnx" visible="true" id="1280328281" timestamp="2026-08-18T20:44:39Z" changeset="1" lon="80.2646192" uid="1" version="1" lat="13.0715858" /><node user="OSMnx" visible="true" id="1280646823" timestamp="2026-08-18T20:44:39Z" changeset="1" lon="80.2572184" uid="1" version="1" lat="13.076334" /><node user="OSMnx" visible="true" id="1280647013" timestamp="2026-08-18T20:44:39Z" changeset="1" lon="80.2569224" uid="1" version="1" lat="13.075423" /><node user="OSMnx" visible="true" id="1406262479" timestamp="2026-08-18T20:44:39Z" changeset="1" lon="80.2759853" uid="1" version="1" lat="13.0880846" /><node user="OSMnx" visible="true" id="1954173269" timestamp="2026-08-18T20:44:39Z" changeset="1" lon="80.2635555" uid="1" version="1" lat="13.0929322" /><node user="OSMnx" visible="true" id="1954173272" timestamp="2026-08-18T20:44:39Z" changeset="1" lon="80.2635608" uid="1" version="1" lat="13.0929485" /><node user="OSMnx" visible="true" id="1954173275" timestamp="2026-08-18T20:44:39Z" changeset="1" lon="80.2639465" uid="1" version="1" lat="13.0929614" /><node user="OSMnx" visible="true" id="1954173277" timestamp="2026-08-18T20:44:39Z" changeset="1" lon="80.263832" uid="1" version="1" lat="13.0929718" /><node user="OSMnx" visible="true" id="1954173278" timestamp="2026-08-18T20:44:39Z" changeset="1" lon="80.2636594" uid="1" version="1" lat="13.0929957" /><node user="OSMnx" visible="true" id="1954173286" timestamp="2026-08-18T20:44:39Z" changeset="1" lon="80.2640118" uid="1" version="1" lat="13.0933806" /><node user="OSMnx" visible="true" id="1954173289" timestamp="2026-08-18T20:44:39Z" changeset="1" lon="80.2639859" uid="1" version="1" lat="13.0933936" /><node user="OSMnx" visible="true" id="2172865434" timestamp="2026-08-18T20:44:39Z" changeset="1" lon="80.2626198" uid="1" version="1" lat="13.0949238" /><node user="OSMnx" visible="true" id="2172865436" timestamp="2026-08-18T20:44:39Z" changeset="1" lon="80.262719" uid="1" version="1" lat="13.094948" /><node user="OSMnx" visible="true" id="2172865438" timestamp="2026-08-18T20:44:39Z" changeset="1" lon="80.2627974" uid="1" version="1" lat="13.0950048" /><node user="OSMnx" visible="true" id="2172865442" timestamp="2026-08-18T20:44:39Z" changeset="1" lon="80.2647968" uid="1" version="1" lat="13.0953453" /><node user="OSMnx" visible="true" id="2172865446" timestamp="2026-08-18T20:44:39Z" changeset="1" lon="80.2652455" uid="1" version="1" lat="13.0955023" /><node user="OSMnx" visible="true" id="2172865447" timestamp="2026-08-18T20:44:39Z" changeset="1" lon="80.2625419" uid="1" version="1" lat="13.095575" /><node user="OSMnx" visible="true" id="2172865449" timestamp="2026-08-18T20:44:39Z" changeset="1" lon="80.2627324" uid="1" version="1" lat="13.0955852" /><node user="OSMnx" visible="true" id="2172865450" timestamp="2026-08-18T20:44:39Z" changeset="1" lon="80.2630804" uid="1" version="1" lat="13.0956412" /><node user="OSMnx" visible="true" id="2172865452" timestamp="2026-08-18T20:44:39Z" changeset="1" lon="80.2659112" uid="1" version="1" lat="13.096082" /><node user="OSMnx" visible="true" id="2177107367" timestamp="2026-08-18T20:44:39Z" changeset="1" lon="80.2578411" uid="1" version="1" lat="13.0793125" /><node user="OSMnx" visible="true" id="2177107368" timestamp="2026-08-18T20:44:39Z" changeset="1" lon="80.2615016" uid="1" version="1" lat="13.079974" /><node user="OSMnx" visible="true" id="2177107371" timestamp="2026-08-18T20:44:39Z" changeset="1" lon="80.2586302" uid="1" version="1" lat="13.0808294" /><node user="OSMnx" visible="true" id="2177107373" timestamp="2026-08-18T20:44:39Z" changeset="1" lon="80.257281" uid="1" version="1" lat="13.0834885" /><node user="OSMnx" visible="true" id="2177107374" timestamp="2026-08-18T20:44:39Z" changeset="1" lon="80.2586214" uid="1" version="1" lat="13.0836782" /><node user="OSMnx" visible="true" id="2177107375" timestamp="2026-08-18T20:44:39Z" changeset="1" lon="80.2660801" uid="1" version="1" lat="13.0842508" /><node user="OSMnx" visible="true" id="2177107376" timestamp="2026-08-18T20:44:39Z" changeset="1" lon="80.2667872" uid="1" version="1" lat="13.0842516" /><node user="OSMnx" visible="true" id="2197639714" timestamp="2026-08-18T20:44:39Z" changeset="1" lon="80.2583984" uid="1" version="1" lat="13.0710557" /><node user="OSMnx" visible="true" id="2197639716" timestamp="2026-08-18T20:44:39Z" changeset="1" lon="80.2584968" uid="1" version="1" lat="13.0709604" /><node user="OSMnx" visible="true" id="2197639722" timestamp="2026-08-18T20:44:39Z" changeset="1" lon="80.2600964" uid="1" version="1" lat="13.0724863" /><node user="OSMnx" visible="true" id="2197639725" timestamp="2026-08-18T20:44:39Z" changeset="1" lon="80.2608352" uid="1" version="1" lat="13.0731674" /><node user="OSMnx" visible="true" id="2197639743" timestamp="2026-08-18T20:44:39Z" changeset="1" lon="80.2616616" uid="1" version="1" lat="13.0730611" /><node user="OSMnx" visible="true" id="2197639788" timestamp="2026-08-18T20:44:39Z" changeset="1" lon="80.2613167" uid="1" version="1" lat="13.0732338" /><node user="OSMnx" visible="true" id="2197639798" timestamp="2026-08-18T20:44:39Z" changeset="1" lon="80.2611297" uid="1" version="1" lat="13.0732915" /><node user="OSMnx" visible="true" id="2197639805" timestamp="2026-08-18T20:44:39Z" changeset="1" lon="80.2608338" uid="1" version="1" lat="13.0733602" /><node user="OSMnx" visible="true" id="2197639808" timestamp="2026-08-18T20:44:39Z" changeset="1" lon="80.2608087" uid="1" version="1" lat="13.0731827" /><node user="OSMnx" visible="true" id="2197639817" timestamp="2026-08-18T20:44:39Z" changeset="1" lon="80.261389" uid="1" version="1" lat="13.0733807" /><node user="OSMnx" visible="true" id="2197639820" timestamp="2026-08-18T20:44:39Z" changeset="1" lon="80.2614982" uid="1" version="1" lat="13.0735577" /><node user="OSMnx" visible="true" id="2197639825" timestamp="2026-08-18T20:44:39Z" changeset="1" lon="80.2615516" uid="1" version="1" lat="13.0736129" /><node user="OSMnx" visible="true" id="2197639829" timestamp="2026-08-18T20:44:39Z" changeset="1" lon="80.2614882" uid="1" version="1" lat="13.0736463" /><node user="OSMnx" visible="true" id="2197639850" timestamp="2026-08-18T20:44:39Z" changeset="1" lon="80.2592181" uid="1" version="1" lat="13.0742106" /><node user="OSMnx" visible="true" id="2197639855" timestamp="2026-08-18T20:44:39Z" changeset="1" lon="80.2622025" uid="1" version="1" lat="13.0741522" /><node user="OSMnx" visible="true" id="2197639859" timestamp="2026-08-18T20:44:39Z" changeset="1" lon="80.2627689" uid="1" version="1" lat="13.07472" /><node user="OSMnx" visible="true" id="2197639866" timestamp="2026-08-18T20:44:39Z" changeset="1" lon="80.2638107" uid="1" version="1" lat="13.0754793" /><node user="OSMnx" visible="true" id="2197639879" timestamp="2026-08-18T20:44:39Z" changeset="1" lon="80.2585279" uid="1" version="1" lat="13.0755501" /><node user="OSMnx" visible="true" id="2197639882" timestamp="2026-08-18T20:44:39Z" changeset="1" lon="80.2590472" uid="1" version="1" lat="13.0756152" /><node user="OSMnx" visible="true" id="2197639884" timestamp="2026-08-18T20:44:39Z" changeset="1" lon="80.2643132" uid="1" version="1" lat="13.0757524" /><node user="OSMnx" visible="true" id="2197639887" timestamp="2026-08-18T20:44:39Z" changeset="1" lon="80.259282" uid="1" version="1" lat="13.0756931" /><node user="OSMnx" visible="true" id="2197640013" timestamp="2026-08-18T20:44:39Z" changeset="1" lon="80.259105" uid="1" version="1" lat="13.0757157" /><node user="OSMnx" visible="true" id="2197640015" timestamp="2026-08-18T20:44:39Z" changeset="1" lon="80.2642474" uid="1" version="1" lat="13.0757868" /><node user="OSMnx" visible="true" id="2197640021" timestamp="2026-08-18T20:44:39Z" changeset="1" lon="80.2592511" uid="1" version="1" lat="13.075764" /><node user="OSMnx" visible="true" id="2197640027" timestamp="2026-08-18T20:44:39Z" changeset="1" lon="80.259402" uid="1" version="1" lat="13.075857" /><node user="OSMnx" visible="true" id="2197640031" timestamp="2026-08-18T20:44:39Z" changeset="1" lon="80.2642176" uid="1" version="1" lat="13.0759796" /><node user="OSMnx" visible="true" id="2197640033" timestamp="2026-08-18T20:44:39Z" changeset="1" lon="80.2596555" uid="1" version="1" lat="13.0759867" /><node user="OSMnx" visible="true" id="2197640037" timestamp="2026-08-18T20:44:39Z" changeset="1" lon="80.2596166" uid="1" version="1" lat="13.0760591" /><node user="OSMnx" visible="true" id="2197640052" timestamp="2026-08-18T20:44:39Z" changeset="1" lon="80.2600535" uid="1" version="1" lat="13.0764883" /><node user="OSMnx" visible="true" id="2197640064" timestamp="2026-08-18T20:44:39Z" changeset="1" lon="80.2641033" uid="1" version="1" lat="13.0769511" /><node user="OSMnx" visible="true" id="2197640093" timestamp="2026-08-18T20:44:39Z" changeset="1" lon="80.2612255" uid="1" version="1" lat="13.0773425" /><node user="OSMnx" visible="true" id="2197640097" timestamp="2026-08-18T20:44:39Z" changeset="1" lon="80.2610651" uid="1" version="1" lat="13.0774102" /><node user="OSMnx" visible="true" id="2197640102" timestamp="2026-08-18T20:44:39Z" changeset="1" lon="80.2616909" uid="1" version="1" lat="13.0775023" /><node user="OSMnx" visible="true" id="2197640106" timestamp="2026-08-18T20:44:39Z" changeset="1" lon="80.2615618" uid="1" version="1" lat="13.0775941" /><node user="OSMnx" visible="true" id="2197640110" timestamp="2026-08-18T20:44:39Z" changeset="1" lon="80.2623992" uid="1" version="1" lat="13.0777758" /><node user="OSMnx" visible="true" id="2197640118" timestamp="2026-08-18T20:44:39Z" changeset="1" lon="80.2629246" uid="1" version="1" lat="13.0780284" /><node user="OSMnx" visible="true" id="2197640122" timestamp="2026-08-18T20:44:39Z" changeset="1" lon="80.2633186" uid="1" version="1" lat="13.0781006" /><node user="OSMnx" visible="true" id="2197640130" timestamp="2026-08-18T20:44:39Z" changeset="1" lon="80.2631416" uid="1" version="1" lat="13.0781114" /><node user="OSMnx" visible="true" id="2197640142" timestamp="2026-08-18T20:44:39Z" changeset="1" lon="80.2632549" uid="1" version="1" lat="13.0782162" /><node user="OSMnx" visible="true" id="2197640152" timestamp="2026-08-18T20:44:39Z" changeset="1" lon="80.2653379" uid="1" version="1" lat="13.0788431" /><node user="OSMnx" visible="true" id="2197640158" timestamp="2026-08-18T20:44:39Z" changeset="1" lon="80.2649484" uid="1" version="1" lat="13.0805548" /><node user="OSMnx" visible="true" id="2197652314" timestamp="2026-08-18T20:44:39Z" changeset="1" lon="80.2632177" uid="1" version="1" lat="13.0781759" /><node user="OSMnx" visible="true" id="2197652356" timestamp="2026-08-18T20:44:39Z" changeset="1" lon="80.26543" uid="1" version="1" lat="13.0788816" /><node user="OSMnx" visible="true" id="2197652478" timestamp="2026-08-18T20:44:39Z" changeset="1" lon="80.2653874" uid="1" version="1" lat="13.0791483" /><node user="OSMnx" visible="true" id="2197652484" timestamp="2026-08-18T20:44:39Z" changeset="1" lon="80.2652507" uid="1" version="1" lat="13.0806112" /><node user="OSMnx" visible="true" id="2197652485" timestamp="2026-08-18T20:44:39Z" changeset="1" lon="80.2651321" uid="1" version="1" lat="13.0806787" /><node user="OSMnx" visible="true" id="2197652486" timestamp="2026-08-18T20:44:39Z" changeset="1" lon="80.2652332" uid="1" version="1" lat="13.0806923" /><node user="OSMnx" visible="true" id="2198081199" timestamp="2026-08-18T20:44:39Z" changeset="1" lon="80.2601076" uid="1" version="1" lat="13.0795865" /><node user="OSMnx" visible="true" id="2198125455" timestamp="2026-08-18T20:44:39Z" changeset="1" lon="80.2644234" uid="1" version="1" lat="13.0708762" /><node user="OSMnx" visible="true" id="2198125456" timestamp="2026-08-18T20:44:39Z" changeset="1" lon="80.2647584" uid="1" version="1" lat="13.0710152" /><node user="OSMnx" visible="true" id="2198125457" timestamp="2026-08-18T20:44:39Z" changeset="1" lon="80.2602486" uid="1" version="1" lat="13.0712098" /><node user="OSMnx" visible="true" id="2198125458" timestamp="2026-08-18T20:44:39Z" changeset="1" lon="80.2595931" uid="1" version="1" lat="13.072033" /><node user="OSMnx" visible="true" id="2213431528" timestamp="2026-08-18T20:44:39Z" changeset="1" lon="80.2569891" uid="1" version="1" lat="13.0791344" /><node user="OSMnx" visible="true" id="2213431535" timestamp="2026-08-18T20:44:39Z" changeset="1" lon="80.2611103" uid="1" version="1" lat="13.079695" /><node user="OSMnx" visible="true" id="2213431538" timestamp="2026-08-18T20:44:39Z" changeset="1" lon="80.2617224" uid="1" version="1" lat="13.0800612" /><node user="OSMnx" visible="true" id="2214509871" timestamp="2026-08-18T20:44:39Z" changeset="1" lon="80.2653945" uid="1" version="1" lat="13.0808037" /><node user="OSMnx" visible="true" id="2214510019" timestamp="2026-08-18T20:44:39Z" changeset="1" lon="80.2729249" uid="1" version="1" lat="13.0827296" /><node user="OSMnx" visible="true" id="2214510023" timestamp="2026-08-18T20:44:39Z" changeset="1" lon="80.272908" uid="1" version="1" lat="13.0828028" /><node user="OSMnx" visible="true" id="2214510076" timestamp="2026-08-18T20:44:39Z" changeset="1" lon="80.272898" uid="1" version="1" lat="13.0828506" /><node user="OSMnx" visible="true" id="2214510079" timestamp="2026-08-18T20:44:39Z" changeset="1" lon="80.272391" uid="1" version="1" lat="13.0829411" /><node user="OSMnx" visible="true" id="2214510127" timestamp="2026-08-18T20:44:39Z" changeset="1" lon="80.2705201" uid="1" version="1" lat="13.0842566" /><node user="OSMnx" visible="true" id="2214510131" timestamp="2026-08-18T20:44:39Z" changeset="1" lon="80.2708322" uid="1" version="1" lat="13.0842289" /><node user="OSMnx" visible="true" id="2214510152" timestamp="2026-08-18T20:44:39Z" changeset="1" lon="80.2704317" uid="1" version="1" lat="13.0843346" /><node user="OSMnx" visible="true" id="2214510156" timestamp="2026-08-18T20:44:39Z" changeset="1" lon="80.2703205" uid="1" version="1" lat="13.0843426" /><node user="OSMnx" visible="true" id="2214510165" timestamp="2026-08-18T20:44:39Z" changeset="1" lon="80.2703217" uid="1" version="1" lat="13.08439" /><node user="OSMnx" visible="true" id="2214510175" timestamp="2026-08-18T20:44:39Z" changeset="1" lon="80.2704641" uid="1" version="1" lat="13.0845825" /><node user="OSMnx" visible="true" id="2214510179" timestamp="2026-08-18T20:44:39Z" changeset="1" lon="80.2693292" uid="1" version="1" lat="13.0847484" /><node user="OSMnx" visible="true" id="2214510186" timestamp="2026-08-18T20:44:39Z" changeset="1" lon="80.2692176" uid="1" version="1" lat="13.0848467" /><node user="OSMnx" visible="true" id="2214510194" timestamp="2026-08-18T20:44:39Z" changeset="1" lon="80.2685011" uid="1" version="1" lat="13.0849105" /><node user="OSMnx" visible="true" id="2214510195" timestamp="2026-08-18T20:44:39Z" changeset="1" lon="80.2679138" uid="1" version="1" lat="13.0849239" /><node user="OSMnx" visible="true" id="2214510196" timestamp="2026-08-18T20:44:39Z" changeset="1" lon="80.2687002" uid="1" version="1" lat="13.084949" /><node user="OSMnx" visible="true" id="2214510199" timestamp="2026-08-18T20:44:39Z" changeset="1" lon="80.268507" uid="1" version="1" lat="13.0849563" /><node user="OSMnx" visible="true" id="2214510201" timestamp="2026-08-18T20:44:39Z" changeset="1" lon="80.2680001" uid="1" version="1" lat="13.0849773" /><node user="OSMnx" visible="true" id="2214510203" timestamp="2026-08-18T20:44:39Z" changeset="1" lon="80.2677752" uid="1" version="1" lat="13.0850063" /><node user="OSMnx" visible="true" id="2214510205" timestamp="2026-08-18T20:44:39Z" changeset="1" lon="80.2703889" uid="1" version="1" lat="13.0851011" /><node user="OSMnx" visible="true" id="2214510219" timestamp="2026-08-18T20:44:39Z" changeset="1" lon="80.2670705" uid="1" version="1" lat="13.0852018" /><node user="OSMnx" visible="true" id="2214510222" timestamp="2026-08-18T20:44:39Z" changeset="1" lon="80.2667764" uid="1" version="1" lat="13.0852766" /><node user="OSMnx" visible="true" id="2214510225" timestamp="2026-08-18T20:44:39Z" changeset="1" lon="80.2657013" uid="1" version="1" lat="13.0854396" /><node user="OSMnx" visible="true" id="2214510229" timestamp="2026-08-18T20:44:39Z" changeset="1" lon="80.26435" uid="1" version="1" lat="13.0855853" /><node user="OSMnx" visible="true" id="2214510231" timestamp="2026-08-18T20:44:39Z" changeset="1" lon="80.2641669" uid="1" version="1" lat="13.0856008" /><node user="OSMnx" visible="true" id="2214510235" timestamp="2026-08-18T20:44:39Z" changeset="1" lon="80.2629115" uid="1" version="1" lat="13.0856573" /><node user="OSMnx" visible="true" id="2214510237" timestamp="2026-08-18T20:44:39Z" changeset="1" lon="80.2702767" uid="1" version="1" lat="13.0857033" /><node user="OSMnx" visible="true" id="2214510244" timestamp="2026-08-18T20:44:39Z" changeset="1" lon="80.2701986" uid="1" version="1" lat="13.085728" /><node user="OSMnx" visible="true" id="2214510246" timestamp="2026-08-18T20:44:39Z" changeset="1" lon="80.2702574" uid="1" version="1" lat="13.0859666" /><node user="OSMnx" visible="true" id="2214510256" timestamp="2026-08-18T20:44:39Z" changeset="1" lon="80.2701711" uid="1" version="1" lat="13.0865028" /><node user="OSMnx" visible="true" id="2214510339" timestamp="2026-08-18T20:44:39Z" changeset="1" lon="80.2702453" uid="1" version="1" lat="13.0865959" /><node user="OSMnx" visible="true" id="2214510343" timestamp="2026-08-18T20:44:39Z" changeset="1" lon="80.2701574" uid="1" version="1" lat="13.0866597" /><node user="OSMnx" visible="true" id="2214510345" timestamp="2026-08-18T20:44:39Z" changeset="1" lon="80.2701946" uid="1" version="1" lat="13.0867605" /><node user="OSMnx" visible="true" id="2214510355" timestamp="2026-08-18T20:44:39Z" changeset="1" lon="80.2701397" uid="1" version="1" lat="13.0868932" /><node user="OSMnx" visible="true" id="2214510363" timestamp="2026-08-18T20:44:39Z" changeset="1" lon="80.2697688" uid="1" version="1" lat="13.0874924" /><node user="OSMnx" visible="true" id="2214510364" timestamp="2026-08-18T20:44:39Z" changeset="1" lon="80.2698433" uid="1" version="1" lat="13.0875146" /><node user="OSMnx" visible="true" id="2214510365" timestamp="2026-08-18T20:44:39Z" changeset="1" lon="80.2697425" uid="1" version="1" lat="13.0876286" /><node user="OSMnx" visible="true" id="2214510367" timestamp="2026-08-18T20:44:39Z" changeset="1" lon="80.2698109" uid="1" version="1" lat="13.0876409" /><node user="OSMnx" visible="true" id="2214510369" timestamp="2026-08-18T20:44:39Z" changeset="1" lon="80.2698109" uid="1" version="1" lat="13.0878303" /><node user="OSMnx" visible="true" id="2214510371" timestamp="2026-08-18T20:44:39Z" changeset="1" lon="80.2697342" uid="1" version="1" lat="13.0878362" /><node user="OSMnx" visible="true" id="2214510385" timestamp="2026-08-18T20:44:39Z" changeset="1" lon="80.2698748" uid="1" version="1" lat="13.0885645" /><node user="OSMnx" visible="true" id="2214510393" timestamp="2026-08-18T20:44:39Z" changeset="1" lon="80.2698864" uid="1" version="1" lat="13.0900757" /><node user="OSMnx" visible="true" id="2214510396" timestamp="2026-08-18T20:44:39Z" changeset="1" lon="80.269946" uid="1" version="1" lat="13.0900973" /><node user="OSMnx" visible="true" id="2214510402" timestamp="2026-08-18T20:44:39Z" changeset="1" lon="80.2698823" uid="1" version="1" lat="13.090189" /><node user="OSMnx" visible="true" id="2214510406" timestamp="2026-08-18T20:44:39Z" changeset="1" lon="80.2699315" uid="1" version="1" lat="13.0901859" /><node user="OSMnx" visible="true" id="2214510409" timestamp="2026-08-18T20:44:39Z" changeset="1" lon="80.269838" uid="1" version="1" lat="13.0903211" /><node user="OSMnx" visible="true" id="2214510412" timestamp="2026-08-18T20:44:39Z" changeset="1" lon="80.2698684" uid="1" version="1" lat="13.0903481" /><node user="OSMnx" visible="true" id="2214510418" timestamp="2026-08-18T20:44:39Z" changeset="1" lon="80.2695764" uid="1" version="1" lat="13.090584" /><node user="OSMnx" visible="true" id="2214510421" timestamp="2026-08-18T20:44:39Z" changeset="1" lon="80.2697134" uid="1" version="1" lat="13.0905989" /><node user="OSMnx" visible="true" id="2214510423" timestamp="2026-08-18T20:44:39Z" changeset="1" lon="80.2695087" uid="1" version="1" lat="13.0906139" /><node user="OSMnx" visible="true" id="2214510426" timestamp="2026-08-18T20:44:39Z" changeset="1" lon="80.2695375" uid="1" version="1" lat="13.0906274" /><node user="OSMnx" visible="true" id="2214510430" timestamp="2026-08-18T20:44:39Z" changeset="1" lon="80.269405" uid="1" version="1" lat="13.0906363" /><node user="OSMnx" visible="true" id="2214510433" timestamp="2026-08-18T20:44:39Z" changeset="1" lon="80.269577" uid="1" version="1" lat="13.0906753" /><node user="OSMnx" visible="true" id="2214510436" timestamp="2026-08-18T20:44:39Z" changeset="1" lon="80.269371" uid="1" version="1" lat="13.0906961" /><node user="OSMnx" visible="true" id="2214510439" timestamp="2026-08-18T20:44:39Z" changeset="1" lon="80.2695843" uid="1" version="1" lat="13.0907055" /><node user="OSMnx" visible="true" id="2214510442" timestamp="2026-08-18T20:44:39Z" changeset="1" lon="80.269381" uid="1" version="1" lat="13.0907614" /><node user="OSMnx" visible="true" id="2214510445" timestamp="2026-08-18T20:44:39Z" changeset="1" lon="80.2695508" uid="1" version="1" lat="13.0907904" /><node user="OSMnx" visible="true" id="2214510447" timestamp="2026-08-18T20:44:39Z" changeset="1" lon="80.2694222" uid="1" version="1" lat="13.0908043" /><node user="OSMnx" visible="true" id="2214510449" timestamp="2026-08-18T20:44:39Z" changeset="1" lon="80.2694465" uid="1" version="1" lat="13.0908146" /><node user="OSMnx" visible="true" id="2241832812" timestamp="2026-08-18T20:44:39Z" changeset="1" lon="80.2721066" uid="1" version="1" lat="13.0718153" /><node user="OSMnx" visible="true" id="2241832818" timestamp="2026-08-18T20:44:39Z" changeset="1" lon="80.270842" uid="1" version="1" lat="13.0719517" /><node user="OSMnx" visible="true" id="2241832823" timestamp="2026-08-18T20:44:39Z" changeset="1" lon="80.2709191" uid="1" version="1" lat="13.0722367" /><node user="OSMnx" visible="true" id="2241832826" timestamp="2026-08-18T20:44:39Z" changeset="1" lon="80.2737981" uid="1" version="1" lat="13.0725602" /><node user="OSMnx" visible="true" id="2241832828" timestamp="2026-08-18T20:44:39Z" changeset="1" lon="80.2724133" uid="1" version="1" lat="13.0725924" /><node user="OSMnx" visible="true" id="2241832836" timestamp="2026-08-18T20:44:39Z" changeset="1" lon="80.2725504" uid="1" version="1" lat="13.072691" /><node user="OSMnx" visible="true" id="2241832839" timestamp="2026-08-18T20:44:39Z" changeset="1" lon="80.2727259" uid="1" version="1" lat="13.072697" /><node user="OSMnx" visible="true" id="2241832844" timestamp="2026-08-18T20:44:39Z" changeset="1" lon="80.2711433" uid="1" version="1" lat="13.0730123" /><node user="OSMnx" visible="true" id="2241832850" timestamp="2026-08-18T20:44:39Z" changeset="1" lon="80.2682398" uid="1" version="1" lat="13.0730689" /><node user="OSMnx" visible="true" id="2241832853" timestamp="2026-08-18T20:44:39Z" changeset="1" lon="80.2712603" uid="1" version="1" lat="13.0731183" /><node user="OSMnx" visible="true" id="2241832920" timestamp="2026-08-18T20:44:39Z" changeset="1" lon="80.266938" uid="1" version="1" lat="13.073794" /><node user="OSMnx" visible="true" id="2241832928" timestamp="2026-08-18T20:44:39Z" changeset="1" lon="80.2683932" uid="1" version="1" lat="13.0738751" /><node user="OSMnx" visible="true" id="2241832936" timestamp="2026-08-18T20:44:39Z" changeset="1" lon="80.2764611" uid="1" version="1" lat="13.0740312" /><node user="OSMnx" visible="true" id="2241832946" timestamp="2026-08-18T20:44:39Z" changeset="1" lon="80.2766199" uid="1" version="1" lat="13.0740828" /><node user="OSMnx" visible="true" id="2241832955" timestamp="2026-08-18T20:44:39Z" changeset="1" lon="80.2715219" uid="1" version="1" lat="13.0742423" /><node user="OSMnx" visible="true" id="2241832970" timestamp="2026-08-18T20:44:39Z" changeset="1" lon="80.2666947" uid="1" version="1" lat="13.0742979" /><node user="OSMnx" visible="true" id="2241832976" timestamp="2026-08-18T20:44:39Z" changeset="1" lon="80.2668492" uid="1" version="1" lat="13.0743477" /><node user="OSMnx" visible="true" id="2241832977" timestamp="2026-08-18T20:44:39Z" changeset="1" lon="80.2669345" uid="1" version="1" lat="13.074377" /><node user="OSMnx" visible="true" id="2241832982" timestamp="2026-08-18T20:44:39Z" changeset="1" lon="80.2668007" uid="1" version="1" lat="13.0745057" /><node user="OSMnx" visible="true" id="2241832985" timestamp="2026-08-18T20:44:39Z" changeset="1" lon="80.2668994" uid="1" version="1" lat="13.0745334" /><node user="OSMnx" visible="true" id="2241832997" timestamp="2026-08-18T20:44:39Z" changeset="1" lon="80.2665531" uid="1" version="1" lat="13.0747338" /><node user="OSMnx" visible="true" id="2241833001" timestamp="2026-08-18T20:44:39Z" changeset="1" lon="80.2668375" uid="1" version="1" lat="13.0748512" /><node user="OSMnx" visible="true" id="2241833025" timestamp="2026-08-18T20:44:39Z" changeset="1" lon="80.266815" uid="1" version="1" lat="13.0749917" /><node user="OSMnx" visible="true" id="2241833030" timestamp="2026-08-18T20:44:39Z" changeset="1" lon="80.2664865" uid="1" version="1" lat="13.0750045" /><node user="OSMnx" visible="true" id="2241833366" timestamp="2026-08-18T20:44:39Z" changeset="1" lon="80.2682185" uid="1" version="1" lat="13.0761202" /><node user="OSMnx" visible="true" id="2241833375" timestamp="2026-08-18T20:44:39Z" changeset="1" lon="80.2678077" uid="1" version="1" lat="13.0762117" /><node user="OSMnx" visible="true" id="2241833392" timestamp="2026-08-18T20:44:39Z" changeset="1" lon="80.2743063" uid="1" version="1" lat="13.0767529" /><node user="OSMnx" visible="true" id="2241833408" timestamp="2026-08-18T20:44:39Z" changeset="1" lon="80.276213" uid="1" version="1" lat="13.077115" /><node user="OSMnx" visible="true" id="2241833409" timestamp="2026-08-18T20:44:39Z" changeset="1" lon="80.2761336" uid="1" version="1" lat="13.0771604" /><node user="OSMnx" visible="true" id="2241833415" timestamp="2026-08-18T20:44:39Z" changeset="1" lon="80.2723623" uid="1" version="1" lat="13.0771932" /><node user="OSMnx" visible="true" id="2241833418" timestamp="2026-08-18T20:44:39Z" changeset="1" lon="80.2740398" uid="1" version="1" lat="13.0775745" /><node user="OSMnx" visible="true" id="2241833423" timestamp="2026-08-18T20:44:39Z" changeset="1" lon="80.271782" uid="1" version="1" lat="13.0772843" /><node user="OSMnx" visible="true" id="2241833426" timestamp="2026-08-18T20:44:39Z" changeset="1" lon="80.273773" uid="1" version="1" lat="13.0778798" /><node user="OSMnx" visible="true" id="2241833452" timestamp="2026-08-18T20:44:39Z" changeset="1" lon="80.2761151" uid="1" version="1" lat="13.0775965" /><node user="OSMnx" visible="true" id="2241833488" timestamp="2026-08-18T20:44:39Z" changeset="1" lon="80.2760927" uid="1" version="1" lat="13.0778681" /><node user="OSMnx" visible="true" id="2241833491" timestamp="2026-08-18T20:44:39Z" changeset="1" lon="80.2689112" uid="1" version="1" lat="13.0779001" /><node user="OSMnx" visible="true" id="2241833509" timestamp="2026-08-18T20:44:39Z" changeset="1" lon="80.2760093" uid="1" version="1" lat="13.0780316" /><node user="OSMnx" visible="true" id="2241833524" timestamp="2026-08-18T20:44:39Z" changeset="1" lon="80.2759387" uid="1" version="1" lat="13.0780793" /><node user="OSMnx" visible="true" id="2241833531" timestamp="2026-08-18T20:44:39Z" changeset="1" lon="80.2762919" uid="1" version="1" lat="13.0781152" /><node user="OSMnx" visible="true" id="2241833543" timestamp="2026-08-18T20:44:39Z" changeset="1" lon="80.2677343" uid="1" version="1" lat="13.0781309" /><node user="OSMnx" visible="true" id="2241833553" timestamp="2026-08-18T20:44:39Z" changeset="1" lon="80.2754959" uid="1" version="1" lat="13.0782069" /><node user="OSMnx" visible="true" id="2241833558" timestamp="2026-08-18T20:44:39Z" changeset="1" lon="80.2760208" uid="1" version="1" lat="13.0782164" /><node user="OSMnx" visible="true" id="2241833566" timestamp="2026-08-18T20:44:39Z" changeset="1" lon="80.2694598" uid="1" version="1" lat="13.0782918" /><node user="OSMnx" visible="true" id="2241833568" timestamp="2026-08-18T20:44:39Z" changeset="1" lon="80.2692675" uid="1" version="1" lat="13.0782993" /><node user="OSMnx" visible="true" id="2241833576" timestamp="2026-08-18T20:44:39Z" changeset="1" lon="80.2689091" uid="1" version="1" lat="13.0783363" /><node user="OSMnx" visible="true" id="2241833580" timestamp="2026-08-18T20:44:39Z" changeset="1" lon="80.2751836" uid="1" version="1" lat="13.0783697" /><node user="OSMnx" visible="true" id="2241833602" timestamp="2026-08-18T20:44:39Z" changeset="1" lon="80.2751006" uid="1" version="1" lat="13.0785489" /><node user="OSMnx" visible="true" id="2241833787" timestamp="2026-08-18T20:44:39Z" changeset="1" lon="80.269445" uid="1" version="1" lat="13.0784656" /><node user="OSMnx" visible="true" id="2241833827" timestamp="2026-08-18T20:44:39Z" changeset="1" lon="80.2677573" uid="1" version="1" lat="13.0785973" /><node user="OSMnx" visible="true" id="2241833830" timestamp="2026-08-18T20:44:39Z" changeset="1" lon="80.2680496" uid="1" version="1" lat="13.0786304" /><node user="OSMnx" visible="true" id="2241833833" timestamp="2026-08-18T20:44:39Z" changeset="1" lon="80.2683652" uid="1" version="1" lat="13.0786788" /><node user="OSMnx" visible="true" id="2241833844" timestamp="2026-08-18T20:44:39Z" changeset="1" lon="80.2689" uid="1" version="1" lat="13.0787001" /><node user="OSMnx" visible="true" id="2241833856" timestamp="2026-08-18T20:44:39Z" changeset="1" lon="80.2750541" uid="1" version="1" lat="13.0788106" /><node user="OSMnx" visible="true" id="2241833874" timestamp="2026-08-18T20:44:39Z" changeset="1" lon="80.2750031" uid="1" version="1" lat="13.0788264" /><node user="OSMnx" visible="true" id="2241833875" timestamp="2026-08-18T20:44:39Z" changeset="1" lon="80.2677384" uid="1" version="1" lat="13.0788177" /><node user="OSMnx" visible="true" id="2241833880" timestamp="2026-08-18T20:44:39Z" changeset="1" lon="80.2683446" uid="1" version="1" lat="13.0789356" /><node user="OSMnx" visible="true" id="2241833897" timestamp="2026-08-18T20:44:39Z" changeset="1" lon="80.2749303" uid="1" version="1" lat="13.0789961" /><node user="OSMnx" visible="true" id="2241930033" timestamp="2026-08-18T20:44:39Z" changeset="1" lon="80.2656383" uid="1" version="1" lat="13.0692549" /><node user="OSMnx" visible="true" id="2241930050" timestamp="2026-08-18T20:44:39Z" changeset="1" lon="80.2687265" uid="1" version="1" lat="13.0697454" /><node user="OSMnx" visible="true" id="2241930071" timestamp="2026-08-18T20:44:39Z" changeset="1" lon="80.2646568" uid="1" version="1" lat="13.0701173" /><node user="OSMnx" visible="true" id="2241930090" timestamp="2026-08-18T20:44:39Z" changeset="1" lon="80.265724" uid="1" version="1" lat="13.0703383" /><node user="OSMnx" visible="true" id="2241930094" timestamp="2026-08-18T20:44:39Z" changeset="1" lon="80.2673998" uid="1" version="1" lat="13.0703998" /><node user="OSMnx" visible="true" id="2241930103" timestamp="2026-08-18T20:44:39Z" changeset="1" lon="80.2646794" uid="1" version="1" lat="13.070484" /><node user="OSMnx" visible="true" id="2241930109" timestamp="2026-08-18T20:44:39Z" changeset="1" lon="80.2670055" uid="1" version="1" lat="13.0705909" /><node user="OSMnx" visible="true" id="2241930168" timestamp="2026-08-18T20:44:39Z" changeset="1" lon="80.2670001" uid="1" version="1" lat="13.0707985" /><node user="OSMnx" visible="true" id="2241930174" timestamp="2026-08-18T20:44:39Z" changeset="1" lon="80.2673467" uid="1" version="1" lat="13.0708444" /><node user="OSMnx" visible="true" id="2241930178" timestamp="2026-08-18T20:44:39Z" changeset="1" lon="80.2662029" uid="1" version="1" lat="13.07088" /><node user="OSMnx" visible="true" id="2241930190" timestamp="2026-08-18T20:44:39Z" changeset="1" lon="80.2671158" uid="1" version="1" lat="13.0711597" /><node user="OSMnx" visible="true" id="2241930191" timestamp="2026-08-18T20:44:39Z" changeset="1" lon="80.2673024" uid="1" version="1" lat="13.0711742" /><node user="OSMnx" visible="true" id="2241930197" timestamp="2026-08-18T20:44:39Z" changeset="1" lon="80.2716414" uid="1" version="1" lat="13.0714314" /><node user="OSMnx" visible="true" id="2241930199" timestamp="2026-08-18T20:44:39Z" changeset="1" lon="80.2668802" uid="1" version="1" lat="13.0714334" /><node user="OSMnx" visible="true" id="2241930202" timestamp="2026-08-18T20:44:39Z" changeset="1" lon="80.2715165" uid="1" version="1" lat="13.0714495" /><node user="OSMnx" visible="true" id="2241930204" timestamp="2026-08-18T20:44:39Z" changeset="1" lon="80.2665221" uid="1" version="1" lat="13.0714622" /><node user="OSMnx" visible="true" id="2241930207" timestamp="2026-08-18T20:44:39Z" changeset="1" lon="80.271542" uid="1" version="1" lat="13.0715575" /><node user="OSMnx" visible="true" id="2241930209" timestamp="2026-08-18T20:44:39Z" changeset="1" lon="80.2662946" uid="1" version="1" lat="13.0714898" /><node user="OSMnx" visible="true" id="2241930213" timestamp="2026-08-18T20:44:39Z" changeset="1" lon="80.2711603" uid="1" version="1" lat="13.07164" /><node user="OSMnx" visible="true" id="2241930427" timestamp="2026-08-18T20:44:39Z" changeset="1" lon="80.2649227" uid="1" version="1" lat="13.0745248" /><node user="OSMnx" visible="true" id="2241930429" timestamp="2026-08-18T20:44:39Z" changeset="1" lon="80.2651958" uid="1" version="1" lat="13.0745388" /><node user="OSMnx" visible="true" id="2241930443" timestamp="2026-08-18T20:44:39Z" changeset="1" lon="80.2648741" uid="1" version="1" lat="13.0747708" /><node user="OSMnx" visible="true" id="2241930451" timestamp="2026-08-18T20:44:39Z" changeset="1" lon="80.2643401" uid="1" version="1" lat="13.0749472" /><node user="OSMnx" visible="true" id="2241930458" timestamp="2026-08-18T20:44:39Z" changeset="1" lon="80.2643326" uid="1" version="1" lat="13.0751295" /><node user="OSMnx" visible="true" id="2241930459" timestamp="2026-08-18T20:44:39Z" changeset="1" lon="80.2645571" uid="1" version="1" lat="13.0751384" /><node user="OSMnx" visible="true" id="2249215803" timestamp="2026-08-18T20:44:39Z" changeset="1" lon="80.2698628" uid="1" version="1" lat="13.08747" /><node user="OSMnx" visible="true" id="2249215825" timestamp="2026-08-18T20:44:39Z" changeset="1" lon="80.2715677" uid="1" version="1" lat="13.0896257" /><node user="OSMnx" visible="true" id="2249215828" timestamp="2026-08-18T20:44:39Z" changeset="1" lon="80.271735" uid="1" version="1" lat="13.0898885" /><node user="OSMnx" visible="true" id="2249215831" timestamp="2026-08-18T20:44:39Z" changeset="1" lon="80.271919" uid="1" version="1" lat="13.090196" /><node user="OSMnx" visible="true" id="2249215833" timestamp="2026-08-18T20:44:39Z" changeset="1" lon="80.2699014" uid="1" version="1" lat="13.09028" /><node user="OSMnx" visible="true" id="2249215839" timestamp="2026-08-18T20:44:39Z" changeset="1" lon="80.2720131" uid="1" version="1" lat="13.0905687" /><node user="OSMnx" visible="true" id="2249215842" timestamp="2026-08-18T20:44:39Z" changeset="1" lon="80.2721617" uid="1" version="1" lat="13.0908079" /><node user="OSMnx" visible="true" id="2249215844" timestamp="2026-08-18T20:44:39Z" changeset="1" lon="80.272051" uid="1" version="1" lat="13.0908159" /><node user="OSMnx" visible="true" id="2249215847" timestamp="2026-08-18T20:44:39Z" changeset="1" lon="80.2712917" uid="1" version="1" lat="13.0908253" /><node user="OSMnx" visible="true" id="2249215848" timestamp="2026-08-18T20:44:39Z" changeset="1" lon="80.271313" uid="1" version="1" lat="13.0908785" /><node user="OSMnx" visible="true" id="2249215859" timestamp="2026-08-18T20:44:39Z" changeset="1" lon="80.2716995" uid="1" version="1" lat="13.0918416" /><node user="OSMnx" visible="true" id="2249215864" timestamp="2026-08-18T20:44:39Z" changeset="1" lon="80.271735" uid="1" version="1" lat="13.0920106" /><node user="OSMnx" visible="true" id="2249215871" timestamp="2026-08-18T20:44:39Z" changeset="1" lon="80.2716388" uid="1" version="1" lat="13.0923548" /><node user="OSMnx" visible="true" id="2269042572" timestamp="2026-08-18T20:44:39Z" changeset="1" lon="80.2811951" uid="1" version="1" lat="13.0886905" /><node user="OSMnx" visible="true" id="2269042573" timestamp="2026-08-18T20:44:39Z" changeset="1" lon="80.2793274" uid="1" version="1" lat="13.0890704" /><node user="OSMnx" visible="true" id="2269042574" timestamp="2026-08-18T20:44:39Z" changeset="1" lon="80.2766563" uid="1" version="1" lat="13.0896371" /><node user="OSMnx" visible="true" id="2269042575" timestamp="2026-08-18T20:44:39Z" changeset="1" lon="80.27728" uid="1" version="1" lat="13.0896718" /><node user="OSMnx" visible="true" id="2269042576" timestamp="2026-08-18T20:44:39Z" changeset="1" lon="80.2770098" uid="1" version="1" lat="13.0898045" /><node user="OSMnx" visible="true" id="2269042577" timestamp="2026-08-18T20:44:39Z" changeset="1" lon="80.2767979" uid="1" version="1" lat="13.0898761" /><node user="OSMnx" visible="true" id="2269042578" timestamp="2026-08-18T20:44:39Z" changeset="1" lon="80.2769817" uid="1" version="1" lat="13.0899498" /><node user="OSMnx" visible="true" id="2269042579" timestamp="2026-08-18T20:44:39Z" changeset="1" lon="80.2768066" uid="1" version="1" lat="13.0899519" /><node user="OSMnx" visible="true" id="2269042580" timestamp="2026-08-18T20:44:39Z" changeset="1" lon="80.2769428" uid="1" version="1" lat="13.0899708" /><node user="OSMnx" visible="true" id="2269042581" timestamp="2026-08-18T20:44:39Z" changeset="1" lon="80.2769687" uid="1" version="1" lat="13.0902551" /><node user="OSMnx" visible="true" id="2269042582" timestamp="2026-08-18T20:44:39Z" changeset="1" lon="80.2770022" uid="1" version="1" lat="13.0903698" /><node user="OSMnx" visible="true" id="2269042583" timestamp="2026-08-18T20:44:39Z" changeset="1" lon="80.2770963" uid="1" version="1" lat="13.0905369" /><node user="OSMnx" visible="true" id="2269513927" timestamp="2026-08-18T20:44:39Z" changeset="1" lon="80.2841031" uid="1" version="1" lat="13.0944445" /><node user="OSMnx" visible="true" id="2269846630" timestamp="2026-08-18T20:44:39Z" changeset="1" lon="80.2765303" uid="1" version="1" lat="13.0933571" /><node user="OSMnx" visible="true" id="2269919983" timestamp="2026-08-18T20:44:39Z" changeset="1" lon="80.2597976" uid="1" version="1" lat="13.0816315" /><node user="OSMnx" visible="true" id="2269919994" timestamp="2026-08-18T20:44:39Z" changeset="1" lon="80.2693297" uid="1" version="1" lat="13.0819128" /><node user="OSMnx" visible="true" id="2269919995" timestamp="2026-08-18T20:44:39Z" changeset="1" lon="80.268533" uid="1" version="1" lat="13.0820178" /><node user="OSMnx" visible="true" id="2269919996" timestamp="2026-08-18T20:44:39Z" changeset="1" lon="80.2660914" uid="1" version="1" lat="13.0823149" /><node user="OSMnx" visible="true" id="2269919997" timestamp="2026-08-18T20:44:39Z" changeset="1" lon="80.266785" uid="1" version="1" lat="13.0823234" /><node user="OSMnx" visible="true" id="2269919998" timestamp="2026-08-18T20:44:39Z" changeset="1" lon="80.266831" uid="1" version="1" lat="13.0831014" /><node user="OSMnx" visible="true" id="2269919999" timestamp="2026-08-18T20:44:39Z" changeset="1" lon="80.2660237" uid="1" version="1" lat="13.0831228" /><node user="OSMnx" visible="true" id="2269920000" timestamp="2026-08-18T20:44:39Z" changeset="1" lon="80.260795" uid="1" version="1" lat="13.0831602" /><node user="OSMnx" visible="true" id="2269920001" timestamp="2026-08-18T20:44:39Z" changeset="1" lon="80.2662675" uid="1" version="1" lat="13.0835943" /><node user="OSMnx" visible="true" id="2269920002" timestamp="2026-08-18T20:44:39Z" changeset="1" lon="80.2662733" uid="1" version="1" lat="13.0837678" /><node user="OSMnx" visible="true" id="2269920003" timestamp="2026-08-18T20:44:39Z" changeset="1" lon="80.2667784" uid="1" version="1" lat="13.0838966" /><node user="OSMnx" visible="true" id="2269920004" timestamp="2026-08-18T20:44:39Z" changeset="1" lon="80.2662778" uid="1" version="1" lat="13.083906" /><node user="OSMnx" visible="true" id="2269920005" timestamp="2026-08-18T20:44:39Z" changeset="1" lon="80.263209" uid="1" version="1" lat="13.0840239" /><node user="OSMnx" visible="true" id="2269920006" timestamp="2026-08-18T20:44:39Z" changeset="1" lon="80.2667672" uid="1" version="1" lat="13.084047" /><node user="OSMnx" visible="true" id="2269920007" timestamp="2026-08-18T20:44:39Z" changeset="1" lon="80.2662832" uid="1" version="1" lat="13.0840667" /><node user="OSMnx" visible="true" id="2269920008" timestamp="2026-08-18T20:44:39Z" changeset="1" lon="80.2677185" uid="1" version="1" lat="13.0840604" /><node user="OSMnx" visible="true" id="2269920009" timestamp="2026-08-18T20:44:39Z" changeset="1" lon="80.2667802" uid="1" version="1" lat="13.0841869" /><node user="OSMnx" visible="true" id="2269920010" timestamp="2026-08-18T20:44:39Z" changeset="1" lon="80.2662892" uid="1" version="1" lat="13.0842494" /><node user="OSMnx" visible="true" id="2269920015" timestamp="2026-08-18T20:44:39Z" changeset="1" lon="80.2632762" uid="1" version="1" lat="13.0847652" /><node user="OSMnx" visible="true" id="2269934835" timestamp="2026-08-18T20:44:39Z" changeset="1" lon="80.2576454" uid="1" version="1" lat="13.0811248" /><node user="OSMnx" visible="true" id="2269934837" timestamp="2026-08-18T20:44:39Z" changeset="1" lon="80.2568653" uid="1" version="1" lat="13.0812002" /><node user="OSMnx" visible="true" id="2269934870" timestamp="2026-08-18T20:44:39Z" changeset="1" lon="80.2569008" uid="1" version="1" lat="13.0844856" /><node user="OSMnx" visible="true" id="2269934880" timestamp="2026-08-18T20:44:39Z" changeset="1" lon="80.257189" uid="1" version="1" lat="13.0848662" /><node user="OSMnx" visible="true" id="2269934889" timestamp="2026-08-18T20:44:39Z" changeset="1" lon="80.2577675" uid="1" version="1" lat="13.0849461" /><node user="OSMnx" visible="true" id="2269934891" timestamp="2026-08-18T20:44:39Z" changeset="1" lon="80.2572082" uid="1" version="1" lat="13.08512" /><node user="OSMnx" visible="true" id="2269934897" timestamp="2026-08-18T20:44:39Z" changeset="1" lon="80.257686" uid="1" version="1" lat="13.0852493" /><node user="OSMnx" visible="true" id="2269934905" timestamp="2026-08-18T20:44:39Z" changeset="1" lon="80.2575823" uid="1" version="1" lat="13.0856609" /><node user="OSMnx" visible="true" id="2270240040" timestamp="2026-08-18T20:44:39Z" changeset="1" lon="80.2650281" uid="1" version="1" lat="13.0878663" /><node user="OSMnx" visible="true" id="2270240111" timestamp="2026-08-18T20:44:39Z" changeset="1" lon="80.2662583" uid="1" version="1" lat="13.0909992" /><node user="OSMnx" visible="true" id="2270244755" timestamp="2026-08-18T20:44:39Z" changeset="1" lon="80.2632255" uid="1" version="1" lat="13.0936662" /><node user="OSMnx" visible="true" id="2270244756" timestamp="2026-08-18T20:44:39Z" changeset="1" lon="80.2632147" uid="1" version="1" lat="13.0941261" /><node user="OSMnx" visible="true" id="2270244763" timestamp="2026-08-18T20:44:39Z" changeset="1" lon="80.2641106" uid="1" version="1" lat="13.0946905" /><node user="OSMnx" visible="true" id="2270244764" timestamp="2026-08-18T20:44:39Z" changeset="1" lon="80.2643802" uid="1" version="1" lat="13.0946987" /><node user="OSMnx" visible="true" id="2270244765" timestamp="2026-08-18T20:44:39Z" changeset="1" lon="80.2589285" uid="1" version="1" lat="13.095044" /><node user="OSMnx" visible="true" id="2270244766" timestamp="2026-08-18T20:44:39Z" changeset="1" lon="80.2582355" uid="1" version="1" lat="13.0951388" /><node user="OSMnx" visible="true" id="2270244767" timestamp="2026-08-18T20:44:39Z" changeset="1" lon="80.258937" uid="1" version="1" lat="13.0951772" /><node user="OSMnx" visible="true" id="2270244769" timestamp="2026-08-18T20:44:39Z" changeset="1" lon="80.2589481" uid="1" version="1" lat="13.0953001" /><node user="OSMnx" visible="true" id="2270244770" timestamp="2026-08-18T20:44:39Z" changeset="1" lon="80.2582803" uid="1" version="1" lat="13.0953951" /><node user="OSMnx" visible="true" id="2270244771" timestamp="2026-08-18T20:44:39Z" changeset="1" lon="80.2645534" uid="1" version="1" lat="13.0954427" /><node user="OSMnx" visible="true" id="2270244772" timestamp="2026-08-18T20:44:39Z" changeset="1" lon="80.2641442" uid="1" version="1" lat="13.095471" /><node user="OSMnx" visible="true" id="2270244773" timestamp="2026-08-18T20:44:39Z" changeset="1" lon="80.2590181" uid="1" version="1" lat="13.095743" /><node user="OSMnx" visible="true" id="2270244775" timestamp="2026-08-18T20:44:39Z" changeset="1" lon="80.2583532" uid="1" version="1" lat="13.0958474" /><node user="OSMnx" visible="true" id="2270244776" timestamp="2026-08-18T20:44:39Z" changeset="1" lon="80.2582063" uid="1" version="1" lat="13.0961148" /><node user="OSMnx" visible="true" id="2270244777" timestamp="2026-08-18T20:44:39Z" changeset="1" lon="80.2584061" uid="1" version="1" lat="13.0961462" /><node user="OSMnx" visible="true" id="2270255351" timestamp="2026-08-18T20:44:39Z" changeset="1" lon="80.2590975" uid="1" version="1" lat="13.088967" /><node user="OSMnx" visible="true" id="2270255354" timestamp="2026-08-18T20:44:39Z" changeset="1" lon="80.2640674" uid="1" version="1" lat="13.090821" /><node user="OSMnx" visible="true" id="2270255355" timestamp="2026-08-18T20:44:39Z" changeset="1" lon="80.2640058" uid="1" version="1" lat="13.090831" /><node user="OSMnx" visible="true" id="2270255356" timestamp="2026-08-18T20:44:39Z" changeset="1" lon="80.2638678" uid="1" version="1" lat="13.0908355" /><node user="OSMnx" visible="true" id="2270255357" timestamp="2026-08-18T20:44:39Z" changeset="1" lon="80.2637348" uid="1" version="1" lat="13.09084" /><node user="OSMnx" visible="true" id="2270255359" timestamp="2026-08-18T20:44:39Z" changeset="1" lon="80.2640548" uid="1" version="1" lat="13.0914145" /><node user="OSMnx" visible="true" id="2270255360" timestamp="2026-08-18T20:44:39Z" changeset="1" lon="80.2639326" uid="1" version="1" lat="13.0914321" /><node user="OSMnx" visible="true" id="2270255361" timestamp="2026-08-18T20:44:39Z" changeset="1" lon="80.2637925" uid="1" version="1" lat="13.0914638" /><node user="OSMnx" visible="true" id="2271477981" timestamp="2026-08-18T20:44:39Z" changeset="1" lon="80.2761962" uid="1" version="1" lat="13.0818797" /><node user="OSMnx" visible="true" id="2271477987" timestamp="2026-08-18T20:44:39Z" changeset="1" lon="80.2764993" uid="1" version="1" lat="13.0819213" /><node user="OSMnx" visible="true" id="2271477993" timestamp="2026-08-18T20:44:39Z" changeset="1" lon="80.2762397" uid="1" version="1" lat="13.081956" /><node user="OSMnx" visible="true" id="2271477995" timestamp="2026-08-18T20:44:39Z" changeset="1" lon="80.2763827" uid="1" version="1" lat="13.0819649" /><node user="OSMnx" visible="true" id="2271478005" timestamp="2026-08-18T20:44:39Z" changeset="1" lon="80.2763581" uid="1" version="1" lat="13.0819936" /><node user="OSMnx" visible="true" id="2271478027" timestamp="2026-08-18T20:44:39Z" changeset="1" lon="80.276255" uid="1" version="1" lat="13.0820671" /><node user="OSMnx" visible="true" id="2271478034" timestamp="2026-08-18T20:44:39Z" changeset="1" lon="80.2763411" uid="1" version="1" lat="13.0821081" /><node user="OSMnx" visible="true" id="2271478076" timestamp="2026-08-18T20:44:39Z" changeset="1" lon="80.2762396" uid="1" version="1" lat="13.0823062" /><node user="OSMnx" visible="true" id="2271478095" timestamp="2026-08-18T20:44:39Z" changeset="1" lon="80.2762074" uid="1" version="1" lat="13.0825713" /><node user="OSMnx" visible="true" id="2271478096" timestamp="2026-08-18T20:44:39Z" changeset="1" lon="80.2762866" uid="1" version="1" lat="13.0825941" /><node user="OSMnx" visible="true" id="2271478118" timestamp="2026-08-18T20:44:39Z" changeset="1" lon="80.2761403" uid="1" version="1" lat="13.0836704" /><node user="OSMnx" visible="true" id="2271478159" timestamp="2026-08-18T20:44:39Z" changeset="1" lon="80.2759538" uid="1" version="1" lat="13.0851144" /><node user="OSMnx" visible="true" id="2271478162" timestamp="2026-08-18T20:44:39Z" changeset="1" lon="80.2758719" uid="1" version="1" lat="13.0850875" /><node user="OSMnx" visible="true" id="2271478271" timestamp="2026-08-18T20:44:39Z" changeset="1" lon="80.2758922" uid="1" version="1" lat="13.0855752" /><node user="OSMnx" visible="true" id="2271478300" timestamp="2026-08-18T20:44:39Z" changeset="1" lon="80.2758306" uid="1" version="1" lat="13.0861146" /><node user="OSMnx" visible="true" id="2271478323" timestamp="2026-08-18T20:44:39Z" changeset="1" lon="80.2757841" uid="1" version="1" lat="13.0866209" /><node user="OSMnx" visible="true" id="2271478325" timestamp="2026-08-18T20:44:39Z" changeset="1" lon="80.2756751" uid="1" version="1" lat="13.0866386" /><node user="OSMnx" visible="true" id="2271478332" timestamp="2026-08-18T20:44:39Z" changeset="1" lon="80.2756539" uid="1" version="1" lat="13.087058" /><node user="OSMnx" visible="true" id="2271478344" timestamp="2026-08-18T20:44:39Z" changeset="1" lon="80.2756048" uid="1" version="1" lat="13.0880409" /><node user="OSMnx" visible="true" id="2271478352" timestamp="2026-08-18T20:44:39Z" changeset="1" lon="80.2755092" uid="1" version="1" lat="13.0883068" /><node user="OSMnx" visible="true" id="2271478356" timestamp="2026-08-18T20:44:39Z" changeset="1" lon="80.2755766" uid="1" version="1" lat="13.0883189" /><node user="OSMnx" visible="true" id="2271478371" timestamp="2026-08-18T20:44:39Z" changeset="1" lon="80.2755492" uid="1" version="1" lat="13.0885082" /><node user="OSMnx" visible="true" id="2271478381" timestamp="2026-08-18T20:44:39Z" changeset="1" lon="80.2754842" uid="1" version="1" lat="13.0890318" /><node user="OSMnx" visible="true" id="2271478390" timestamp="2026-08-18T20:44:39Z" changeset="1" lon="80.2754368" uid="1" version="1" lat="13.089477" /><node user="OSMnx" visible="true" id="2271478392" timestamp="2026-08-18T20:44:39Z" changeset="1" lon="80.2752929" uid="1" version="1" lat="13.0899424" /><node user="OSMnx" visible="true" id="2271478404" timestamp="2026-08-18T20:44:39Z" changeset="1" lon="80.275218" uid="1" version="1" lat="13.0906589" /><node user="OSMnx" visible="true" id="2271478408" timestamp="2026-08-18T20:44:39Z" changeset="1" lon="80.2748082" uid="1" version="1" lat="13.091552" /><node user="OSMnx" visible="true" id="2271478415" timestamp="2026-08-18T20:44:39Z" changeset="1" lon="80.2752715" uid="1" version="1" lat="13.091413" /><node user="OSMnx" visible="true" id="2271478430" timestamp="2026-08-18T20:44:39Z" changeset="1" lon="80.2748007" uid="1" version="1" lat="13.0923368" /><node user="OSMnx" visible="true" id="2271478447" timestamp="2026-08-18T20:44:39Z" changeset="1" lon="80.2743186" uid="1" version="1" lat="13.0928113" /><node user="OSMnx" visible="true" id="2271478467" timestamp="2026-08-18T20:44:39Z" changeset="1" lon="80.2751941" uid="1" version="1" lat="13.0948404" /><node user="OSMnx" visible="true" id="2271487875" timestamp="2026-08-18T20:44:39Z" changeset="1" lon="80.2752986" uid="1" version="1" lat="13.0924682" /><node user="OSMnx" visible="true" id="2271487876" timestamp="2026-08-18T20:44:39Z" changeset="1" lon="80.2751958" uid="1" version="1" lat="13.0956928" /><node user="OSMnx" visible="true" id="2271487877" timestamp="2026-08-18T20:44:39Z" changeset="1" lon="80.275251" uid="1" version="1" lat="13.0956976" /><node user="OSMnx" visible="true" id="2271487878" timestamp="2026-08-18T20:44:39Z" changeset="1" lon="80.275242" uid="1" version="1" lat="13.0959552" /><node user="OSMnx" visible="true" id="2271487880" timestamp="2026-08-18T20:44:39Z" changeset="1" lon="80.275241" uid="1" version="1" lat="13.0961882" /><node user="OSMnx" visible="true" id="2271489066" timestamp="2026-08-18T20:44:39Z" changeset="1" lon="80.2743256" uid="1" version="1" lat="13.0957446" /><node user="OSMnx" visible="true" id="2271489067" timestamp="2026-08-18T20:44:39Z" changeset="1" lon="80.2745636" uid="1" version="1" lat="13.0957548" /><node user="OSMnx" visible="true" id="2271543110" timestamp="2026-08-18T20:44:39Z" changeset="1" lon="80.2835828" uid="1" version="1" lat="13.0762796" /><node user="OSMnx" visible="true" id="2271543113" timestamp="2026-08-18T20:44:39Z" changeset="1" lon="80.2835397" uid="1" version="1" lat="13.0764182" /><node user="OSMnx" visible="true" id="2271543116" timestamp="2026-08-18T20:44:39Z" changeset="1" lon="80.2832934" uid="1" version="1" lat="13.0766334" /><node user="OSMnx" visible="true" id="2271543119" timestamp="2026-08-18T20:44:39Z" changeset="1" lon="80.2832888" uid="1" version="1" lat="13.0767556" /><node user="OSMnx" visible="true" id="2271543123" timestamp="2026-08-18T20:44:39Z" changeset="1" lon="80.2829023" uid="1" version="1" lat="13.0772864" /><node user="OSMnx" visible="true" id="2271543126" timestamp="2026-08-18T20:44:39Z" changeset="1" lon="80.2829683" uid="1" version="1" lat="13.077321" /><node user="OSMnx" visible="true" id="2271543132" timestamp="2026-08-18T20:44:39Z" changeset="1" lon="80.2822838" uid="1" version="1" lat="13.078669" /><node user="OSMnx" visible="true" id="2271543179" timestamp="2026-08-18T20:44:39Z" changeset="1" lon="80.2808796" uid="1" version="1" lat="13.0802245" /><node user="OSMnx" visible="true" id="2271543181" timestamp="2026-08-18T20:44:39Z" changeset="1" lon="80.2809461" uid="1" version="1" lat="13.0802532" /><node user="OSMnx" visible="true" id="2271543185" timestamp="2026-08-18T20:44:39Z" changeset="1" lon="80.2807935" uid="1" version="1" lat="13.0803902" /><node user="OSMnx" visible="true" id="2271543187" timestamp="2026-08-18T20:44:39Z" changeset="1" lon="80.2808536" uid="1" version="1" lat="13.0804073" /><node user="OSMnx" visible="true" id="2271543342" timestamp="2026-08-18T20:44:39Z" changeset="1" lon="80.2807629" uid="1" version="1" lat="13.0804718" /><node user="OSMnx" visible="true" id="2271543345" timestamp="2026-08-18T20:44:39Z" changeset="1" lon="80.2808256" uid="1" version="1" lat="13.0804875" /><node user="OSMnx" visible="true" id="2271543347" timestamp="2026-08-18T20:44:39Z" changeset="1" lon="80.2806957" uid="1" version="1" lat="13.0807335" /><node user="OSMnx" visible="true" id="2271543350" timestamp="2026-08-18T20:44:39Z" changeset="1" lon="80.2807676" uid="1" version="1" lat="13.0807411" /><node user="OSMnx" visible="true" id="2271543354" timestamp="2026-08-18T20:44:39Z" changeset="1" lon="80.2807077" uid="1" version="1" lat="13.0809373" /><node user="OSMnx" visible="true" id="2271543357" timestamp="2026-08-18T20:44:39Z" changeset="1" lon="80.2807623" uid="1" version="1" lat="13.0808223" /><node user="OSMnx" visible="true" id="2271543362" timestamp="2026-08-18T20:44:39Z" changeset="1" lon="80.2808121" uid="1" version="1" lat="13.0811151" /><node user="OSMnx" visible="true" id="2271543364" timestamp="2026-08-18T20:44:39Z" changeset="1" lon="80.2810762" uid="1" version="1" lat="13.0815217" /><node user="OSMnx" visible="true" id="2271543367" timestamp="2026-08-18T20:44:39Z" changeset="1" lon="80.281023" uid="1" version="1" lat="13.0815726" /><node user="OSMnx" visible="true" id="2271543373" timestamp="2026-08-18T20:44:39Z" changeset="1" lon="80.2814444" uid="1" version="1" lat="13.0818884" /><node user="OSMnx" visible="true" id="2271543377" timestamp="2026-08-18T20:44:39Z" changeset="1" lon="80.2782268" uid="1" version="1" lat="13.0820195" /><node user="OSMnx" visible="true" id="2271543379" timestamp="2026-08-18T20:44:39Z" changeset="1" lon="80.2816179" uid="1" version="1" lat="13.0820918" /><node user="OSMnx" visible="true" id="2271543382" timestamp="2026-08-18T20:44:39Z" changeset="1" lon="80.2783988" uid="1" version="1" lat="13.0820892" /><node user="OSMnx" visible="true" id="2271543383" timestamp="2026-08-18T20:44:39Z" changeset="1" lon="80.2778503" uid="1" version="1" lat="13.0820917" /><node user="OSMnx" visible="true" id="2271543385" timestamp="2026-08-18T20:44:39Z" changeset="1" lon="80.2780161" uid="1" version="1" lat="13.0822608" /><node user="OSMnx" visible="true" id="2271543402" timestamp="2026-08-18T20:44:39Z" changeset="1" lon="80.2782213" uid="1" version="1" lat="13.0834125" /><node user="OSMnx" visible="true" id="2271543426" timestamp="2026-08-18T20:44:39Z" changeset="1" lon="80.2844352" uid="1" version="1" lat="13.0852831" /><node user="OSMnx" visible="true" id="2271543448" timestamp="2026-08-18T20:44:39Z" changeset="1" lon="80.2843995" uid="1" version="1" lat="13.0854441" /><node user="OSMnx" visible="true" id="2271543454" timestamp="2026-08-18T20:44:39Z" changeset="1" lon="80.2844947" uid="1" version="1" lat="13.0854756" /><node user="OSMnx" visible="true" id="2271543466" timestamp="2026-08-18T20:44:39Z" changeset="1" lon="80.2845284" uid="1" version="1" lat="13.0854799" /><node user="OSMnx" visible="true" id="2378582130" timestamp="2026-08-18T20:44:39Z" changeset="1" lon="80.2815167" uid="1" version="1" lat="13.0906722" /><node user="OSMnx" visible="true" id="2378582214" timestamp="2026-08-18T20:44:39Z" changeset="1" lon="80.2809722" uid="1" version="1" lat="13.0909479" /><node user="OSMnx" visible="true" id="2378610526" timestamp="2026-08-18T20:44:39Z" changeset="1" lon="80.2809465" uid="1" version="1" lat="13.0907343" /><node user="OSMnx" visible="true" id="2378610527" timestamp="2026-08-18T20:44:39Z" changeset="1" lon="80.2811234" uid="1" version="1" lat="13.0924823" /><node user="OSMnx" visible="true" id="2378611585" timestamp="2026-08-18T20:44:39Z" changeset="1" lon="80.2798928" uid="1" version="1" lat="13.0906309" /><node user="OSMnx" visible="true" id="2397809014" timestamp="2026-08-18T20:44:39Z" changeset="1" lon="80.2792865" uid="1" version="1" lat="13.0848877" /><node user="OSMnx" visible="true" id="2397809017" timestamp="2026-08-18T20:44:39Z" changeset="1" lon="80.2794797" uid="1" version="1" lat="13.0851603" /><node user="OSMnx" visible="true" id="2397809020" timestamp="2026-08-18T20:44:39Z" changeset="1" lon="80.2841821" uid="1" version="1" lat="13.0853242" /><node user="OSMnx" visible="true" id="2397809023" timestamp="2026-08-18T20:44:39Z" changeset="1" lon="80.2839205" uid="1" version="1" lat="13.0854041" /><node user="OSMnx" visible="true" id="2482057610" timestamp="2026-08-18T20:44:39Z" changeset="1" lon="80.258551" uid="1" version="1" lat="13.0745208" /><node user="OSMnx" visible="true" id="2482057611" timestamp="2026-08-18T20:44:39Z" changeset="1" lon="80.2582325" uid="1" version="1" lat="13.0744842" /><node user="OSMnx" visible="true" id="2482057614" timestamp="2026-08-18T20:44:39Z" changeset="1" lon="80.2588413" uid="1" version="1" lat="13.0746401" /><node user="OSMnx" visible="true" id="2482057615" timestamp="2026-08-18T20:44:39Z" changeset="1" lon="80.2580278" uid="1" version="1" lat="13.0745333" /><node user="OSMnx" visible="true" id="2482057624" timestamp="2026-08-18T20:44:39Z" changeset="1" lon="80.2582954" uid="1" version="1" lat="13.0748114" /><node user="OSMnx" visible="true" id="2482057629" timestamp="2026-08-18T20:44:39Z" changeset="1" lon="80.2585063" uid="1" version="1" lat="13.0750284" /><node user="OSMnx" visible="true" id="2482072926" timestamp="2026-08-18T20:44:39Z" changeset="1" lon="80.2759447" uid="1" version="1" lat="13.0816839" /><node user="OSMnx" visible="true" id="2482072932" timestamp="2026-08-18T20:44:39Z" changeset="1" lon="80.2780064" uid="1" version="1" lat="13.0819955" /><node user="OSMnx" visible="true" id="2482080923" timestamp="2026-08-18T20:44:39Z" changeset="1" lon="80.2615168" uid="1" version="1" lat="13.0747421" /><node user="OSMnx" visible="true" id="2482080925" timestamp="2026-08-18T20:44:39Z" changeset="1" lon="80.2611159" uid="1" version="1" lat="13.0747487" /><node user="OSMnx" visible="true" id="2485567635" timestamp="2026-08-18T20:44:39Z" changeset="1" lon="80.2587962" uid="1" version="1" lat="13.0871516" /><node user="OSMnx" visible="true" id="2485567680" timestamp="2026-08-18T20:44:39Z" changeset="1" lon="80.2693822" uid="1" version="1" lat="13.0906645" /><node user="OSMnx" visible="true" id="2485567682" timestamp="2026-08-18T20:44:39Z" changeset="1" lon="80.2695244" uid="1" version="1" lat="13.0908082" /><node user="OSMnx" visible="true" id="2485567776" timestamp="2026-08-18T20:44:39Z" changeset="1" lon="80.2600336" uid="1" version="1" lat="13.0923939" /><node user="OSMnx" visible="true" id="2485970110" timestamp="2026-08-18T20:44:39Z" changeset="1" lon="80.2812305" uid="1" version="1" lat="13.0931099" /><node user="OSMnx" visible="true" id="2486218916" timestamp="2026-08-18T20:44:39Z" changeset="1" lon="80.2837941" uid="1" version="1" lat="13.0926137" /><node user="OSMnx" visible="true" id="2486218918" timestamp="2026-08-18T20:44:39Z" changeset="1" lon="80.2834694" uid="1" version="1" lat="13.0926705" /><node user="OSMnx" visible="true" id="2486635733" timestamp="2026-08-18T20:44:39Z" changeset="1" lon="80.2571874" uid="1" version="1" lat="13.081955" /><node user="OSMnx" visible="true" id="2486635736" timestamp="2026-08-18T20:44:39Z" changeset="1" lon="80.2622798" uid="1" version="1" lat="13.0820954" /><node user="OSMnx" visible="true" id="2486635744" timestamp="2026-08-18T20:44:39Z" changeset="1" lon="80.2636008" uid="1" version="1" lat="13.0825204" /><node user="OSMnx" visible="true" id="2486635746" timestamp="2026-08-18T20:44:39Z" changeset="1" lon="80.2622342" uid="1" version="1" lat="13.0825462" /><node user="OSMnx" visible="true" id="2486635752" timestamp="2026-08-18T20:44:39Z" changeset="1" lon="80.2572308" uid="1" version="1" lat="13.0828782" /><node user="OSMnx" visible="true" id="2486635753" timestamp="2026-08-18T20:44:39Z" changeset="1" lon="80.2636704" uid="1" version="1" lat="13.0828969" /><node user="OSMnx" visible="true" id="2486635762" timestamp="2026-08-18T20:44:39Z" changeset="1" lon="80.2625809" uid="1" version="1" lat="13.0841567" /><node user="OSMnx" visible="true" id="2486635785" timestamp="2026-08-18T20:44:39Z" changeset="1" lon="80.2622733" uid="1" version="1" lat="13.0857497" /><node user="OSMnx" visible="true" id="2486858885" timestamp="2026-08-18T20:44:39Z" changeset="1" lon="80.2569785" uid="1" version="1" lat="13.0769857" /><node user="OSMnx" visible="true" id="2486858887" timestamp="2026-08-18T20:44:39Z" changeset="1" lon="80.2568769" uid="1" version="1" lat="13.0771793" /><node user="OSMnx" visible="true" id="2486873672" timestamp="2026-08-18T20:44:39Z" changeset="1" lon="80.2586048" uid="1" version="1" lat="13.0831828" /><node user="OSMnx" visible="true" id="2487062535" timestamp="2026-08-18T20:44:39Z" changeset="1" lon="80.257504" uid="1" version="1" lat="13.0745092" /><node user="OSMnx" visible="true" id="2487062536" timestamp="2026-08-18T20:44:39Z" changeset="1" lon="80.2575276" uid="1" version="1" lat="13.0745657" /><node user="OSMnx" visible="true" id="2487062537" timestamp="2026-08-18T20:44:39Z" changeset="1" lon="80.2575205" uid="1" version="1" lat="13.0746619" /><node user="OSMnx" visible="true" id="2487062549" timestamp="2026-08-18T20:44:39Z" changeset="1" lon="80.2575203" uid="1" version="1" lat="13.0747481" /><node user="OSMnx" visible="true" id="2487062552" timestamp="2026-08-18T20:44:39Z" changeset="1" lon="80.2576637" uid="1" version="1" lat="13.0748825" /><node user="OSMnx" visible="true" id="2487062565" timestamp="2026-08-18T20:44:39Z" changeset="1" lon="80.258038" uid="1" version="1" lat="13.0752455" /><node user="OSMnx" visible="true" id="2489157872" timestamp="2026-08-18T20:44:39Z" changeset="1" lon="80.2744964" uid="1" version="1" lat="13.0715696"><tag k="highway" v="traffic_signals" /></node><node user="OSMnx" visible="true" id="2489157873" timestamp="2026-08-18T20:44:39Z" changeset="1" lon="80.2746142" uid="1" version="1" lat="13.0716115" /><node user="OSMnx" visible="true" id="2489157875" timestamp="2026-08-18T20:44:39Z" changeset="1" lon="80.2747371" uid="1" version="1" lat="13.0716351" /><node user="OSMnx" visible="true" id="2489157876" timestamp="2026-08-18T20:44:39Z" changeset="1" lon="80.274538" uid="1" version="1" lat="13.0716919"><tag k="highway" v="traffic_signals" /></node><node user="OSMnx" visible="true" id="2489157877" timestamp="2026-08-18T20:44:39Z" changeset="1" lon="80.2740486" uid="1" version="1" lat="13.071999" /><node user="OSMnx" visible="true" id="2491497222" timestamp="2026-08-18T20:44:39Z" changeset="1" lon="80.2654871" uid="1" version="1" lat="13.0912395" /><node user="OSMnx" visible="true" id="2491497231" timestamp="2026-08-18T20:44:39Z" changeset="1" lon="80.2665204" uid="1" version="1" lat="13.0917876" /><node user="OSMnx" visible="true" id="2491497232" timestamp="2026-08-18T20:44:39Z" changeset="1" lon="80.263762" uid="1" version="1" lat="13.0922186" /><node user="OSMnx" visible="true" id="2491497233" timestamp="2026-08-18T20:44:39Z" changeset="1" lon="80.2641627" uid="1" version="1" lat="13.0922718" /><node user="OSMnx" visible="true" id="2491497251" timestamp="2026-08-18T20:44:39Z" changeset="1" lon="80.2642916" uid="1" version="1" lat="13.094203" /><node user="OSMnx" visible="true" id="2491497253" timestamp="2026-08-18T20:44:39Z" changeset="1" lon="80.2632734" uid="1" version="1" lat="13.0942187" /><node user="OSMnx" visible="true" id="2491497254" timestamp="2026-08-18T20:44:39Z" changeset="1" lon="80.2636248" uid="1" version="1" lat="13.0942209" /><node user="OSMnx" visible="true" id="2491497257" timestamp="2026-08-18T20:44:39Z" changeset="1" lon="80.2638698" uid="1" version="1" lat="13.0943211" /><node user="OSMnx" visible="true" id="2491497260" timestamp="2026-08-18T20:44:39Z" changeset="1" lon="80.2638569" uid="1" version="1" lat="13.0946734" /><node user="OSMnx" visible="true" id="3494512814" timestamp="2026-08-18T20:44:39Z" changeset="1" lon="80.2780604" uid="1" version="1" lat="13.0915608" /><node user="OSMnx" visible="true" id="3496205377" timestamp="2026-08-18T20:44:39Z" changeset="1" lon="80.2790662" uid="1" version="1" lat="13.0903945" /><node user="OSMnx" visible="true" id="3496205378" timestamp="2026-08-18T20:44:39Z" changeset="1" lon="80.2785" uid="1" version="1" lat="13.0904971" /><node user="OSMnx" visible="true" id="3496205379" timestamp="2026-08-18T20:44:39Z" changeset="1" lon="80.2792627" uid="1" version="1" lat="13.0915757" /><node user="OSMnx" visible="true" id="3496205380" timestamp="2026-08-18T20:44:39Z" changeset="1" lon="80.2780906" uid="1" version="1" lat="13.0917148" /><node user="OSMnx" visible="true" id="3496441304" timestamp="2026-08-18T20:44:39Z" changeset="1" lon="80.2781386" uid="1" version="1" lat="13.0921168" /><node user="OSMnx" visible="true" id="3496934149" timestamp="2026-08-18T20:44:39Z" changeset="1" lon="80.2778554" uid="1" version="1" lat="13.0900371" /><node user="OSMnx" visible="true" id="3496934150" timestamp="2026-08-18T20:44:39Z" changeset="1" lon="80.2764974" uid="1" version="1" lat="13.0922108" /><node user="OSMnx" visible="true" id="3496934152" timestamp="2026-08-18T20:44:39Z" changeset="1" lon="80.2766545" uid="1" version="1" lat="13.092874" /><node user="OSMnx" visible="true" id="3498442617" timestamp="2026-08-18T20:44:39Z" changeset="1" lon="80.2809969" uid="1" version="1" lat="13.0913328" /><node user="OSMnx" visible="true" id="3600413621" timestamp="2026-08-18T20:44:39Z" changeset="1" lon="80.2700933" uid="1" version="1" lat="13.0834409" /><node user="OSMnx" visible="true" id="3670178099" timestamp="2026-08-18T20:44:39Z" changeset="1" lon="80.274262" uid="1" version="1" lat="13.0927611" /><node user="OSMnx" visible="true" id="3671342248" timestamp="2026-08-18T20:44:39Z" changeset="1" lon="80.2771835" uid="1" version="1" lat="13.0839305" /><node user="OSMnx" visible="true" id="3671342250" timestamp="2026-08-18T20:44:39Z" changeset="1" lon="80.2775489" uid="1" version="1" lat="13.0854696" /><node user="OSMnx" visible="true" id="3671342251" timestamp="2026-08-18T20:44:39Z" changeset="1" lon="80.2775794" uid="1" version="1" lat="13.0859111" /><node user="OSMnx" visible="true" id="3671342254" timestamp="2026-08-18T20:44:39Z" changeset="1" lon="80.2765476" uid="1" version="1" lat="13.0924024" /><node user="OSMnx" visible="true" id="3671575827" timestamp="2026-08-18T20:44:39Z" changeset="1" lon="80.2624806" uid="1" version="1" lat="13.0928166" /><node user="OSMnx" visible="true" id="3671575828" timestamp="2026-08-18T20:44:39Z" changeset="1" lon="80.2613946" uid="1" version="1" lat="13.0929464" /><node user="OSMnx" visible="true" id="3671711885" timestamp="2026-08-18T20:44:39Z" changeset="1" lon="80.2760789" uid="1" version="1" lat="13.0932865" /><node user="OSMnx" visible="true" id="3671711886" timestamp="2026-08-18T20:44:39Z" changeset="1" lon="80.2778335" uid="1" version="1" lat="13.0935539" /><node user="OSMnx" visible="true" id="3671711887" timestamp="2026-08-18T20:44:39Z" changeset="1" lon="80.2778612" uid="1" version="1" lat="13.093723" /><node user="OSMnx" visible="true" id="3671711888" timestamp="2026-08-18T20:44:39Z" changeset="1" lon="80.2783521" uid="1" version="1" lat="13.093841" /><node user="OSMnx" visible="true" id="3671711890" timestamp="2026-08-18T20:44:39Z" changeset="1" lon="80.277996" uid="1" version="1" lat="13.094521" /><node user="OSMnx" visible="true" id="3671711893" timestamp="2026-08-18T20:44:39Z" changeset="1" lon="80.2777515" uid="1" version="1" lat="13.0960676" /><node user="OSMnx" visible="true" id="3671773241" timestamp="2026-08-18T20:44:39Z" changeset="1" lon="80.2830026" uid="1" version="1" lat="13.0888491" /><node user="OSMnx" visible="true" id="3671773244" timestamp="2026-08-18T20:44:39Z" changeset="1" lon="80.2834824" uid="1" version="1" lat="13.089026" /><node user="OSMnx" visible="true" id="3671773246" timestamp="2026-08-18T20:44:39Z" changeset="1" lon="80.2831185" uid="1" version="1" lat="13.08941" /><node user="OSMnx" visible="true" id="3671773247" timestamp="2026-08-18T20:44:39Z" changeset="1" lon="80.2831811" uid="1" version="1" lat="13.0896709" /><node user="OSMnx" visible="true" id="3671773248" timestamp="2026-08-18T20:44:39Z" changeset="1" lon="80.2793113" uid="1" version="1" lat="13.0896661" /><node user="OSMnx" visible="true" id="3671773249" timestamp="2026-08-18T20:44:39Z" changeset="1" lon="80.2826611" uid="1" version="1" lat="13.0897731" /><node user="OSMnx" visible="true" id="3671773250" timestamp="2026-08-18T20:44:39Z" changeset="1" lon="80.2832053" uid="1" version="1" lat="13.0897766" /><node user="OSMnx" visible="true" id="3671773251" timestamp="2026-08-18T20:44:39Z" changeset="1" lon="80.2836353" uid="1" version="1" lat="13.0898238" /><node user="OSMnx" visible="true" id="3671773252" timestamp="2026-08-18T20:44:39Z" changeset="1" lon="80.283651" uid="1" version="1" lat="13.0899326" /><node user="OSMnx" visible="true" id="3671773253" timestamp="2026-08-18T20:44:39Z" changeset="1" lon="80.2840969" uid="1" version="1" lat="13.0898382" /><node user="OSMnx" visible="true" id="3671773254" timestamp="2026-08-18T20:44:39Z" changeset="1" lon="80.2832627" uid="1" version="1" lat="13.0900104" /><node user="OSMnx" visible="true" id="3671773255" timestamp="2026-08-18T20:44:39Z" changeset="1" lon="80.2793895" uid="1" version="1" lat="13.090067" /><node user="OSMnx" visible="true" id="3671773256" timestamp="2026-08-18T20:44:39Z" changeset="1" lon="80.2836761" uid="1" version="1" lat="13.0901488" /><node user="OSMnx" visible="true" id="3671773257" timestamp="2026-08-18T20:44:39Z" changeset="1" lon="80.2827131" uid="1" version="1" lat="13.0901261" /><node user="OSMnx" visible="true" id="3671773258" timestamp="2026-08-18T20:44:39Z" changeset="1" lon="80.2838104" uid="1" version="1" lat="13.0904723" /><node user="OSMnx" visible="true" id="3671773259" timestamp="2026-08-18T20:44:39Z" changeset="1" lon="80.2827415" uid="1" version="1" lat="13.0903388" /><node user="OSMnx" visible="true" id="3671773260" timestamp="2026-08-18T20:44:39Z" changeset="1" lon="80.2779425" uid="1" version="1" lat="13.0906728" /><node user="OSMnx" visible="true" id="3671773261" timestamp="2026-08-18T20:44:39Z" changeset="1" lon="80.2779646" uid="1" version="1" lat="13.0909845" /><node user="OSMnx" visible="true" id="3671773262" timestamp="2026-08-18T20:44:39Z" changeset="1" lon="80.2809844" uid="1" version="1" lat="13.0911171" /><node user="OSMnx" visible="true" id="3671773263" timestamp="2026-08-18T20:44:39Z" changeset="1" lon="80.2807111" uid="1" version="1" lat="13.091371" /><node user="OSMnx" visible="true" id="3671773264" timestamp="2026-08-18T20:44:39Z" changeset="1" lon="80.2775826" uid="1" version="1" lat="13.091538" /><node user="OSMnx" visible="true" id="3671773265" timestamp="2026-08-18T20:44:39Z" changeset="1" lon="80.2804987" uid="1" version="1" lat="13.0916523" /><node user="OSMnx" visible="true" id="3671773266" timestamp="2026-08-18T20:44:39Z" changeset="1" lon="80.2771256" uid="1" version="1" lat="13.0917474" /><node user="OSMnx" visible="true" id="3671773267" timestamp="2026-08-18T20:44:39Z" changeset="1" lon="80.2776515" uid="1" version="1" lat="13.0917527" /><node user="OSMnx" visible="true" id="3671773268" timestamp="2026-08-18T20:44:39Z" changeset="1" lon="80.276805" uid="1" version="1" lat="13.0918739" /><node user="OSMnx" visible="true" id="3671773269" timestamp="2026-08-18T20:44:39Z" changeset="1" lon="80.2810504" uid="1" version="1" lat="13.0918898" /><node user="OSMnx" visible="true" id="3671773270" timestamp="2026-08-18T20:44:39Z" changeset="1" lon="80.2805554" uid="1" version="1" lat="13.0919487" /><node user="OSMnx" visible="true" id="3671773273" timestamp="2026-08-18T20:44:39Z" changeset="1" lon="80.281084" uid="1" version="1" lat="13.0921846" /><node user="OSMnx" visible="true" id="3671773274" timestamp="2026-08-18T20:44:39Z" changeset="1" lon="80.2806003" uid="1" version="1" lat="13.0922529" /><node user="OSMnx" visible="true" id="3671773275" timestamp="2026-08-18T20:44:39Z" changeset="1" lon="80.2773846" uid="1" version="1" lat="13.0926469" /><node user="OSMnx" visible="true" id="3672798655" timestamp="2026-08-18T20:44:39Z" changeset="1" lon="80.2795474" uid="1" version="1" lat="13.0910217" /><node user="OSMnx" visible="true" id="3672798656" timestamp="2026-08-18T20:44:39Z" changeset="1" lon="80.2795873" uid="1" version="1" lat="13.0912624" /><node user="OSMnx" visible="true" id="3672798657" timestamp="2026-08-18T20:44:39Z" changeset="1" lon="80.2796504" uid="1" version="1" lat="13.0916795" /><node user="OSMnx" visible="true" id="3672798658" timestamp="2026-08-18T20:44:39Z" changeset="1" lon="80.2841934" uid="1" version="1" lat="13.092034" /><node user="OSMnx" visible="true" id="3672798661" timestamp="2026-08-18T20:44:39Z" changeset="1" lon="80.284285" uid="1" version="1" lat="13.092527" /><node user="OSMnx" visible="true" id="3672798662" timestamp="2026-08-18T20:44:39Z" changeset="1" lon="80.2801533" uid="1" version="1" lat="13.0927196" /><node user="OSMnx" visible="true" id="3672798663" timestamp="2026-08-18T20:44:39Z" changeset="1" lon="80.2807686" uid="1" version="1" lat="13.0927683" /><node user="OSMnx" visible="true" id="3672798664" timestamp="2026-08-18T20:44:39Z" changeset="1" lon="80.2807825" uid="1" version="1" lat="13.0928407" /><node user="OSMnx" visible="true" id="3672798665" timestamp="2026-08-18T20:44:39Z" changeset="1" lon="80.284372" uid="1" version="1" lat="13.0929974" /><node user="OSMnx" visible="true" id="3672798666" timestamp="2026-08-18T20:44:39Z" changeset="1" lon="80.2798513" uid="1" version="1" lat="13.0931632" /><node user="OSMnx" visible="true" id="3672798667" timestamp="2026-08-18T20:44:39Z" changeset="1" lon="80.2844412" uid="1" version="1" lat="13.0933361" /><node user="OSMnx" visible="true" id="3672798668" timestamp="2026-08-18T20:44:39Z" changeset="1" lon="80.2826987" uid="1" version="1" lat="13.0933498" /><node user="OSMnx" visible="true" id="3672798669" timestamp="2026-08-18T20:44:39Z" changeset="1" lon="80.2802205" uid="1" version="1" lat="13.0933847" /><node user="OSMnx" visible="true" id="3672798670" timestamp="2026-08-18T20:44:39Z" changeset="1" lon="80.281285" uid="1" version="1" lat="13.0934044" /><node user="OSMnx" visible="true" id="3672798671" timestamp="2026-08-18T20:44:39Z" changeset="1" lon="80.2808879" uid="1" version="1" lat="13.0934319" /><node user="OSMnx" visible="true" id="3672798672" timestamp="2026-08-18T20:44:39Z" changeset="1" lon="80.283122" uid="1" version="1" lat="13.0934884" /><node user="OSMnx" visible="true" id="3672798673" timestamp="2026-08-18T20:44:39Z" changeset="1" lon="80.2799153" uid="1" version="1" lat="13.0936097" /><node user="OSMnx" visible="true" id="3672798675" timestamp="2026-08-18T20:44:39Z" changeset="1" lon="80.2812078" uid="1" version="1" lat="13.093881" /><node user="OSMnx" visible="true" id="3672798676" timestamp="2026-08-18T20:44:39Z" changeset="1" lon="80.27997" uid="1" version="1" lat="13.0938976" /><node user="OSMnx" visible="true" id="3672798678" timestamp="2026-08-18T20:44:39Z" changeset="1" lon="80.2783653" uid="1" version="1" lat="13.0939458" /><node user="OSMnx" visible="true" id="3672798681" timestamp="2026-08-18T20:44:39Z" changeset="1" lon="80.281627" uid="1" version="1" lat="13.0947211" /><node user="OSMnx" visible="true" id="3672805760" timestamp="2026-08-18T20:44:39Z" changeset="1" lon="80.284534" uid="1" version="1" lat="13.0947846" /><node user="OSMnx" visible="true" id="3672805761" timestamp="2026-08-18T20:44:39Z" changeset="1" lon="80.2843056" uid="1" version="1" lat="13.0949372" /><node user="OSMnx" visible="true" id="3672805764" timestamp="2026-08-18T20:44:39Z" changeset="1" lon="80.2838246" uid="1" version="1" lat="13.0955499" /><node user="OSMnx" visible="true" id="3672805765" timestamp="2026-08-18T20:44:39Z" changeset="1" lon="80.281478" uid="1" version="1" lat="13.0959026" /><node user="OSMnx" visible="true" id="3672805766" timestamp="2026-08-18T20:44:39Z" changeset="1" lon="80.284458" uid="1" version="1" lat="13.0959808" /><node user="OSMnx" visible="true" id="3672805767" timestamp="2026-08-18T20:44:39Z" changeset="1" lon="80.2811728" uid="1" version="1" lat="13.0961881" /><node user="OSMnx" visible="true" id="3672829570" timestamp="2026-08-18T20:44:39Z" changeset="1" lon="80.2646339" uid="1" version="1" lat="13.0692321" /><node user="OSMnx" visible="true" id="3672829571" timestamp="2026-08-18T20:44:39Z" changeset="1" lon="80.2643836" uid="1" version="1" lat="13.0692365" /><node user="OSMnx" visible="true" id="3672829572" timestamp="2026-08-18T20:44:39Z" changeset="1" lon="80.2645457" uid="1" version="1" lat="13.0694585" /><node user="OSMnx" visible="true" id="3672829573" timestamp="2026-08-18T20:44:39Z" changeset="1" lon="80.2643282" uid="1" version="1" lat="13.0694756" /><node user="OSMnx" visible="true" id="3672829574" timestamp="2026-08-18T20:44:39Z" changeset="1" lon="80.2644141" uid="1" version="1" lat="13.0695739" /><node user="OSMnx" visible="true" id="3672829575" timestamp="2026-08-18T20:44:39Z" changeset="1" lon="80.2671273" uid="1" version="1" lat="13.0695739" /><node user="OSMnx" visible="true" id="3672829576" timestamp="2026-08-18T20:44:39Z" changeset="1" lon="80.2677265" uid="1" version="1" lat="13.0696461" /><node user="OSMnx" visible="true" id="3672829577" timestamp="2026-08-18T20:44:39Z" changeset="1" lon="80.2678053" uid="1" version="1" lat="13.0696715" /><node user="OSMnx" visible="true" id="3672829578" timestamp="2026-08-18T20:44:39Z" changeset="1" lon="80.2642264" uid="1" version="1" lat="13.0697847" /><node user="OSMnx" visible="true" id="3672829579" timestamp="2026-08-18T20:44:39Z" changeset="1" lon="80.2641361" uid="1" version="1" lat="13.0698008" /><node user="OSMnx" visible="true" id="3672829580" timestamp="2026-08-18T20:44:39Z" changeset="1" lon="80.2643504" uid="1" version="1" lat="13.0699515" /><node user="OSMnx" visible="true" id="3672829583" timestamp="2026-08-18T20:44:39Z" changeset="1" lon="80.2657608" uid="1" version="1" lat="13.0725477" /><node user="OSMnx" visible="true" id="3672829584" timestamp="2026-08-18T20:44:39Z" changeset="1" lon="80.2650484" uid="1" version="1" lat="13.0747709" /><node user="OSMnx" visible="true" id="3672829585" timestamp="2026-08-18T20:44:39Z" changeset="1" lon="80.2573062" uid="1" version="1" lat="13.0750315" /><node user="OSMnx" visible="true" id="3672835982" timestamp="2026-08-18T20:44:39Z" changeset="1" lon="80.2701733" uid="1" version="1" lat="13.0718299" /><node user="OSMnx" visible="true" id="3672835983" timestamp="2026-08-18T20:44:39Z" changeset="1" lon="80.2703093" uid="1" version="1" lat="13.0735224" /><node user="OSMnx" visible="true" id="3672835984" timestamp="2026-08-18T20:44:39Z" changeset="1" lon="80.270397" uid="1" version="1" lat="13.0737278" /><node user="OSMnx" visible="true" id="3672835985" timestamp="2026-08-18T20:44:39Z" changeset="1" lon="80.2688948" uid="1" version="1" lat="13.0779706" /><node user="OSMnx" visible="true" id="3672835986" timestamp="2026-08-18T20:44:39Z" changeset="1" lon="80.2699205" uid="1" version="1" lat="13.0783429" /><node user="OSMnx" visible="true" id="3681672607" timestamp="2026-08-18T20:44:39Z" changeset="1" lon="80.2766877" uid="1" version="1" lat="13.0876922" /><node user="OSMnx" visible="true" id="3681672608" timestamp="2026-08-18T20:44:39Z" changeset="1" lon="80.2768508" uid="1" version="1" lat="13.0888913" /><node user="OSMnx" visible="true" id="3681672609" timestamp="2026-08-18T20:44:39Z" changeset="1" lon="80.2793411" uid="1" version="1" lat="13.0897704" /><node user="OSMnx" visible="true" id="3681672610" timestamp="2026-08-18T20:44:39Z" changeset="1" lon="80.2775063" uid="1" version="1" lat="13.0912603" /><node user="OSMnx" visible="true" id="3681672619" timestamp="2026-08-18T20:44:39Z" changeset="1" lon="80.2763049" uid="1" version="1" lat="13.0915439" /><node user="OSMnx" visible="true" id="3681672622" timestamp="2026-08-18T20:44:39Z" changeset="1" lon="80.2797278" uid="1" version="1" lat="13.0922291" /><node user="OSMnx" visible="true" id="3681672734" timestamp="2026-08-18T20:44:39Z" changeset="1" lon="80.2777359" uid="1" version="1" lat="13.0959418" /><node user="OSMnx" visible="true" id="3681672735" timestamp="2026-08-18T20:44:39Z" changeset="1" lon="80.2777704" uid="1" version="1" lat="13.0961249" /><node user="OSMnx" visible="true" id="3682183597" timestamp="2026-08-18T20:44:39Z" changeset="1" lon="80.2645881" uid="1" version="1" lat="13.0699394" /><node user="OSMnx" visible="true" id="3682184122" timestamp="2026-08-18T20:44:39Z" changeset="1" lon="80.2653277" uid="1" version="1" lat="13.071023" /><node user="OSMnx" visible="true" id="3682186772" timestamp="2026-08-18T20:44:39Z" changeset="1" lon="80.2652311" uid="1" version="1" lat="13.0750426" /><node user="OSMnx" visible="true" id="3682186774" timestamp="2026-08-18T20:44:39Z" changeset="1" lon="80.2650483" uid="1" version="1" lat="13.0750441" /><node user="OSMnx" visible="true" id="3682186999" timestamp="2026-08-18T20:44:39Z" changeset="1" lon="80.2643851" uid="1" version="1" lat="13.075386" /><node user="OSMnx" visible="true" id="3682187003" timestamp="2026-08-18T20:44:39Z" changeset="1" lon="80.2644823" uid="1" version="1" lat="13.0753891" /><node user="OSMnx" visible="true" id="3682187027" timestamp="2026-08-18T20:44:39Z" changeset="1" lon="80.2650646" uid="1" version="1" lat="13.0754226" /><node user="OSMnx" visible="true" id="3682187037" timestamp="2026-08-18T20:44:39Z" changeset="1" lon="80.2573158" uid="1" version="1" lat="13.0754197" /><node user="OSMnx" visible="true" id="3682187051" timestamp="2026-08-18T20:44:39Z" changeset="1" lon="80.2572005" uid="1" version="1" lat="13.0754392" /><node user="OSMnx" visible="true" id="3682215510" timestamp="2026-08-18T20:44:39Z" changeset="1" lon="80.2644562" uid="1" version="1" lat="13.0748231" /><node user="OSMnx" visible="true" id="3722974966" timestamp="2026-08-18T20:44:39Z" changeset="1" lon="80.2771008" uid="1" version="1" lat="13.0889802" /><node user="OSMnx" visible="true" id="3722974967" timestamp="2026-08-18T20:44:39Z" changeset="1" lon="80.2772342" uid="1" version="1" lat="13.089069" /><node user="OSMnx" visible="true" id="3723064406" timestamp="2026-08-18T20:44:39Z" changeset="1" lon="80.263877" uid="1" version="1" lat="13.0936985" /><node user="OSMnx" visible="true" id="3724205610" timestamp="2026-08-18T20:44:39Z" changeset="1" lon="80.2613167" uid="1" version="1" lat="13.0926556" /><node user="OSMnx" visible="true" id="3724238183" timestamp="2026-08-18T20:44:39Z" changeset="1" lon="80.2700861" uid="1" version="1" lat="13.0829485" /><node user="OSMnx" visible="true" id="3724594529" timestamp="2026-08-18T20:44:39Z" changeset="1" lon="80.2707017" uid="1" version="1" lat="13.0705468" /><node user="OSMnx" visible="true" id="3724594530" timestamp="2026-08-18T20:44:39Z" changeset="1" lon="80.2706139" uid="1" version="1" lat="13.07055" /><node user="OSMnx" visible="true" id="4001265779" timestamp="2026-08-18T20:44:39Z" changeset="1" lon="80.2605915" uid="1" version="1" lat="13.0866733" /><node user="OSMnx" visible="true" id="4001265780" timestamp="2026-08-18T20:44:39Z" changeset="1" lon="80.2604432" uid="1" version="1" lat="13.0868172" /><node user="OSMnx" visible="true" id="4001265781" timestamp="2026-08-18T20:44:39Z" changeset="1" lon="80.2575485" uid="1" version="1" lat="13.0868257" /><node user="OSMnx" visible="true" id="4001265782" timestamp="2026-08-18T20:44:39Z" changeset="1" lon="80.258891" uid="1" version="1" lat="13.0869261" /><node user="OSMnx" visible="true" id="4001265783" timestamp="2026-08-18T20:44:39Z" changeset="1" lon="80.2584337" uid="1" version="1" lat="13.0869808" /><node user="OSMnx" visible="true" id="4001265784" timestamp="2026-08-18T20:44:39Z" changeset="1" lon="80.2587143" uid="1" version="1" lat="13.0870241" /><node user="OSMnx" visible="true" id="4208462362" timestamp="2026-08-18T20:44:39Z" changeset="1" lon="80.2729494" uid="1" version="1" lat="13.0726634" /><node user="OSMnx" visible="true" id="4231841893" timestamp="2026-08-18T20:44:39Z" changeset="1" lon="80.2666046" uid="1" version="1" lat="13.0853036" /><node user="OSMnx" visible="true" id="4428682178" timestamp="2026-08-18T20:44:39Z" changeset="1" lon="80.2750642" uid="1" version="1" lat="13.081602" /><node user="OSMnx" visible="true" id="4428682179" timestamp="2026-08-18T20:44:39Z" changeset="1" lon="80.275054" uid="1" version="1" lat="13.0817081" /><node user="OSMnx" visible="true" id="5289829971" timestamp="2026-08-18T20:44:39Z" changeset="1" lon="80.2761675" uid="1" version="1" lat="13.0834865" /><node user="OSMnx" visible="true" id="5289829972" timestamp="2026-08-18T20:44:39Z" changeset="1" lon="80.2770941" uid="1" version="1" lat="13.0835995"><tag k="highway" v="crossing" /></node><node user="OSMnx" visible="true" id="5289829979" timestamp="2026-08-18T20:44:39Z" changeset="1" lon="80.2762788" uid="1" version="1" lat="13.0834996" /><node user="OSMnx" visible="true" id="5289829981" timestamp="2026-08-18T20:44:39Z" changeset="1" lon="80.2772841" uid="1" version="1" lat="13.0836177" /><node user="OSMnx" visible="true" id="5289829982" timestamp="2026-08-18T20:44:39Z" changeset="1" lon="80.2771937" uid="1" version="1" lat="13.0836069" /><node user="OSMnx" visible="true" id="5289829983" timestamp="2026-08-18T20:44:39Z" changeset="1" lon="80.2771102" uid="1" version="1" lat="13.0836368" /><node user="OSMnx" visible="true" id="5289829984" timestamp="2026-08-18T20:44:39Z" changeset="1" lon="80.277146" uid="1" version="1" lat="13.0836369" /><node user="OSMnx" visible="true" id="5362867016" timestamp="2026-08-18T20:44:39Z" changeset="1" lon="80.2701461" uid="1" version="1" lat="13.082507" /><node user="OSMnx" visible="true" id="5362867019" timestamp="2026-08-18T20:44:39Z" changeset="1" lon="80.2703201" uid="1" version="1" lat="13.0825117" /><node user="OSMnx" visible="true" id="5401053980" timestamp="2026-08-18T20:44:39Z" changeset="1" lon="80.2762663" uid="1" version="1" lat="13.0759948" /><node user="OSMnx" visible="true" id="5401053981" timestamp="2026-08-18T20:44:39Z" changeset="1" lon="80.2763729" uid="1" version="1" lat="13.0759926" /><node user="OSMnx" visible="true" id="5458724674" timestamp="2026-08-18T20:44:39Z" changeset="1" lon="80.2719336" uid="1" version="1" lat="13.0811418" /><node user="OSMnx" visible="true" id="5458724677" timestamp="2026-08-18T20:44:39Z" changeset="1" lon="80.272628" uid="1" version="1" lat="13.0812539" /><node user="OSMnx" visible="true" id="5460627724" timestamp="2026-08-18T20:44:39Z" changeset="1" lon="80.2639451" uid="1" version="1" lat="13.0808821" /><node user="OSMnx" visible="true" id="5461093581" timestamp="2026-08-18T20:44:39Z" changeset="1" lon="80.2739881" uid="1" version="1" lat="13.081527" /><node user="OSMnx" visible="true" id="5461093584" timestamp="2026-08-18T20:44:39Z" changeset="1" lon="80.271122" uid="1" version="1" lat="13.0810532" /><node user="OSMnx" visible="true" id="5461586118" timestamp="2026-08-18T20:44:39Z" changeset="1" lon="80.2731594" uid="1" version="1" lat="13.0820798" /><node user="OSMnx" visible="true" id="5461586524" timestamp="2026-08-18T20:44:39Z" changeset="1" lon="80.2730552" uid="1" version="1" lat="13.0826439" /><node user="OSMnx" visible="true" id="5461586526" timestamp="2026-08-18T20:44:39Z" changeset="1" lon="80.2730761" uid="1" version="1" lat="13.0824918" /><node user="OSMnx" visible="true" id="5461586538" timestamp="2026-08-18T20:44:39Z" changeset="1" lon="80.2733598" uid="1" version="1" lat="13.0815109" /><node user="OSMnx" visible="true" id="5562445713" timestamp="2026-08-18T20:44:39Z" changeset="1" lon="80.2792435" uid="1" version="1" lat="13.0845852" /><node user="OSMnx" visible="true" id="5562445714" timestamp="2026-08-18T20:44:39Z" changeset="1" lon="80.2793323" uid="1" version="1" lat="13.0845727" /><node user="OSMnx" visible="true" id="5562445715" timestamp="2026-08-18T20:44:39Z" changeset="1" lon="80.2837658" uid="1" version="1" lat="13.085356" /><node user="OSMnx" visible="true" id="5562445716" timestamp="2026-08-18T20:44:39Z" changeset="1" lon="80.2838306" uid="1" version="1" lat="13.0852848" /><node user="OSMnx" visible="true" id="5562445717" timestamp="2026-08-18T20:44:39Z" changeset="1" lon="80.2838494" uid="1" version="1" lat="13.0852064" /><node user="OSMnx" visible="true" id="5562445718" timestamp="2026-08-18T20:44:39Z" changeset="1" lon="80.2838377" uid="1" version="1" lat="13.0851331" /><node user="OSMnx" visible="true" id="5625312408" timestamp="2026-08-18T20:44:39Z" changeset="1" lon="80.2572156" uid="1" version="1" lat="13.0839785" /><node user="OSMnx" visible="true" id="5744866563" timestamp="2026-08-18T20:44:39Z" changeset="1" lon="80.2570546" uid="1" version="1" lat="13.0697651" /><node user="OSMnx" visible="true" id="5745444301" timestamp="2026-08-18T20:44:39Z" changeset="1" lon="80.2761117" uid="1" version="1" lat="13.0776568" /><node user="OSMnx" visible="true" id="5745448489" timestamp="2026-08-18T20:44:39Z" changeset="1" lon="80.264394" uid="1" version="1" lat="13.0747468" /><node user="OSMnx" visible="true" id="5939143271" timestamp="2026-08-18T20:44:39Z" changeset="1" lon="80.2837428" uid="1" version="1" lat="13.0950347" /><node user="OSMnx" visible="true" id="5939197605" timestamp="2026-08-18T20:44:39Z" changeset="1" lon="80.2808888" uid="1" version="1" lat="13.0803358" /><node user="OSMnx" visible="true" id="5939197606" timestamp="2026-08-18T20:44:39Z" changeset="1" lon="80.2808397" uid="1" version="1" lat="13.0802865" /><node user="OSMnx" visible="true" id="5939197607" timestamp="2026-08-18T20:44:39Z" changeset="1" lon="80.2807381" uid="1" version="1" lat="13.0805579" /><node user="OSMnx" visible="true" id="5939197608" timestamp="2026-08-18T20:44:39Z" changeset="1" lon="80.2808016" uid="1" version="1" lat="13.0805753" /><node user="OSMnx" visible="true" id="5939197609" timestamp="2026-08-18T20:44:39Z" changeset="1" lon="80.2806986" uid="1" version="1" lat="13.0808833" /><node user="OSMnx" visible="true" id="5939197610" timestamp="2026-08-18T20:44:39Z" changeset="1" lon="80.280711" uid="1" version="1" lat="13.0806469" /><node user="OSMnx" visible="true" id="5939197611" timestamp="2026-08-18T20:44:39Z" changeset="1" lon="80.2807817" uid="1" version="1" lat="13.0806649" /><node user="OSMnx" visible="true" id="5939197612" timestamp="2026-08-18T20:44:39Z" changeset="1" lon="80.2809879" uid="1" version="1" lat="13.0800941" /><node user="OSMnx" visible="true" id="5939197622" timestamp="2026-08-18T20:44:39Z" changeset="1" lon="80.2820156" uid="1" version="1" lat="13.0791132" /><node user="OSMnx" visible="true" id="5939197623" timestamp="2026-08-18T20:44:39Z" changeset="1" lon="80.2822029" uid="1" version="1" lat="13.0789046" /><node user="OSMnx" visible="true" id="5939197624" timestamp="2026-08-18T20:44:39Z" changeset="1" lon="80.2807847" uid="1" version="1" lat="13.0810068" /><node user="OSMnx" visible="true" id="5939197625" timestamp="2026-08-18T20:44:39Z" changeset="1" lon="80.280731" uid="1" version="1" lat="13.0810428" /><node user="OSMnx" visible="true" id="5939197626" timestamp="2026-08-18T20:44:39Z" changeset="1" lon="80.2807689" uid="1" version="1" lat="13.0809135" /><node user="OSMnx" visible="true" id="5939197627" timestamp="2026-08-18T20:44:39Z" changeset="1" lon="80.2808566" uid="1" version="1" lat="13.0812347" /><node user="OSMnx" visible="true" id="5939197628" timestamp="2026-08-18T20:44:39Z" changeset="1" lon="80.280817" uid="1" version="1" lat="13.0812828" /><node user="OSMnx" visible="true" id="5939197629" timestamp="2026-08-18T20:44:39Z" changeset="1" lon="80.2809504" uid="1" version="1" lat="13.0813874" /><node user="OSMnx" visible="true" id="5939197630" timestamp="2026-08-18T20:44:39Z" changeset="1" lon="80.280894" uid="1" version="1" lat="13.0814192" /><node user="OSMnx" visible="true" id="6242701265" timestamp="2026-08-18T20:44:39Z" changeset="1" lon="80.2582609" uid="1" version="1" lat="13.0707304" /><node user="OSMnx" visible="true" id="6242701266" timestamp="2026-08-18T20:44:39Z" changeset="1" lon="80.2584816" uid="1" version="1" lat="13.0704721" /><node user="OSMnx" visible="true" id="6242701267" timestamp="2026-08-18T20:44:39Z" changeset="1" lon="80.2588267" uid="1" version="1" lat="13.070076" /><node user="OSMnx" visible="true" id="6242701268" timestamp="2026-08-18T20:44:39Z" changeset="1" lon="80.2589161" uid="1" version="1" lat="13.0699109" /><node user="OSMnx" visible="true" id="6242701269" timestamp="2026-08-18T20:44:39Z" changeset="1" lon="80.258913" uid="1" version="1" lat="13.0697668" /><node user="OSMnx" visible="true" id="6273945273" timestamp="2026-08-18T20:44:39Z" changeset="1" lon="80.2780905" uid="1" version="1" lat="13.0830259" /><node user="OSMnx" visible="true" id="6455707707" timestamp="2026-08-18T20:44:39Z" changeset="1" lon="80.2611099" uid="1" version="1" lat="13.0712493" /><node user="OSMnx" visible="true" id="6455707708" timestamp="2026-08-18T20:44:39Z" changeset="1" lon="80.2612193" uid="1" version="1" lat="13.0729209" /><node user="OSMnx" visible="true" id="6539506031" timestamp="2026-08-18T20:44:39Z" changeset="1" lon="80.2730842" uid="1" version="1" lat="13.0698825" /><node user="OSMnx" visible="true" id="6539506040" timestamp="2026-08-18T20:44:39Z" changeset="1" lon="80.2726449" uid="1" version="1" lat="13.069515" /><node user="OSMnx" visible="true" id="6539506041" timestamp="2026-08-18T20:44:39Z" changeset="1" lon="80.2728784" uid="1" version="1" lat="13.0697211" /><node user="OSMnx" visible="true" id="6539506073" timestamp="2026-08-18T20:44:39Z" changeset="1" lon="80.2774413" uid="1" version="1" lat="13.0698606" /><node user="OSMnx" visible="true" id="6539506074" timestamp="2026-08-18T20:44:39Z" changeset="1" lon="80.2775078" uid="1" version="1" lat="13.0699381" /><node user="OSMnx" visible="true" id="6595646915" timestamp="2026-08-18T20:44:39Z" changeset="1" lon="80.2591593" uid="1" version="1" lat="13.0756491" /><node user="OSMnx" visible="true" id="6595667897" timestamp="2026-08-18T20:44:39Z" changeset="1" lon="80.2601604" uid="1" version="1" lat="13.0766626" /><node user="OSMnx" visible="true" id="6595667918" timestamp="2026-08-18T20:44:39Z" changeset="1" lon="80.2597017" uid="1" version="1" lat="13.0761583" /><node user="OSMnx" visible="true" id="6790559844" timestamp="2026-08-18T20:44:39Z" changeset="1" lon="80.2618455" uid="1" version="1" lat="13.0729343" /><node user="OSMnx" visible="true" id="6805026513" timestamp="2026-08-18T20:44:39Z" changeset="1" lon="80.2570839" uid="1" version="1" lat="13.0692564" /><node user="OSMnx" visible="true" id="6812099433" timestamp="2026-08-18T20:44:39Z" changeset="1" lon="80.268225" uid="1" version="1" lat="13.0849628" /><node user="OSMnx" visible="true" id="6819785285" timestamp="2026-08-18T20:44:39Z" changeset="1" lon="80.2741532" uid="1" version="1" lat="13.0718297" /><node user="OSMnx" visible="true" id="6819785286" timestamp="2026-08-18T20:44:39Z" changeset="1" lon="80.2744053" uid="1" version="1" lat="13.0719741" /><node user="OSMnx" visible="true" id="6819785287" timestamp="2026-08-18T20:44:39Z" changeset="1" lon="80.274471" uid="1" version="1" lat="13.0719839" /><node user="OSMnx" visible="true" id="6819785288" timestamp="2026-08-18T20:44:39Z" changeset="1" lon="80.2743423" uid="1" version="1" lat="13.071976" /><node user="OSMnx" visible="true" id="6819785289" timestamp="2026-08-18T20:44:39Z" changeset="1" lon="80.2742752" uid="1" version="1" lat="13.0719917" /><node user="OSMnx" visible="true" id="6819785290" timestamp="2026-08-18T20:44:39Z" changeset="1" lon="80.2741867" uid="1" version="1" lat="13.0720779" /><node user="OSMnx" visible="true" id="6819785291" timestamp="2026-08-18T20:44:39Z" changeset="1" lon="80.2740821" uid="1" version="1" lat="13.0721818" /><node user="OSMnx" visible="true" id="6819785292" timestamp="2026-08-18T20:44:39Z" changeset="1" lon="80.2746615" uid="1" version="1" lat="13.07175" /><node user="OSMnx" visible="true" id="6819785293" timestamp="2026-08-18T20:44:39Z" changeset="1" lon="80.2739856" uid="1" version="1" lat="13.0721132" /><node user="OSMnx" visible="true" id="6819785294" timestamp="2026-08-18T20:44:39Z" changeset="1" lon="80.274064" uid="1" version="1" lat="13.0721406" /><node user="OSMnx" visible="true" id="6851625298" timestamp="2026-08-18T20:44:39Z" changeset="1" lon="80.2735303" uid="1" version="1" lat="13.0736349" /><node user="OSMnx" visible="true" id="7010373489" timestamp="2026-08-18T20:44:39Z" changeset="1" lon="80.2584228" uid="1" version="1" lat="13.0792811" /><node user="OSMnx" visible="true" id="7010373496" timestamp="2026-08-18T20:44:39Z" changeset="1" lon="80.2614318" uid="1" version="1" lat="13.0798271" /><node user="OSMnx" visible="true" id="7018660966" timestamp="2026-08-18T20:44:39Z" changeset="1" lon="80.2698708" uid="1" version="1" lat="13.0884649" /><node user="OSMnx" visible="true" id="7018660967" timestamp="2026-08-18T20:44:39Z" changeset="1" lon="80.2697817" uid="1" version="1" lat="13.0884598" /><node user="OSMnx" visible="true" id="7018660968" timestamp="2026-08-18T20:44:39Z" changeset="1" lon="80.2691187" uid="1" version="1" lat="13.0884577" /><node user="OSMnx" visible="true" id="7018660969" timestamp="2026-08-18T20:44:39Z" changeset="1" lon="80.2684884" uid="1" version="1" lat="13.0885753" /><node user="OSMnx" visible="true" id="7018666157" timestamp="2026-08-18T20:44:39Z" changeset="1" lon="80.2654063" uid="1" version="1" lat="13.0745645" /><node user="OSMnx" visible="true" id="7024755476" timestamp="2026-08-18T20:44:39Z" changeset="1" lon="80.2597618" uid="1" version="1" lat="13.070961" /><node user="OSMnx" visible="true" id="7024755477" timestamp="2026-08-18T20:44:39Z" changeset="1" lon="80.2594668" uid="1" version="1" lat="13.0708042" /><node user="OSMnx" visible="true" id="7024755478" timestamp="2026-08-18T20:44:39Z" changeset="1" lon="80.2591851" uid="1" version="1" lat="13.0706919" /><node user="OSMnx" visible="true" id="7024755479" timestamp="2026-08-18T20:44:39Z" changeset="1" lon="80.2587117" uid="1" version="1" lat="13.0704711" /><node user="OSMnx" visible="true" id="7024755480" timestamp="2026-08-18T20:44:39Z" changeset="1" lon="80.2583613" uid="1" version="1" lat="13.0708248" /><node user="OSMnx" visible="true" id="7027597560" timestamp="2026-08-18T20:44:39Z" changeset="1" lon="80.2573802" uid="1" version="1" lat="13.0792636" /><node user="OSMnx" visible="true" id="7030452351" timestamp="2026-08-18T20:44:39Z" changeset="1" lon="80.270656" uid="1" version="1" lat="13.0833269" /><node user="OSMnx" visible="true" id="7030702544" timestamp="2026-08-18T20:44:39Z" changeset="1" lon="80.2659957" uid="1" version="1" lat="13.0709002" /><node user="OSMnx" visible="true" id="7030702545" timestamp="2026-08-18T20:44:39Z" changeset="1" lon="80.2659738" uid="1" version="1" lat="13.0702993" /><node user="OSMnx" visible="true" id="7042973673" timestamp="2026-08-18T20:44:39Z" changeset="1" lon="80.2787391" uid="1" version="1" lat="13.0827673" /><node user="OSMnx" visible="true" id="7042973676" timestamp="2026-08-18T20:44:39Z" changeset="1" lon="80.2789567" uid="1" version="1" lat="13.083249" /><node user="OSMnx" visible="true" id="7045397326" timestamp="2026-08-18T20:44:39Z" changeset="1" lon="80.2656779" uid="1" version="1" lat="13.0838417" /><node user="OSMnx" visible="true" id="7045397327" timestamp="2026-08-18T20:44:39Z" changeset="1" lon="80.2655455" uid="1" version="1" lat="13.0828775" /><node user="OSMnx" visible="true" id="7048451836" timestamp="2026-08-18T20:44:39Z" changeset="1" lon="80.2703704" uid="1" version="1" lat="13.0852101" /><node user="OSMnx" visible="true" id="7048451837" timestamp="2026-08-18T20:44:39Z" changeset="1" lon="80.2702912" uid="1" version="1" lat="13.0851927" /><node user="OSMnx" visible="true" id="7050749853" timestamp="2026-08-18T20:44:39Z" changeset="1" lon="80.2626118" uid="1" version="1" lat="13.0779293" /><node user="OSMnx" visible="true" id="7050749856" timestamp="2026-08-18T20:44:39Z" changeset="1" lon="80.2618437" uid="1" version="1" lat="13.077686" /><node user="OSMnx" visible="true" id="7051244628" timestamp="2026-08-18T20:44:39Z" changeset="1" lon="80.2611062" uid="1" version="1" lat="13.0947132" /><node user="OSMnx" visible="true" id="7051244629" timestamp="2026-08-18T20:44:39Z" changeset="1" lon="80.2602423" uid="1" version="1" lat="13.0948118" /><node user="OSMnx" visible="true" id="7153909000" timestamp="2026-08-18T20:44:39Z" changeset="1" lon="80.267331" uid="1" version="1" lat="13.0937964" /><node user="OSMnx" visible="true" id="7153909001" timestamp="2026-08-18T20:44:39Z" changeset="1" lon="80.2679104" uid="1" version="1" lat="13.0937467" /><node user="OSMnx" visible="true" id="7153909002" timestamp="2026-08-18T20:44:39Z" changeset="1" lon="80.2684213" uid="1" version="1" lat="13.0937245" /><node user="OSMnx" visible="true" id="7153909003" timestamp="2026-08-18T20:44:39Z" changeset="1" lon="80.2686019" uid="1" version="1" lat="13.0937566" /><node user="OSMnx" visible="true" id="7169942563" timestamp="2026-08-18T20:44:39Z" changeset="1" lon="80.2600332" uid="1" version="1" lat="13.0947866" /><node user="OSMnx" visible="true" id="7169942564" timestamp="2026-08-18T20:44:39Z" changeset="1" lon="80.259543" uid="1" version="1" lat="13.0947643" /><node user="OSMnx" visible="true" id="7169942565" timestamp="2026-08-18T20:44:39Z" changeset="1" lon="80.260036" uid="1" version="1" lat="13.0945808" /><node user="OSMnx" visible="true" id="7169942566" timestamp="2026-08-18T20:44:39Z" changeset="1" lon="80.2595401" uid="1" version="1" lat="13.0945609" /><node user="OSMnx" visible="true" id="7169942567" timestamp="2026-08-18T20:44:39Z" changeset="1" lon="80.259544" uid="1" version="1" lat="13.0943615" /><node user="OSMnx" visible="true" id="7170107136" timestamp="2026-08-18T20:44:39Z" changeset="1" lon="80.2593548" uid="1" version="1" lat="13.0719003" /><node user="OSMnx" visible="true" id="7170122933" timestamp="2026-08-18T20:44:39Z" changeset="1" lon="80.2599226" uid="1" version="1" lat="13.0723383" /><node user="OSMnx" visible="true" id="7170122934" timestamp="2026-08-18T20:44:39Z" changeset="1" lon="80.2604047" uid="1" version="1" lat="13.072753" /><node user="OSMnx" visible="true" id="7170122935" timestamp="2026-08-18T20:44:39Z" changeset="1" lon="80.2596219" uid="1" version="1" lat="13.0721737" /><node user="OSMnx" visible="true" id="7258263498" timestamp="2026-08-18T20:44:39Z" changeset="1" lon="80.2629619" uid="1" version="1" lat="13.0779624" /><node user="OSMnx" visible="true" id="7258263501" timestamp="2026-08-18T20:44:39Z" changeset="1" lon="80.262731" uid="1" version="1" lat="13.0778872" /><node user="OSMnx" visible="true" id="7266849608" timestamp="2026-08-18T20:44:39Z" changeset="1" lon="80.2621548" uid="1" version="1" lat="13.0742061" /><node user="OSMnx" visible="true" id="7266849609" timestamp="2026-08-18T20:44:39Z" changeset="1" lon="80.2617037" uid="1" version="1" lat="13.0747128" /><node user="OSMnx" visible="true" id="7266849610" timestamp="2026-08-18T20:44:39Z" changeset="1" lon="80.2616715" uid="1" version="1" lat="13.074347" /><node user="OSMnx" visible="true" id="7266849611" timestamp="2026-08-18T20:44:39Z" changeset="1" lon="80.2616823" uid="1" version="1" lat="13.0742582" /><node user="OSMnx" visible="true" id="7266849612" timestamp="2026-08-18T20:44:39Z" changeset="1" lon="80.2617225" uid="1" version="1" lat="13.074172" /><node user="OSMnx" visible="true" id="7266849613" timestamp="2026-08-18T20:44:39Z" changeset="1" lon="80.2618886" uid="1" version="1" lat="13.0739823" /><node user="OSMnx" visible="true" id="7412932325" timestamp="2026-08-18T20:44:39Z" changeset="1" lon="80.2838631" uid="1" version="1" lat="13.0883365" /><node user="OSMnx" visible="true" id="7680692821" timestamp="2026-08-18T20:44:39Z" changeset="1" lon="80.2747888" uid="1" version="1" lat="13.0816988" /><node user="OSMnx" visible="true" id="7837970210" timestamp="2026-08-18T20:44:39Z" changeset="1" lon="80.2747988" uid="1" version="1" lat="13.0815952" /><node user="OSMnx" visible="true" id="8291970861" timestamp="2026-08-18T20:44:39Z" changeset="1" lon="80.2754581" uid="1" version="1" lat="13.0817225" /><node user="OSMnx" visible="true" id="8291990084" timestamp="2026-08-18T20:44:39Z" changeset="1" lon="80.2763261" uid="1" version="1" lat="13.07792" /><node user="OSMnx" visible="true" id="8291990086" timestamp="2026-08-18T20:44:39Z" changeset="1" lon="80.2754913" uid="1" version="1" lat="13.0784801" /><node user="OSMnx" visible="true" id="8291990087" timestamp="2026-08-18T20:44:39Z" changeset="1" lon="80.2759597" uid="1" version="1" lat="13.0783261" /><node user="OSMnx" visible="true" id="8291990088" timestamp="2026-08-18T20:44:39Z" changeset="1" lon="80.2752838" uid="1" version="1" lat="13.0789035" /><node user="OSMnx" visible="true" id="8291990089" timestamp="2026-08-18T20:44:39Z" changeset="1" lon="80.2752931" uid="1" version="1" lat="13.0787755" /><node user="OSMnx" visible="true" id="8291990090" timestamp="2026-08-18T20:44:39Z" changeset="1" lon="80.2753278" uid="1" version="1" lat="13.0786644" /><node user="OSMnx" visible="true" id="8292006325" timestamp="2026-08-18T20:44:39Z" changeset="1" lon="80.2704649" uid="1" version="1" lat="13.084182" /><node user="OSMnx" visible="true" id="8292006330" timestamp="2026-08-18T20:44:39Z" changeset="1" lon="80.2709135" uid="1" version="1" lat="13.0814521" /><node user="OSMnx" visible="true" id="8444938243" timestamp="2026-08-18T20:44:39Z" changeset="1" lon="80.2771888" uid="1" version="1" lat="13.0869201" /><node user="OSMnx" visible="true" id="8629128208" timestamp="2026-08-18T20:44:39Z" changeset="1" lon="80.2690812" uid="1" version="1" lat="13.0856408" /><node user="OSMnx" visible="true" id="8637212925" timestamp="2026-08-18T20:44:39Z" changeset="1" lon="80.2752902" uid="1" version="1" lat="13.0788153" /><node user="OSMnx" visible="true" id="9169440382" timestamp="2026-08-18T20:44:39Z" changeset="1" lon="80.270875" uid="1" version="1" lat="13.0817452" /><node user="OSMnx" visible="true" id="9187378767" timestamp="2026-08-18T20:44:39Z" changeset="1" lon="80.2827512" uid="1" version="1" lat="13.0937011" /><node user="OSMnx" visible="true" id="9187378768" timestamp="2026-08-18T20:44:39Z" changeset="1" lon="80.2819787" uid="1" version="1" lat="13.0938562" /><node user="OSMnx" visible="true" id="9187378770" timestamp="2026-08-18T20:44:39Z" changeset="1" lon="80.284321" uid="1" version="1" lat="13.0927051" /><node user="OSMnx" visible="true" id="9187378773" timestamp="2026-08-18T20:44:39Z" changeset="1" lon="80.282405" uid="1" version="1" lat="13.0856167" /><node user="OSMnx" visible="true" id="9187378775" timestamp="2026-08-18T20:44:39Z" changeset="1" lon="80.2681815" uid="1" version="1" lat="13.0840635" /><node user="OSMnx" visible="true" id="9187378776" timestamp="2026-08-18T20:44:39Z" changeset="1" lon="80.2681818" uid="1" version="1" lat="13.0833352" /><node user="OSMnx" visible="true" id="9187378778" timestamp="2026-08-18T20:44:39Z" changeset="1" lon="80.2690567" uid="1" version="1" lat="13.0828081" /><node user="OSMnx" visible="true" id="9187378780" timestamp="2026-08-18T20:44:39Z" changeset="1" lon="80.2690663" uid="1" version="1" lat="13.0829479" /><node user="OSMnx" visible="true" id="9187378781" timestamp="2026-08-18T20:44:39Z" changeset="1" lon="80.2679991" uid="1" version="1" lat="13.0810561" /><node user="OSMnx" visible="true" id="9187378783" timestamp="2026-08-18T20:44:39Z" changeset="1" lon="80.267468" uid="1" version="1" lat="13.0811136" /><node user="OSMnx" visible="true" id="9187378784" timestamp="2026-08-18T20:44:39Z" changeset="1" lon="80.2669242" uid="1" version="1" lat="13.0811162" /><node user="OSMnx" visible="true" id="9187378785" timestamp="2026-08-18T20:44:39Z" changeset="1" lon="80.2703792" uid="1" version="1" lat="13.0820856" /><node user="OSMnx" visible="true" id="9187378786" timestamp="2026-08-18T20:44:39Z" changeset="1" lon="80.2700137" uid="1" version="1" lat="13.0821327" /><node user="OSMnx" visible="true" id="9187378787" timestamp="2026-08-18T20:44:39Z" changeset="1" lon="80.2695893" uid="1" version="1" lat="13.0821431" /><node user="OSMnx" visible="true" id="9187378789" timestamp="2026-08-18T20:44:39Z" changeset="1" lon="80.2623528" uid="1" version="1" lat="13.0817934" /><node user="OSMnx" visible="true" id="9187378800" timestamp="2026-08-18T20:44:39Z" changeset="1" lon="80.2623411" uid="1" version="1" lat="13.0831149" /><node user="OSMnx" visible="true" id="9187378802" timestamp="2026-08-18T20:44:39Z" changeset="1" lon="80.2691979" uid="1" version="1" lat="13.088458" /><node user="OSMnx" visible="true" id="9187378803" timestamp="2026-08-18T20:44:39Z" changeset="1" lon="80.2691228" uid="1" version="1" lat="13.0879954" /><node user="OSMnx" visible="true" id="9187378804" timestamp="2026-08-18T20:44:39Z" changeset="1" lon="80.2670231" uid="1" version="1" lat="13.0882275" /><node user="OSMnx" visible="true" id="9187378805" timestamp="2026-08-18T20:44:39Z" changeset="1" lon="80.267964" uid="1" version="1" lat="13.0882356" /><node user="OSMnx" visible="true" id="9187378808" timestamp="2026-08-18T20:44:39Z" changeset="1" lon="80.2679503" uid="1" version="1" lat="13.088565" /><node user="OSMnx" visible="true" id="9187378811" timestamp="2026-08-18T20:44:39Z" changeset="1" lon="80.2670255" uid="1" version="1" lat="13.0885694" /><node user="OSMnx" visible="true" id="9187378812" timestamp="2026-08-18T20:44:39Z" changeset="1" lon="80.2679837" uid="1" version="1" lat="13.0877602" /><node user="OSMnx" visible="true" id="9187378814" timestamp="2026-08-18T20:44:39Z" changeset="1" lon="80.2651812" uid="1" version="1" lat="13.0924835" /><node user="OSMnx" visible="true" id="9187378815" timestamp="2026-08-18T20:44:39Z" changeset="1" lon="80.2656331" uid="1" version="1" lat="13.0924221" /><node user="OSMnx" visible="true" id="9187378816" timestamp="2026-08-18T20:44:39Z" changeset="1" lon="80.2612151" uid="1" version="1" lat="13.0911776" /><node user="OSMnx" visible="true" id="9187378817" timestamp="2026-08-18T20:44:39Z" changeset="1" lon="80.2610864" uid="1" version="1" lat="13.0904438" /><node user="OSMnx" visible="true" id="9187378819" timestamp="2026-08-18T20:44:39Z" changeset="1" lon="80.2593732" uid="1" version="1" lat="13.0934906" /><node user="OSMnx" visible="true" id="9189159026" timestamp="2026-08-18T20:44:39Z" changeset="1" lon="80.2782047" uid="1" version="1" lat="13.0753998" /><node user="OSMnx" visible="true" id="9189159031" timestamp="2026-08-18T20:44:39Z" changeset="1" lon="80.277577" uid="1" version="1" lat="13.0747948" /><node user="OSMnx" visible="true" id="9189159037" timestamp="2026-08-18T20:44:39Z" changeset="1" lon="80.2836332" uid="1" version="1" lat="13.0763291" /><node user="OSMnx" visible="true" id="9189159045" timestamp="2026-08-18T20:44:39Z" changeset="1" lon="80.2728342" uid="1" version="1" lat="13.076667" /><node user="OSMnx" visible="true" id="9189159047" timestamp="2026-08-18T20:44:39Z" changeset="1" lon="80.2706235" uid="1" version="1" lat="13.0765991" /><node user="OSMnx" visible="true" id="9189159048" timestamp="2026-08-18T20:44:39Z" changeset="1" lon="80.2700896" uid="1" version="1" lat="13.0767454" /><node user="OSMnx" visible="true" id="9189159049" timestamp="2026-08-18T20:44:39Z" changeset="1" lon="80.2704465" uid="1" version="1" lat="13.0783807" /><node user="OSMnx" visible="true" id="9189159050" timestamp="2026-08-18T20:44:39Z" changeset="1" lon="80.2684406" uid="1" version="1" lat="13.0771687" /><node user="OSMnx" visible="true" id="9189159060" timestamp="2026-08-18T20:44:39Z" changeset="1" lon="80.2644934" uid="1" version="1" lat="13.0745484" /><node user="OSMnx" visible="true" id="9189159100" timestamp="2026-08-18T20:44:39Z" changeset="1" lon="80.2586728" uid="1" version="1" lat="13.0805277" /><node user="OSMnx" visible="true" id="9189159102" timestamp="2026-08-18T20:44:39Z" changeset="1" lon="80.2586175" uid="1" version="1" lat="13.0809511" /><node user="OSMnx" visible="true" id="9189159104" timestamp="2026-08-18T20:44:39Z" changeset="1" lon="80.2578083" uid="1" version="1" lat="13.0810965" /><node user="OSMnx" visible="true" id="9189159105" timestamp="2026-08-18T20:44:39Z" changeset="1" lon="80.2585796" uid="1" version="1" lat="13.0830731" /><node user="OSMnx" visible="true" id="9189159106" timestamp="2026-08-18T20:44:39Z" changeset="1" lon="80.2584529" uid="1" version="1" lat="13.0831045" /><node user="OSMnx" visible="true" id="9189159107" timestamp="2026-08-18T20:44:39Z" changeset="1" lon="80.2576908" uid="1" version="1" lat="13.0831384" /><node user="OSMnx" visible="true" id="9189159111" timestamp="2026-08-18T20:44:39Z" changeset="1" lon="80.2664687" uid="1" version="1" lat="13.0878442" /><node user="OSMnx" visible="true" id="9189159112" timestamp="2026-08-18T20:44:39Z" changeset="1" lon="80.2665125" uid="1" version="1" lat="13.0888942" /><node user="OSMnx" visible="true" id="9189159113" timestamp="2026-08-18T20:44:39Z" changeset="1" lon="80.2670402" uid="1" version="1" lat="13.0888985" /><node user="OSMnx" visible="true" id="9189159114" timestamp="2026-08-18T20:44:39Z" changeset="1" lon="80.267937" uid="1" version="1" lat="13.0888838" /><node user="OSMnx" visible="true" id="9189159115" timestamp="2026-08-18T20:44:39Z" changeset="1" lon="80.267572" uid="1" version="1" lat="13.0945811" /><node user="OSMnx" visible="true" id="9189163019" timestamp="2026-08-18T20:44:39Z" changeset="1" lon="80.2665955" uid="1" version="1" lat="13.094953" /><node user="OSMnx" visible="true" id="9189163022" timestamp="2026-08-18T20:44:39Z" changeset="1" lon="80.267019" uid="1" version="1" lat="13.0961711" /><node user="OSMnx" visible="true" id="9189163024" timestamp="2026-08-18T20:44:39Z" changeset="1" lon="80.2663863" uid="1" version="1" lat="13.0958737" /><node user="OSMnx" visible="true" id="9189163025" timestamp="2026-08-18T20:44:39Z" changeset="1" lon="80.2661958" uid="1" version="1" lat="13.0951202" /><node user="OSMnx" visible="true" id="9189163026" timestamp="2026-08-18T20:44:39Z" changeset="1" lon="80.2650712" uid="1" version="1" lat="13.0949409" /><node user="OSMnx" visible="true" id="9189163027" timestamp="2026-08-18T20:44:39Z" changeset="1" lon="80.2652579" uid="1" version="1" lat="13.09489" /><node user="OSMnx" visible="true" id="9189163028" timestamp="2026-08-18T20:44:39Z" changeset="1" lon="80.2599311" uid="1" version="1" lat="13.0934868" /><node user="OSMnx" visible="true" id="9189163031" timestamp="2026-08-18T20:44:39Z" changeset="1" lon="80.2606144" uid="1" version="1" lat="13.0884814" /><node user="OSMnx" visible="true" id="9189163032" timestamp="2026-08-18T20:44:39Z" changeset="1" lon="80.2610869" uid="1" version="1" lat="13.0885284" /><node user="OSMnx" visible="true" id="9189163033" timestamp="2026-08-18T20:44:39Z" changeset="1" lon="80.2578155" uid="1" version="1" lat="13.0847454" /><node user="OSMnx" visible="true" id="9189163034" timestamp="2026-08-18T20:44:39Z" changeset="1" lon="80.2575208" uid="1" version="1" lat="13.0858684" /><node user="OSMnx" visible="true" id="9189163049" timestamp="2026-08-18T20:44:39Z" changeset="1" lon="80.2588437" uid="1" version="1" lat="13.0940565" /><node user="OSMnx" visible="true" id="9189163050" timestamp="2026-08-18T20:44:39Z" changeset="1" lon="80.2588177" uid="1" version="1" lat="13.0940565" /><node user="OSMnx" visible="true" id="9189163051" timestamp="2026-08-18T20:44:39Z" changeset="1" lon="80.2581767" uid="1" version="1" lat="13.0940297" /><node user="OSMnx" visible="true" id="9189163054" timestamp="2026-08-18T20:44:39Z" changeset="1" lon="80.2579141" uid="1" version="1" lat="13.0945192" /><node user="OSMnx" visible="true" id="9189163074" timestamp="2026-08-18T20:44:39Z" changeset="1" lon="80.2588937" uid="1" version="1" lat="13.0940602" /><node user="OSMnx" visible="true" id="9189193681" timestamp="2026-08-18T20:44:39Z" changeset="1" lon="80.2639244" uid="1" version="1" lat="13.0721722" /><node user="OSMnx" visible="true" id="9189193682" timestamp="2026-08-18T20:44:39Z" changeset="1" lon="80.2668802" uid="1" version="1" lat="13.0724021" /><node user="OSMnx" visible="true" id="9293301217" timestamp="2026-08-18T20:44:39Z" changeset="1" lon="80.2754947" uid="1" version="1" lat="13.0728487" /><node user="OSMnx" visible="true" id="9295344548" timestamp="2026-08-18T20:44:39Z" changeset="1" lon="80.2757763" uid="1" version="1" lat="13.0871076" /><node user="OSMnx" visible="true" id="9295345283" timestamp="2026-08-18T20:44:39Z" changeset="1" lon="80.2764784" uid="1" version="1" lat="13.0870183" /><node user="OSMnx" visible="true" id="9295345284" timestamp="2026-08-18T20:44:39Z" changeset="1" lon="80.2763509" uid="1" version="1" lat="13.0870333" /><node user="OSMnx" visible="true" id="9295345286" timestamp="2026-08-18T20:44:39Z" changeset="1" lon="80.2759667" uid="1" version="1" lat="13.0870811" /><node user="OSMnx" visible="true" id="9295362837" timestamp="2026-08-18T20:44:39Z" changeset="1" lon="80.2777786" uid="1" version="1" lat="13.0868573" /><node user="OSMnx" visible="true" id="9295362838" timestamp="2026-08-18T20:44:39Z" changeset="1" lon="80.2782134" uid="1" version="1" lat="13.0867948" /><node user="OSMnx" visible="true" id="9295362839" timestamp="2026-08-18T20:44:39Z" changeset="1" lon="80.2770534" uid="1" version="1" lat="13.0869437" /><node user="OSMnx" visible="true" id="9295362840" timestamp="2026-08-18T20:44:39Z" changeset="1" lon="80.2774275" uid="1" version="1" lat="13.0868885" /><node user="OSMnx" visible="true" id="9504474773" timestamp="2026-08-18T20:44:39Z" changeset="1" lon="80.2737145" uid="1" version="1" lat="13.0703667" /><node user="OSMnx" visible="true" id="9504474774" timestamp="2026-08-18T20:44:39Z" changeset="1" lon="80.2763591" uid="1" version="1" lat="13.0763679" /><node user="OSMnx" visible="true" id="9504474775" timestamp="2026-08-18T20:44:39Z" changeset="1" lon="80.2774889" uid="1" version="1" lat="13.081935" /><node user="OSMnx" visible="true" id="9507057526" timestamp="2026-08-18T20:44:39Z" changeset="1" lon="80.2695028" uid="1" version="1" lat="13.0847626" /><node user="OSMnx" visible="true" id="9572798757" timestamp="2026-08-18T20:44:39Z" changeset="1" lon="80.271008" uid="1" version="1" lat="13.0809032"><tag k="highway" v="traffic_signals" /></node><node user="OSMnx" visible="true" id="9572798758" timestamp="2026-08-18T20:44:39Z" changeset="1" lon="80.2711799" uid="1" version="1" lat="13.0809604" /><node user="OSMnx" visible="true" id="9572798762" timestamp="2026-08-18T20:44:39Z" changeset="1" lon="80.2710924" uid="1" version="1" lat="13.080936" /><node user="OSMnx" visible="true" id="9572798764" timestamp="2026-08-18T20:44:39Z" changeset="1" lon="80.2739558" uid="1" version="1" lat="13.0816307" /><node user="OSMnx" visible="true" id="9572798767" timestamp="2026-08-18T20:44:39Z" changeset="1" lon="80.2756687" uid="1" version="1" lat="13.0816467" /><node user="OSMnx" visible="true" id="9572798768" timestamp="2026-08-18T20:44:39Z" changeset="1" lon="80.2754935" uid="1" version="1" lat="13.0816317" /><node user="OSMnx" visible="true" id="9572798769" timestamp="2026-08-18T20:44:39Z" changeset="1" lon="80.2752772" uid="1" version="1" lat="13.081732" /><node user="OSMnx" visible="true" id="9572798770" timestamp="2026-08-18T20:44:39Z" changeset="1" lon="80.28057" uid="1" version="1" lat="13.0823337" /><node user="OSMnx" visible="true" id="9572798771" timestamp="2026-08-18T20:44:39Z" changeset="1" lon="80.2819163" uid="1" version="1" lat="13.0790646" /><node user="OSMnx" visible="true" id="9572798773" timestamp="2026-08-18T20:44:39Z" changeset="1" lon="80.2819268" uid="1" version="1" lat="13.0789113" /><node user="OSMnx" visible="true" id="9572798777" timestamp="2026-08-18T20:44:39Z" changeset="1" lon="80.2820326" uid="1" version="1" lat="13.0789407" /><node user="OSMnx" visible="true" id="9572798778" timestamp="2026-08-18T20:44:39Z" changeset="1" lon="80.2820053" uid="1" version="1" lat="13.0788561" /><node user="OSMnx" visible="true" id="9572798780" timestamp="2026-08-18T20:44:39Z" changeset="1" lon="80.2821263" uid="1" version="1" lat="13.0788478" /><node user="OSMnx" visible="true" id="9572798781" timestamp="2026-08-18T20:44:39Z" changeset="1" lon="80.2822348" uid="1" version="1" lat="13.0787427" /><node user="OSMnx" visible="true" id="9572798782" timestamp="2026-08-18T20:44:39Z" changeset="1" lon="80.282271" uid="1" version="1" lat="13.0788192" /><node user="OSMnx" visible="true" id="9572798784" timestamp="2026-08-18T20:44:39Z" changeset="1" lon="80.2811643" uid="1" version="1" lat="13.0799069" /><node user="OSMnx" visible="true" id="9576052997" timestamp="2026-08-18T20:44:39Z" changeset="1" lon="80.2790129" uid="1" version="1" lat="13.0759285" /><node user="OSMnx" visible="true" id="9576052998" timestamp="2026-08-18T20:44:39Z" changeset="1" lon="80.2790657" uid="1" version="1" lat="13.0761917" /><node user="OSMnx" visible="true" id="9576052999" timestamp="2026-08-18T20:44:39Z" changeset="1" lon="80.2791331" uid="1" version="1" lat="13.0761327" /><node user="OSMnx" visible="true" id="9576053000" timestamp="2026-08-18T20:44:39Z" changeset="1" lon="80.2785544" uid="1" version="1" lat="13.0757715" /><node user="OSMnx" visible="true" id="9576053001" timestamp="2026-08-18T20:44:39Z" changeset="1" lon="80.2786049" uid="1" version="1" lat="13.0757049" /><node user="OSMnx" visible="true" id="9576053003" timestamp="2026-08-18T20:44:39Z" changeset="1" lon="80.2763374" uid="1" version="1" lat="13.074222" /><node user="OSMnx" visible="true" id="9676735290" timestamp="2026-08-18T20:44:39Z" changeset="1" lon="80.2702287" uid="1" version="1" lat="13.0866822" /><node user="OSMnx" visible="true" id="9808370013" timestamp="2026-08-18T20:44:39Z" changeset="1" lon="80.2584623" uid="1" version="1" lat="13.0754718" /><node user="OSMnx" visible="true" id="9808370015" timestamp="2026-08-18T20:44:39Z" changeset="1" lon="80.2595446" uid="1" version="1" lat="13.0758741" /><node user="OSMnx" visible="true" id="9818700179" timestamp="2026-08-18T20:44:39Z" changeset="1" lon="80.2728015" uid="1" version="1" lat="13.081395" /><node user="OSMnx" visible="true" id="9818700180" timestamp="2026-08-18T20:44:39Z" changeset="1" lon="80.2729938" uid="1" version="1" lat="13.0814413" /><node user="OSMnx" visible="true" id="9819004894" timestamp="2026-08-18T20:44:39Z" changeset="1" lon="80.2694728" uid="1" version="1" lat="13.0908188" /><node user="OSMnx" visible="true" id="9819004895" timestamp="2026-08-18T20:44:39Z" changeset="1" lon="80.2695706" uid="1" version="1" lat="13.0907659" /><node user="OSMnx" visible="true" id="9819004896" timestamp="2026-08-18T20:44:39Z" changeset="1" lon="80.2695821" uid="1" version="1" lat="13.0907367" /><node user="OSMnx" visible="true" id="9819004897" timestamp="2026-08-18T20:44:39Z" changeset="1" lon="80.2695609" uid="1" version="1" lat="13.0906485" /><node user="OSMnx" visible="true" id="9819004898" timestamp="2026-08-18T20:44:39Z" changeset="1" lon="80.2694722" uid="1" version="1" lat="13.0906094" /><node user="OSMnx" visible="true" id="9819004899" timestamp="2026-08-18T20:44:39Z" changeset="1" lon="80.2694362" uid="1" version="1" lat="13.0906171" /><node user="OSMnx" visible="true" id="9819004900" timestamp="2026-08-18T20:44:39Z" changeset="1" lon="80.2693706" uid="1" version="1" lat="13.0907295" /><node user="OSMnx" visible="true" id="9819004901" timestamp="2026-08-18T20:44:39Z" changeset="1" lon="80.2694992" uid="1" version="1" lat="13.0908166" /><node user="OSMnx" visible="true" id="9838726905" timestamp="2026-08-18T20:44:39Z" changeset="1" lon="80.2752068" uid="1" version="1" lat="13.0915311" /><node user="OSMnx" visible="true" id="9872392643" timestamp="2026-08-18T20:44:39Z" changeset="1" lon="80.2842253" uid="1" version="1" lat="13.0884254" /><node user="OSMnx" visible="true" id="9885031457" timestamp="2026-08-18T20:44:39Z" changeset="1" lon="80.2724832" uid="1" version="1" lat="13.0826638" /><node user="OSMnx" visible="true" id="9902458726" timestamp="2026-08-18T20:44:39Z" changeset="1" lon="80.2732573" uid="1" version="1" lat="13.0813763" /><node user="OSMnx" visible="true" id="9908894874" timestamp="2026-08-18T20:44:39Z" changeset="1" lon="80.2761644" uid="1" version="1" lat="13.0707164" /><node user="OSMnx" visible="true" id="9910876563" timestamp="2026-08-18T20:44:39Z" changeset="1" lon="80.26497" uid="1" version="1" lat="13.0949622" /><node user="OSMnx" visible="true" id="9910876564" timestamp="2026-08-18T20:44:39Z" changeset="1" lon="80.2649355" uid="1" version="1" lat="13.0949804" /><node user="OSMnx" visible="true" id="9910876565" timestamp="2026-08-18T20:44:39Z" changeset="1" lon="80.2649327" uid="1" version="1" lat="13.0949936" /><node user="OSMnx" visible="true" id="9910876566" timestamp="2026-08-18T20:44:39Z" changeset="1" lon="80.2649625" uid="1" version="1" lat="13.0950568" /><node user="OSMnx" visible="true" id="9910876567" timestamp="2026-08-18T20:44:39Z" changeset="1" lon="80.264967" uid="1" version="1" lat="13.0950738" /><node user="OSMnx" visible="true" id="9910876568" timestamp="2026-08-18T20:44:39Z" changeset="1" lon="80.264961" uid="1" version="1" lat="13.095089" /><node user="OSMnx" visible="true" id="9910876569" timestamp="2026-08-18T20:44:39Z" changeset="1" lon="80.2649465" uid="1" version="1" lat="13.0950984" /><node user="OSMnx" visible="true" id="9910876570" timestamp="2026-08-18T20:44:39Z" changeset="1" lon="80.2648284" uid="1" version="1" lat="13.0951394" /><node user="OSMnx" visible="true" id="9910876571" timestamp="2026-08-18T20:44:39Z" changeset="1" lon="80.2647505" uid="1" version="1" lat="13.0951546" /><node user="OSMnx" visible="true" id="9910876572" timestamp="2026-08-18T20:44:39Z" changeset="1" lon="80.2638439" uid="1" version="1" lat="13.0946739" /><node user="OSMnx" visible="true" id="9910876573" timestamp="2026-08-18T20:44:39Z" changeset="1" lon="80.263847" uid="1" version="1" lat="13.094763" /><node user="OSMnx" visible="true" id="9910876574" timestamp="2026-08-18T20:44:39Z" changeset="1" lon="80.2638525" uid="1" version="1" lat="13.0949044" /><node user="OSMnx" visible="true" id="9910876575" timestamp="2026-08-18T20:44:39Z" changeset="1" lon="80.2638508" uid="1" version="1" lat="13.0950153" /><node user="OSMnx" visible="true" id="9910876576" timestamp="2026-08-18T20:44:39Z" changeset="1" lon="80.264417" uid="1" version="1" lat="13.0954521" /><node user="OSMnx" visible="true" id="9913682264" timestamp="2026-08-18T20:44:39Z" changeset="1" lon="80.2819028" uid="1" version="1" lat="13.0856759" /><node user="OSMnx" visible="true" id="9913682279" timestamp="2026-08-18T20:44:39Z" changeset="1" lon="80.283417" uid="1" version="1" lat="13.0854975" /><node user="OSMnx" visible="true" id="9913682284" timestamp="2026-08-18T20:44:39Z" changeset="1" lon="80.2814924" uid="1" version="1" lat="13.0857242" /><node user="OSMnx" visible="true" id="9913682285" timestamp="2026-08-18T20:44:39Z" changeset="1" lon="80.283003" uid="1" version="1" lat="13.0883004" /><node user="OSMnx" visible="true" id="9913682288" timestamp="2026-08-18T20:44:39Z" changeset="1" lon="80.2833667" uid="1" version="1" lat="13.0883141" /><node user="OSMnx" visible="true" id="9913682290" timestamp="2026-08-18T20:44:39Z" changeset="1" lon="80.2819271" uid="1" version="1" lat="13.0881982" /><node user="OSMnx" visible="true" id="9913682293" timestamp="2026-08-18T20:44:39Z" changeset="1" lon="80.2820935" uid="1" version="1" lat="13.0856534" /><node user="OSMnx" visible="true" id="9913682298" timestamp="2026-08-18T20:44:39Z" changeset="1" lon="80.2825964" uid="1" version="1" lat="13.0855942" /><node user="OSMnx" visible="true" id="9913682306" timestamp="2026-08-18T20:44:39Z" changeset="1" lon="80.2832066" uid="1" version="1" lat="13.0855223" /><node user="OSMnx" visible="true" id="9913682307" timestamp="2026-08-18T20:44:39Z" changeset="1" lon="80.2829154" uid="1" version="1" lat="13.0855566" /><node user="OSMnx" visible="true" id="9913682310" timestamp="2026-08-18T20:44:39Z" changeset="1" lon="80.2836753" uid="1" version="1" lat="13.0854149" /><node user="OSMnx" visible="true" id="9913682311" timestamp="2026-08-18T20:44:39Z" changeset="1" lon="80.2836867" uid="1" version="1" lat="13.0853558" /><node user="OSMnx" visible="true" id="9913682312" timestamp="2026-08-18T20:44:39Z" changeset="1" lon="80.2836938" uid="1" version="1" lat="13.0853083" /><node user="OSMnx" visible="true" id="9913682313" timestamp="2026-08-18T20:44:39Z" changeset="1" lon="80.2836938" uid="1" version="1" lat="13.0851895" /><node user="OSMnx" visible="true" id="9913682314" timestamp="2026-08-18T20:44:39Z" changeset="1" lon="80.2836834" uid="1" version="1" lat="13.0850451" /><node user="OSMnx" visible="true" id="9913682337" timestamp="2026-08-18T20:44:39Z" changeset="1" lon="80.2788195" uid="1" version="1" lat="13.0829454" /><node user="OSMnx" visible="true" id="9913682339" timestamp="2026-08-18T20:44:39Z" changeset="1" lon="80.280908" uid="1" version="1" lat="13.0862041" /><node user="OSMnx" visible="true" id="9913682341" timestamp="2026-08-18T20:44:39Z" changeset="1" lon="80.2810837" uid="1" version="1" lat="13.0867916" /><node user="OSMnx" visible="true" id="9913682343" timestamp="2026-08-18T20:44:39Z" changeset="1" lon="80.2811721" uid="1" version="1" lat="13.0871185" /><node user="OSMnx" visible="true" id="9913682350" timestamp="2026-08-18T20:44:39Z" changeset="1" lon="80.2804193" uid="1" version="1" lat="13.0873428" /><node user="OSMnx" visible="true" id="9913682352" timestamp="2026-08-18T20:44:39Z" changeset="1" lon="80.2807604" uid="1" version="1" lat="13.09014" /><node user="OSMnx" visible="true" id="9913682353" timestamp="2026-08-18T20:44:39Z" changeset="1" lon="80.2806261" uid="1" version="1" lat="13.0890444" /><node user="OSMnx" visible="true" id="9913682354" timestamp="2026-08-18T20:44:39Z" changeset="1" lon="80.2806323" uid="1" version="1" lat="13.0889663" /><node user="OSMnx" visible="true" id="9913682355" timestamp="2026-08-18T20:44:39Z" changeset="1" lon="80.2805956" uid="1" version="1" lat="13.0888471" /><node user="OSMnx" visible="true" id="9913682356" timestamp="2026-08-18T20:44:39Z" changeset="1" lon="80.2802807" uid="1" version="1" lat="13.0889591" /><node user="OSMnx" visible="true" id="9913682357" timestamp="2026-08-18T20:44:39Z" changeset="1" lon="80.2803372" uid="1" version="1" lat="13.0891997" /><node user="OSMnx" visible="true" id="9913682358" timestamp="2026-08-18T20:44:39Z" changeset="1" lon="80.2803796" uid="1" version="1" lat="13.0895513" /><node user="OSMnx" visible="true" id="9913682359" timestamp="2026-08-18T20:44:39Z" changeset="1" lon="80.2780035" uid="1" version="1" lat="13.0912187" /><node user="OSMnx" visible="true" id="9913682360" timestamp="2026-08-18T20:44:39Z" changeset="1" lon="80.2786098" uid="1" version="1" lat="13.0911446" /><node user="OSMnx" visible="true" id="9913682361" timestamp="2026-08-18T20:44:39Z" changeset="1" lon="80.2779035" uid="1" version="1" lat="13.0903885" /><node user="OSMnx" visible="true" id="9913682362" timestamp="2026-08-18T20:44:39Z" changeset="1" lon="80.2781428" uid="1" version="1" lat="13.0903466" /><node user="OSMnx" visible="true" id="9913682363" timestamp="2026-08-18T20:44:39Z" changeset="1" lon="80.2804514" uid="1" version="1" lat="13.091049" /><node user="OSMnx" visible="true" id="9913682364" timestamp="2026-08-18T20:44:39Z" changeset="1" lon="80.283911" uid="1" version="1" lat="13.090908" /><node user="OSMnx" visible="true" id="9913682371" timestamp="2026-08-18T20:44:39Z" changeset="1" lon="80.2796876" uid="1" version="1" lat="13.0919152" /><node user="OSMnx" visible="true" id="9913682372" timestamp="2026-08-18T20:44:39Z" changeset="1" lon="80.2814331" uid="1" version="1" lat="13.0956714" /><node user="OSMnx" visible="true" id="9913682375" timestamp="2026-08-18T20:44:39Z" changeset="1" lon="80.2782343" uid="1" version="1" lat="13.0957044" /><node user="OSMnx" visible="true" id="9918432800" timestamp="2026-08-18T20:44:39Z" changeset="1" lon="80.2700804" uid="1" version="1" lat="13.0901507" /><node user="OSMnx" visible="true" id="9918432801" timestamp="2026-08-18T20:44:39Z" changeset="1" lon="80.2703397" uid="1" version="1" lat="13.0900357" /><node user="OSMnx" visible="true" id="9918432802" timestamp="2026-08-18T20:44:39Z" changeset="1" lon="80.2705758" uid="1" version="1" lat="13.0899713" /><node user="OSMnx" visible="true" id="9918432803" timestamp="2026-08-18T20:44:39Z" changeset="1" lon="80.2706902" uid="1" version="1" lat="13.0899347" /><node user="OSMnx" visible="true" id="9918432804" timestamp="2026-08-18T20:44:39Z" changeset="1" lon="80.2707635" uid="1" version="1" lat="13.0899208" /><node user="OSMnx" visible="true" id="9918432805" timestamp="2026-08-18T20:44:39Z" changeset="1" lon="80.2708851" uid="1" version="1" lat="13.0899452" /><node user="OSMnx" visible="true" id="9918432806" timestamp="2026-08-18T20:44:39Z" changeset="1" lon="80.2709835" uid="1" version="1" lat="13.0900305" /><node user="OSMnx" visible="true" id="9918432807" timestamp="2026-08-18T20:44:39Z" changeset="1" lon="80.2711408" uid="1" version="1" lat="13.0904241" /><node user="OSMnx" visible="true" id="9926980747" timestamp="2026-08-18T20:44:39Z" changeset="1" lon="80.2694777" uid="1" version="1" lat="13.092343" /><node user="OSMnx" visible="true" id="9926980753" timestamp="2026-08-18T20:44:39Z" changeset="1" lon="80.2714703" uid="1" version="1" lat="13.0925618" /><node user="OSMnx" visible="true" id="9926980759" timestamp="2026-08-18T20:44:39Z" changeset="1" lon="80.2741751" uid="1" version="1" lat="13.0929828" /><node user="OSMnx" visible="true" id="9930944815" timestamp="2026-08-18T20:44:39Z" changeset="1" lon="80.2590486" uid="1" version="1" lat="13.0959405" /><node user="OSMnx" visible="true" id="9930949529" timestamp="2026-08-18T20:44:39Z" changeset="1" lon="80.2611931" uid="1" version="1" lat="13.0951162" /><node user="OSMnx" visible="true" id="9989783622" timestamp="2026-08-18T20:44:39Z" changeset="1" lon="80.2818541" uid="1" version="1" lat="13.0885554" /><node user="OSMnx" visible="true" id="9989783623" timestamp="2026-08-18T20:44:39Z" changeset="1" lon="80.2823291" uid="1" version="1" lat="13.0882873" /><node user="OSMnx" visible="true" id="9989783624" timestamp="2026-08-18T20:44:39Z" changeset="1" lon="80.2822098" uid="1" version="1" lat="13.0882673" /><node user="OSMnx" visible="true" id="9989783625" timestamp="2026-08-18T20:44:39Z" changeset="1" lon="80.2824731" uid="1" version="1" lat="13.088306" /><node user="OSMnx" visible="true" id="9989783626" timestamp="2026-08-18T20:44:39Z" changeset="1" lon="80.2821049" uid="1" version="1" lat="13.0882453" /><node user="OSMnx" visible="true" id="9989783627" timestamp="2026-08-18T20:44:39Z" changeset="1" lon="80.281793" uid="1" version="1" lat="13.0881531" /><node user="OSMnx" visible="true" id="9989783628" timestamp="2026-08-18T20:44:39Z" changeset="1" lon="80.2818682" uid="1" version="1" lat="13.0881784" /><node user="OSMnx" visible="true" id="9989783629" timestamp="2026-08-18T20:44:39Z" changeset="1" lon="80.2819612" uid="1" version="1" lat="13.0882077" /><node user="OSMnx" visible="true" id="9989783630" timestamp="2026-08-18T20:44:39Z" changeset="1" lon="80.2814165" uid="1" version="1" lat="13.0876671" /><node user="OSMnx" visible="true" id="9989783631" timestamp="2026-08-18T20:44:39Z" changeset="1" lon="80.2816514" uid="1" version="1" lat="13.0880904" /><node user="OSMnx" visible="true" id="9989783632" timestamp="2026-08-18T20:44:39Z" changeset="1" lon="80.2816093" uid="1" version="1" lat="13.0880644" /><node user="OSMnx" visible="true" id="9989783633" timestamp="2026-08-18T20:44:39Z" changeset="1" lon="80.2815442" uid="1" version="1" lat="13.0880061" /><node user="OSMnx" visible="true" id="9989783634" timestamp="2026-08-18T20:44:39Z" changeset="1" lon="80.2815036" uid="1" version="1" lat="13.0879435" /><node user="OSMnx" visible="true" id="9989783635" timestamp="2026-08-18T20:44:39Z" changeset="1" lon="80.281477" uid="1" version="1" lat="13.0878769" /><node user="OSMnx" visible="true" id="9989783636" timestamp="2026-08-18T20:44:39Z" changeset="1" lon="80.281449" uid="1" version="1" lat="13.0877844" /><node user="OSMnx" visible="true" id="9989783637" timestamp="2026-08-18T20:44:39Z" changeset="1" lon="80.2814884" uid="1" version="1" lat="13.0879068" /><node user="OSMnx" visible="true" id="9989783638" timestamp="2026-08-18T20:44:39Z" changeset="1" lon="80.2815224" uid="1" version="1" lat="13.0879767" /><node user="OSMnx" visible="true" id="9989783639" timestamp="2026-08-18T20:44:39Z" changeset="1" lon="80.2813971" uid="1" version="1" lat="13.0880605" /><node user="OSMnx" visible="true" id="9989783640" timestamp="2026-08-18T20:44:39Z" changeset="1" lon="80.2813906" uid="1" version="1" lat="13.0879894" /><node user="OSMnx" visible="true" id="9989783641" timestamp="2026-08-18T20:44:39Z" changeset="1" lon="80.2813657" uid="1" version="1" lat="13.0878447" /><node user="OSMnx" visible="true" id="9989783642" timestamp="2026-08-18T20:44:39Z" changeset="1" lon="80.2813441" uid="1" version="1" lat="13.0877607" /><node user="OSMnx" visible="true" id="9989783643" timestamp="2026-08-18T20:44:39Z" changeset="1" lon="80.2816083" uid="1" version="1" lat="13.0880836" /><node user="OSMnx" visible="true" id="9989783644" timestamp="2026-08-18T20:44:39Z" changeset="1" lon="80.2815631" uid="1" version="1" lat="13.0880849" /><node user="OSMnx" visible="true" id="9989783645" timestamp="2026-08-18T20:44:39Z" changeset="1" lon="80.2815131" uid="1" version="1" lat="13.0880993" /><node user="OSMnx" visible="true" id="9989783646" timestamp="2026-08-18T20:44:39Z" changeset="1" lon="80.2814786" uid="1" version="1" lat="13.0881153" /><node user="OSMnx" visible="true" id="9989783647" timestamp="2026-08-18T20:44:39Z" changeset="1" lon="80.2814574" uid="1" version="1" lat="13.0881305" /><node user="OSMnx" visible="true" id="9989783648" timestamp="2026-08-18T20:44:39Z" changeset="1" lon="80.2814371" uid="1" version="1" lat="13.0881499" /><node user="OSMnx" visible="true" id="9989783649" timestamp="2026-08-18T20:44:39Z" changeset="1" lon="80.2814177" uid="1" version="1" lat="13.0881797" /><node user="OSMnx" visible="true" id="9989783650" timestamp="2026-08-18T20:44:39Z" changeset="1" lon="80.2814245" uid="1" version="1" lat="13.0881654" /><node user="OSMnx" visible="true" id="9989783651" timestamp="2026-08-18T20:44:39Z" changeset="1" lon="80.2814963" uid="1" version="1" lat="13.0881058" /><node user="OSMnx" visible="true" id="9989783652" timestamp="2026-08-18T20:44:39Z" changeset="1" lon="80.2815356" uid="1" version="1" lat="13.088092" /><node user="OSMnx" visible="true" id="9989783653" timestamp="2026-08-18T20:44:39Z" changeset="1" lon="80.2815825" uid="1" version="1" lat="13.0880831" /><node user="OSMnx" visible="true" id="9989783654" timestamp="2026-08-18T20:44:39Z" changeset="1" lon="80.2816246" uid="1" version="1" lat="13.0880855" /><node user="OSMnx" visible="true" id="9989783655" timestamp="2026-08-18T20:44:39Z" changeset="1" lon="80.2814826" uid="1" version="1" lat="13.0881131" /><node user="OSMnx" visible="true" id="9989783658" timestamp="2026-08-18T20:44:39Z" changeset="1" lon="80.2826321" uid="1" version="1" lat="13.0883115" /><node user="OSMnx" visible="true" id="9989783659" timestamp="2026-08-18T20:44:39Z" changeset="1" lon="80.2827697" uid="1" version="1" lat="13.0883044" /><node user="OSMnx" visible="true" id="9989783660" timestamp="2026-08-18T20:44:39Z" changeset="1" lon="80.2828691" uid="1" version="1" lat="13.088301" /><node user="OSMnx" visible="true" id="9989783661" timestamp="2026-08-18T20:44:39Z" changeset="1" lon="80.2831988" uid="1" version="1" lat="13.0883844" /><node user="OSMnx" visible="true" id="9989783662" timestamp="2026-08-18T20:44:39Z" changeset="1" lon="80.2830996" uid="1" version="1" lat="13.088383" /><node user="OSMnx" visible="true" id="9989783663" timestamp="2026-08-18T20:44:39Z" changeset="1" lon="80.2830325" uid="1" version="1" lat="13.0883831" /><node user="OSMnx" visible="true" id="9989783664" timestamp="2026-08-18T20:44:39Z" changeset="1" lon="80.2829663" uid="1" version="1" lat="13.0883853" /><node user="OSMnx" visible="true" id="9989783665" timestamp="2026-08-18T20:44:39Z" changeset="1" lon="80.2828037" uid="1" version="1" lat="13.0883972" /><node user="OSMnx" visible="true" id="9989783666" timestamp="2026-08-18T20:44:39Z" changeset="1" lon="80.282718" uid="1" version="1" lat="13.088406" /><node user="OSMnx" visible="true" id="9989783667" timestamp="2026-08-18T20:44:39Z" changeset="1" lon="80.2825575" uid="1" version="1" lat="13.0884283" /><node user="OSMnx" visible="true" id="9989783668" timestamp="2026-08-18T20:44:39Z" changeset="1" lon="80.2820194" uid="1" version="1" lat="13.0885223" /><node user="OSMnx" visible="true" id="9989843699" timestamp="2026-08-18T20:44:39Z" changeset="1" lon="80.2842135" uid="1" version="1" lat="13.0903736" /><node user="OSMnx" visible="true" id="9989891430" timestamp="2026-08-18T20:44:39Z" changeset="1" lon="80.2841586" uid="1" version="1" lat="13.090131" /><node user="OSMnx" visible="true" id="9989891462" timestamp="2026-08-18T20:44:39Z" changeset="1" lon="80.284007" uid="1" version="1" lat="13.0894147" /><node user="OSMnx" visible="true" id="9992577924" timestamp="2026-08-18T20:44:39Z" changeset="1" lon="80.2815073" uid="1" version="1" lat="13.0784959" /><node user="OSMnx" visible="true" id="10024325378" timestamp="2026-08-18T20:44:39Z" changeset="1" lon="80.2590783" uid="1" version="1" lat="13.0961214" /><node user="OSMnx" visible="true" id="10120269399" timestamp="2026-08-18T20:44:39Z" changeset="1" lon="80.2755604" uid="1" version="1" lat="13.0926728" /><node user="OSMnx" visible="true" id="10120269400" timestamp="2026-08-18T20:44:39Z" changeset="1" lon="80.2754854" uid="1" version="1" lat="13.0926327" /><node user="OSMnx" visible="true" id="10137228457" timestamp="2026-08-18T20:44:39Z" changeset="1" lon="80.2628075" uid="1" version="1" lat="13.069228" /><node user="OSMnx" visible="true" id="10137228458" timestamp="2026-08-18T20:44:39Z" changeset="1" lon="80.2627732" uid="1" version="1" lat="13.069211" /><node user="OSMnx" visible="true" id="10137228459" timestamp="2026-08-18T20:44:39Z" changeset="1" lon="80.2627838" uid="1" version="1" lat="13.0692148" /><node user="OSMnx" visible="true" id="10137228460" timestamp="2026-08-18T20:44:39Z" changeset="1" lon="80.262951" uid="1" version="1" lat="13.0693405" /><node user="OSMnx" visible="true" id="10137228461" timestamp="2026-08-18T20:44:39Z" changeset="1" lon="80.2629966" uid="1" version="1" lat="13.069394" /><node user="OSMnx" visible="true" id="10137228462" timestamp="2026-08-18T20:44:39Z" changeset="1" lon="80.2630234" uid="1" version="1" lat="13.0694554" /><node user="OSMnx" visible="true" id="10137228463" timestamp="2026-08-18T20:44:39Z" changeset="1" lon="80.2630422" uid="1" version="1" lat="13.0695286" /><node user="OSMnx" visible="true" id="10137228464" timestamp="2026-08-18T20:44:39Z" changeset="1" lon="80.2630542" uid="1" version="1" lat="13.0696409" /><node user="OSMnx" visible="true" id="10137228465" timestamp="2026-08-18T20:44:39Z" changeset="1" lon="80.2630674" uid="1" version="1" lat="13.0705504" /><node user="OSMnx" visible="true" id="10137228538" timestamp="2026-08-18T20:44:39Z" changeset="1" lon="80.2629175" uid="1" version="1" lat="13.0693098" /><node user="OSMnx" visible="true" id="10137228539" timestamp="2026-08-18T20:44:39Z" changeset="1" lon="80.2629784" uid="1" version="1" lat="13.0693702" /><node user="OSMnx" visible="true" id="10137228540" timestamp="2026-08-18T20:44:39Z" changeset="1" lon="80.263011" uid="1" version="1" lat="13.0694224" /><node user="OSMnx" visible="true" id="10137228541" timestamp="2026-08-18T20:44:39Z" changeset="1" lon="80.2630327" uid="1" version="1" lat="13.069487" /><node user="OSMnx" visible="true" id="10137228542" timestamp="2026-08-18T20:44:39Z" changeset="1" lon="80.2630493" uid="1" version="1" lat="13.0695847" /><node user="OSMnx" visible="true" id="10139566148" timestamp="2026-08-18T20:44:39Z" changeset="1" lon="80.2766565" uid="1" version="1" lat="13.0933326" /><node user="OSMnx" visible="true" id="10139566199" timestamp="2026-08-18T20:44:39Z" changeset="1" lon="80.2760262" uid="1" version="1" lat="13.0930568" /><node user="OSMnx" visible="true" id="10139581952" timestamp="2026-08-18T20:44:39Z" changeset="1" lon="80.277324" uid="1" version="1" lat="13.0931671" /><node user="OSMnx" visible="true" id="10139581953" timestamp="2026-08-18T20:44:39Z" changeset="1" lon="80.2768791" uid="1" version="1" lat="13.092967" /><node user="OSMnx" visible="true" id="10139581954" timestamp="2026-08-18T20:44:39Z" changeset="1" lon="80.2767279" uid="1" version="1" lat="13.0929038" /><node user="OSMnx" visible="true" id="10139581955" timestamp="2026-08-18T20:44:39Z" changeset="1" lon="80.2760919" uid="1" version="1" lat="13.0927509" /><node user="OSMnx" visible="true" id="10139581956" timestamp="2026-08-18T20:44:39Z" changeset="1" lon="80.2761894" uid="1" version="1" lat="13.092767" /><node user="OSMnx" visible="true" id="10139581957" timestamp="2026-08-18T20:44:39Z" changeset="1" lon="80.2766386" uid="1" version="1" lat="13.0928676" /><node user="OSMnx" visible="true" id="10139581958" timestamp="2026-08-18T20:44:39Z" changeset="1" lon="80.2765598" uid="1" version="1" lat="13.0928406" /><node user="OSMnx" visible="true" id="10139581959" timestamp="2026-08-18T20:44:39Z" changeset="1" lon="80.2764417" uid="1" version="1" lat="13.0928126" /><node user="OSMnx" visible="true" id="10139581960" timestamp="2026-08-18T20:44:39Z" changeset="1" lon="80.2763554" uid="1" version="1" lat="13.092795" /><node user="OSMnx" visible="true" id="10187875495" timestamp="2026-08-18T20:44:39Z" changeset="1" lon="80.2606228" uid="1" version="1" lat="13.0772051" /><node user="OSMnx" visible="true" id="10187875506" timestamp="2026-08-18T20:44:39Z" changeset="1" lon="80.2612507" uid="1" version="1" lat="13.0774724" /><node user="OSMnx" visible="true" id="10201011019" timestamp="2026-08-18T20:44:39Z" changeset="1" lon="80.2714499" uid="1" version="1" lat="13.0811351" /><node user="OSMnx" visible="true" id="10201011106" timestamp="2026-08-18T20:44:39Z" changeset="1" lon="80.2717781" uid="1" version="1" lat="13.0812093" /><node user="OSMnx" visible="true" id="10201011107" timestamp="2026-08-18T20:44:39Z" changeset="1" lon="80.2716228" uid="1" version="1" lat="13.0811767" /><node user="OSMnx" visible="true" id="10201011108" timestamp="2026-08-18T20:44:39Z" changeset="1" lon="80.2713544" uid="1" version="1" lat="13.0811114" /><node user="OSMnx" visible="true" id="10201011110" timestamp="2026-08-18T20:44:39Z" changeset="1" lon="80.2709288" uid="1" version="1" lat="13.0813354" /><node user="OSMnx" visible="true" id="10201011111" timestamp="2026-08-18T20:44:39Z" changeset="1" lon="80.2709484" uid="1" version="1" lat="13.081272" /><node user="OSMnx" visible="true" id="10201011112" timestamp="2026-08-18T20:44:39Z" changeset="1" lon="80.2709678" uid="1" version="1" lat="13.0812374" /><node user="OSMnx" visible="true" id="10201011113" timestamp="2026-08-18T20:44:39Z" changeset="1" lon="80.2709873" uid="1" version="1" lat="13.0812086" /><node user="OSMnx" visible="true" id="10201011114" timestamp="2026-08-18T20:44:39Z" changeset="1" lon="80.2710054" uid="1" version="1" lat="13.0811919" /><node user="OSMnx" visible="true" id="10201011115" timestamp="2026-08-18T20:44:39Z" changeset="1" lon="80.2710362" uid="1" version="1" lat="13.0811668" /><node user="OSMnx" visible="true" id="10201011116" timestamp="2026-08-18T20:44:39Z" changeset="1" lon="80.2710717" uid="1" version="1" lat="13.0811453" /><node user="OSMnx" visible="true" id="10201011117" timestamp="2026-08-18T20:44:39Z" changeset="1" lon="80.2711214" uid="1" version="1" lat="13.0811231" /><node user="OSMnx" visible="true" id="10201011118" timestamp="2026-08-18T20:44:39Z" changeset="1" lon="80.271179" uid="1" version="1" lat="13.0811087" /><node user="OSMnx" visible="true" id="10201011119" timestamp="2026-08-18T20:44:39Z" changeset="1" lon="80.2712313" uid="1" version="1" lat="13.0811041" /><node user="OSMnx" visible="true" id="10201011120" timestamp="2026-08-18T20:44:39Z" changeset="1" lon="80.2712682" uid="1" version="1" lat="13.0811015" /><node user="OSMnx" visible="true" id="10201011121" timestamp="2026-08-18T20:44:39Z" changeset="1" lon="80.2713216" uid="1" version="1" lat="13.0811033" /><node user="OSMnx" visible="true" id="10201011122" timestamp="2026-08-18T20:44:39Z" changeset="1" lon="80.2708478" uid="1" version="1" lat="13.0814411" /><node user="OSMnx" visible="true" id="10201011124" timestamp="2026-08-18T20:44:39Z" changeset="1" lon="80.2708955" uid="1" version="1" lat="13.0810773" /><node user="OSMnx" visible="true" id="10201011125" timestamp="2026-08-18T20:44:39Z" changeset="1" lon="80.2710633" uid="1" version="1" lat="13.0810355" /><node user="OSMnx" visible="true" id="10201011126" timestamp="2026-08-18T20:44:39Z" changeset="1" lon="80.270857" uid="1" version="1" lat="13.0809267" /><node user="OSMnx" visible="true" id="10201011127" timestamp="2026-08-18T20:44:39Z" changeset="1" lon="80.2707888" uid="1" version="1" lat="13.080893" /><node user="OSMnx" visible="true" id="10201011128" timestamp="2026-08-18T20:44:39Z" changeset="1" lon="80.2706265" uid="1" version="1" lat="13.0808548" /><node user="OSMnx" visible="true" id="10201011129" timestamp="2026-08-18T20:44:39Z" changeset="1" lon="80.2703261" uid="1" version="1" lat="13.0808312" /><node user="OSMnx" visible="true" id="10201011130" timestamp="2026-08-18T20:44:39Z" changeset="1" lon="80.2701978" uid="1" version="1" lat="13.0807637" /><node user="OSMnx" visible="true" id="10201011131" timestamp="2026-08-18T20:44:39Z" changeset="1" lon="80.2703489" uid="1" version="1" lat="13.0807672" /><node user="OSMnx" visible="true" id="10201011132" timestamp="2026-08-18T20:44:39Z" changeset="1" lon="80.2705552" uid="1" version="1" lat="13.0807758" /><node user="OSMnx" visible="true" id="10201011133" timestamp="2026-08-18T20:44:39Z" changeset="1" lon="80.2707177" uid="1" version="1" lat="13.0807959" /><node user="OSMnx" visible="true" id="10201011134" timestamp="2026-08-18T20:44:39Z" changeset="1" lon="80.2707817" uid="1" version="1" lat="13.0808095" /><node user="OSMnx" visible="true" id="10201011135" timestamp="2026-08-18T20:44:39Z" changeset="1" lon="80.2708772" uid="1" version="1" lat="13.0808378" /><node user="OSMnx" visible="true" id="10201011136" timestamp="2026-08-18T20:44:39Z" changeset="1" lon="80.2707552" uid="1" version="1" lat="13.0808815" /><node user="OSMnx" visible="true" id="10201011137" timestamp="2026-08-18T20:44:39Z" changeset="1" lon="80.2706719" uid="1" version="1" lat="13.0808618" /><node user="OSMnx" visible="true" id="10201011138" timestamp="2026-08-18T20:44:39Z" changeset="1" lon="80.2718001" uid="1" version="1" lat="13.081115" /><node user="OSMnx" visible="true" id="10201011139" timestamp="2026-08-18T20:44:39Z" changeset="1" lon="80.2715394" uid="1" version="1" lat="13.081052" /><node user="OSMnx" visible="true" id="10201011140" timestamp="2026-08-18T20:44:39Z" changeset="1" lon="80.2712852" uid="1" version="1" lat="13.080987" /><node user="OSMnx" visible="true" id="10201011141" timestamp="2026-08-18T20:44:39Z" changeset="1" lon="80.2710468" uid="1" version="1" lat="13.08092" /><node user="OSMnx" visible="true" id="10201011142" timestamp="2026-08-18T20:44:39Z" changeset="1" lon="80.2709032" uid="1" version="1" lat="13.0810279" /><node user="OSMnx" visible="true" id="10201011143" timestamp="2026-08-18T20:44:39Z" changeset="1" lon="80.2709107" uid="1" version="1" lat="13.0809906" /><node user="OSMnx" visible="true" id="10201011144" timestamp="2026-08-18T20:44:39Z" changeset="1" lon="80.2709194" uid="1" version="1" lat="13.0809633"><tag k="highway" v="traffic_signals" /></node><node user="OSMnx" visible="true" id="10201011147" timestamp="2026-08-18T20:44:39Z" changeset="1" lon="80.2709372" uid="1" version="1" lat="13.0808678"><tag k="highway" v="traffic_signals" /></node><node user="OSMnx" visible="true" id="10201011149" timestamp="2026-08-18T20:44:39Z" changeset="1" lon="80.2709854" uid="1" version="1" lat="13.0810014"><tag k="highway" v="traffic_signals" /></node><node user="OSMnx" visible="true" id="10201011152" timestamp="2026-08-18T20:44:39Z" changeset="1" lon="80.2710253" uid="1" version="1" lat="13.0810203" /><node user="OSMnx" visible="true" id="10201035925" timestamp="2026-08-18T20:44:39Z" changeset="1" lon="80.2721001" uid="1" version="1" lat="13.081276" /><node user="OSMnx" visible="true" id="10201035926" timestamp="2026-08-18T20:44:39Z" changeset="1" lon="80.2721865" uid="1" version="1" lat="13.0812881" /><node user="OSMnx" visible="true" id="10201035927" timestamp="2026-08-18T20:44:39Z" changeset="1" lon="80.2722929" uid="1" version="1" lat="13.0813026" /><node user="OSMnx" visible="true" id="10201035928" timestamp="2026-08-18T20:44:39Z" changeset="1" lon="80.2724185" uid="1" version="1" lat="13.0813221" /><node user="OSMnx" visible="true" id="10201035929" timestamp="2026-08-18T20:44:39Z" changeset="1" lon="80.2724913" uid="1" version="1" lat="13.0813321" /><node user="OSMnx" visible="true" id="10201035930" timestamp="2026-08-18T20:44:39Z" changeset="1" lon="80.2725953" uid="1" version="1" lat="13.0813518" /><node user="OSMnx" visible="true" id="10201035931" timestamp="2026-08-18T20:44:39Z" changeset="1" lon="80.2731477" uid="1" version="1" lat="13.0814696" /><node user="OSMnx" visible="true" id="10201035963" timestamp="2026-08-18T20:44:39Z" changeset="1" lon="80.2723556" uid="1" version="1" lat="13.0813124" /><node user="OSMnx" visible="true" id="10201036044" timestamp="2026-08-18T20:44:39Z" changeset="1" lon="80.2725724" uid="1" version="1" lat="13.0813469" /><node user="OSMnx" visible="true" id="10201036116" timestamp="2026-08-18T20:44:39Z" changeset="1" lon="80.2729465" uid="1" version="1" lat="13.0814299" /><node user="OSMnx" visible="true" id="10201036139" timestamp="2026-08-18T20:44:39Z" changeset="1" lon="80.2709108" uid="1" version="1" lat="13.0814726" /><node user="OSMnx" visible="true" id="10201877379" timestamp="2026-08-18T20:44:39Z" changeset="1" lon="80.2675491" uid="1" version="1" lat="13.0945893" /><node user="OSMnx" visible="true" id="10201877386" timestamp="2026-08-18T20:44:39Z" changeset="1" lon="80.2678938" uid="1" version="1" lat="13.0960175" /><node user="OSMnx" visible="true" id="10201877387" timestamp="2026-08-18T20:44:39Z" changeset="1" lon="80.2674918" uid="1" version="1" lat="13.0961118" /><node user="OSMnx" visible="true" id="10201877388" timestamp="2026-08-18T20:44:39Z" changeset="1" lon="80.2671432" uid="1" version="1" lat="13.0947396" /><node user="OSMnx" visible="true" id="10201877389" timestamp="2026-08-18T20:44:39Z" changeset="1" lon="80.2677933" uid="1" version="1" lat="13.0956012" /><node user="OSMnx" visible="true" id="10201877390" timestamp="2026-08-18T20:44:39Z" changeset="1" lon="80.2673861" uid="1" version="1" lat="13.0956955" /><node user="OSMnx" visible="true" id="10201877391" timestamp="2026-08-18T20:44:39Z" changeset="1" lon="80.2674872" uid="1" version="1" lat="13.0960936" /><node user="OSMnx" visible="true" id="10201877393" timestamp="2026-08-18T20:44:39Z" changeset="1" lon="80.2667688" uid="1" version="1" lat="13.0953164" /><node user="OSMnx" visible="true" id="10201877395" timestamp="2026-08-18T20:44:39Z" changeset="1" lon="80.2672586" uid="1" version="1" lat="13.0951938" /><node user="OSMnx" visible="true" id="10201877396" timestamp="2026-08-18T20:44:39Z" changeset="1" lon="80.2673775" uid="1" version="1" lat="13.0956616" /><node user="OSMnx" visible="true" id="10201877397" timestamp="2026-08-18T20:44:39Z" changeset="1" lon="80.266909" uid="1" version="1" lat="13.0957736" /><node user="OSMnx" visible="true" id="10213527379" timestamp="2026-08-18T20:44:39Z" changeset="1" lon="80.261199" uid="1" version="1" lat="13.0951435" /><node user="OSMnx" visible="true" id="10216473214" timestamp="2026-08-18T20:44:39Z" changeset="1" lon="80.2599815" uid="1" version="1" lat="13.076384" /><node user="OSMnx" visible="true" id="10216473215" timestamp="2026-08-18T20:44:39Z" changeset="1" lon="80.2600667" uid="1" version="1" lat="13.0766452" /><node user="OSMnx" visible="true" id="10216473216" timestamp="2026-08-18T20:44:39Z" changeset="1" lon="80.2606038" uid="1" version="1" lat="13.077139" /><node user="OSMnx" visible="true" id="10216513517" timestamp="2026-08-18T20:44:39Z" changeset="1" lon="80.2611036" uid="1" version="1" lat="13.0773407" /><node user="OSMnx" visible="true" id="10226892811" timestamp="2026-08-18T20:44:39Z" changeset="1" lon="80.2586884" uid="1" version="1" lat="13.0712836" /><node user="OSMnx" visible="true" id="10230598084" timestamp="2026-08-18T20:44:39Z" changeset="1" lon="80.2588757" uid="1" version="1" lat="13.0746939" /><node user="OSMnx" visible="true" id="10255079050" timestamp="2026-08-18T20:44:39Z" changeset="1" lon="80.2747412" uid="1" version="1" lat="13.0816943" /><node user="OSMnx" visible="true" id="10255079056" timestamp="2026-08-18T20:44:39Z" changeset="1" lon="80.2737412" uid="1" version="1" lat="13.0815876" /><node user="OSMnx" visible="true" id="10255079063" timestamp="2026-08-18T20:44:39Z" changeset="1" lon="80.2745354" uid="1" version="1" lat="13.0816755" /><node user="OSMnx" visible="true" id="10270761686" timestamp="2026-08-18T20:44:39Z" changeset="1" lon="80.2704823" uid="1" version="1" lat="13.078737" /><node user="OSMnx" visible="true" id="10270761687" timestamp="2026-08-18T20:44:39Z" changeset="1" lon="80.2700584" uid="1" version="1" lat="13.0790329" /><node user="OSMnx" visible="true" id="10270761688" timestamp="2026-08-18T20:44:39Z" changeset="1" lon="80.2698953" uid="1" version="1" lat="13.0791029" /><node user="OSMnx" visible="true" id="10270761689" timestamp="2026-08-18T20:44:39Z" changeset="1" lon="80.2698298" uid="1" version="1" lat="13.079128" /><node user="OSMnx" visible="true" id="10270761690" timestamp="2026-08-18T20:44:39Z" changeset="1" lon="80.2696421" uid="1" version="1" lat="13.0791834" /><node user="OSMnx" visible="true" id="10270761691" timestamp="2026-08-18T20:44:39Z" changeset="1" lon="80.2694261" uid="1" version="1" lat="13.0792314" /><node user="OSMnx" visible="true" id="10270761692" timestamp="2026-08-18T20:44:39Z" changeset="1" lon="80.2692645" uid="1" version="1" lat="13.07926" /><node user="OSMnx" visible="true" id="10270761693" timestamp="2026-08-18T20:44:39Z" changeset="1" lon="80.2690542" uid="1" version="1" lat="13.0792944" /><node user="OSMnx" visible="true" id="10270761695" timestamp="2026-08-18T20:44:39Z" changeset="1" lon="80.2697459" uid="1" version="1" lat="13.0791543" /><node user="OSMnx" visible="true" id="10270761700" timestamp="2026-08-18T20:44:39Z" changeset="1" lon="80.2689373" uid="1" version="1" lat="13.0793087" /><node user="OSMnx" visible="true" id="10270761701" timestamp="2026-08-18T20:44:39Z" changeset="1" lon="80.268592" uid="1" version="1" lat="13.0793201" /><node user="OSMnx" visible="true" id="10270761702" timestamp="2026-08-18T20:44:39Z" changeset="1" lon="80.2684226" uid="1" version="1" lat="13.0793072" /><node user="OSMnx" visible="true" id="10270761703" timestamp="2026-08-18T20:44:39Z" changeset="1" lon="80.2682227" uid="1" version="1" lat="13.0792775" /><node user="OSMnx" visible="true" id="10270761704" timestamp="2026-08-18T20:44:39Z" changeset="1" lon="80.2680943" uid="1" version="1" lat="13.0792401" /><node user="OSMnx" visible="true" id="10270761705" timestamp="2026-08-18T20:44:39Z" changeset="1" lon="80.2677952" uid="1" version="1" lat="13.0790957" /><node user="OSMnx" visible="true" id="10270761706" timestamp="2026-08-18T20:44:39Z" changeset="1" lon="80.2676456" uid="1" version="1" lat="13.0790029" /><node user="OSMnx" visible="true" id="10270761707" timestamp="2026-08-18T20:44:39Z" changeset="1" lon="80.2675473" uid="1" version="1" lat="13.0789242" /><node user="OSMnx" visible="true" id="10270761708" timestamp="2026-08-18T20:44:39Z" changeset="1" lon="80.2674563" uid="1" version="1" lat="13.0788379" /><node user="OSMnx" visible="true" id="10270810309" timestamp="2026-08-18T20:44:39Z" changeset="1" lon="80.2679363" uid="1" version="1" lat="13.0791709" /><node user="OSMnx" visible="true" id="10270810310" timestamp="2026-08-18T20:44:39Z" changeset="1" lon="80.267481" uid="1" version="1" lat="13.0788645" /><node user="OSMnx" visible="true" id="10270810313" timestamp="2026-08-18T20:44:39Z" changeset="1" lon="80.2679715" uid="1" version="1" lat="13.0788947" /><node user="OSMnx" visible="true" id="10270810314" timestamp="2026-08-18T20:44:39Z" changeset="1" lon="80.2678886" uid="1" version="1" lat="13.0788623" /><node user="OSMnx" visible="true" id="10270810315" timestamp="2026-08-18T20:44:39Z" changeset="1" lon="80.2678224" uid="1" version="1" lat="13.0788378" /><node user="OSMnx" visible="true" id="10270810316" timestamp="2026-08-18T20:44:39Z" changeset="1" lon="80.2677754" uid="1" version="1" lat="13.0788249" /><node user="OSMnx" visible="true" id="10270810317" timestamp="2026-08-18T20:44:39Z" changeset="1" lon="80.2677059" uid="1" version="1" lat="13.0788114" /><node user="OSMnx" visible="true" id="10270810318" timestamp="2026-08-18T20:44:39Z" changeset="1" lon="80.2676324" uid="1" version="1" lat="13.0788082" /><node user="OSMnx" visible="true" id="10270810319" timestamp="2026-08-18T20:44:39Z" changeset="1" lon="80.2674246" uid="1" version="1" lat="13.078803" /><node user="OSMnx" visible="true" id="10270810320" timestamp="2026-08-18T20:44:39Z" changeset="1" lon="80.2678555" uid="1" version="1" lat="13.0788501" /><node user="OSMnx" visible="true" id="10270810321" timestamp="2026-08-18T20:44:39Z" changeset="1" lon="80.2678188" uid="1" version="1" lat="13.0788368" /><node user="OSMnx" visible="true" id="10277778732" timestamp="2026-08-18T20:44:39Z" changeset="1" lon="80.2694406" uid="1" version="1" lat="13.0922129" /><node user="OSMnx" visible="true" id="10277778733" timestamp="2026-08-18T20:44:39Z" changeset="1" lon="80.26944" uid="1" version="1" lat="13.0922347" /><node user="OSMnx" visible="true" id="10277778734" timestamp="2026-08-18T20:44:39Z" changeset="1" lon="80.2694286" uid="1" version="1" lat="13.0922648" /><node user="OSMnx" visible="true" id="10277778735" timestamp="2026-08-18T20:44:39Z" changeset="1" lon="80.2693948" uid="1" version="1" lat="13.0922994" /><node user="OSMnx" visible="true" id="10277778736" timestamp="2026-08-18T20:44:39Z" changeset="1" lon="80.2693373" uid="1" version="1" lat="13.092352" /><node user="OSMnx" visible="true" id="10277778737" timestamp="2026-08-18T20:44:39Z" changeset="1" lon="80.2692899" uid="1" version="1" lat="13.0924046" /><node user="OSMnx" visible="true" id="10277778738" timestamp="2026-08-18T20:44:39Z" changeset="1" lon="80.2692147" uid="1" version="1" lat="13.0924915" /><node user="OSMnx" visible="true" id="10277778741" timestamp="2026-08-18T20:44:39Z" changeset="1" lon="80.2689956" uid="1" version="1" lat="13.092873" /><node user="OSMnx" visible="true" id="10277778742" timestamp="2026-08-18T20:44:39Z" changeset="1" lon="80.2688551" uid="1" version="1" lat="13.0931405" /><node user="OSMnx" visible="true" id="10277778743" timestamp="2026-08-18T20:44:39Z" changeset="1" lon="80.2686741" uid="1" version="1" lat="13.0934878" /><node user="OSMnx" visible="true" id="10277778745" timestamp="2026-08-18T20:44:39Z" changeset="1" lon="80.2684423" uid="1" version="1" lat="13.0939138" /><node user="OSMnx" visible="true" id="10277778746" timestamp="2026-08-18T20:44:39Z" changeset="1" lon="80.2681504" uid="1" version="1" lat="13.0942377" /><node user="OSMnx" visible="true" id="10277778747" timestamp="2026-08-18T20:44:39Z" changeset="1" lon="80.2684201" uid="1" version="1" lat="13.0941349" /><node user="OSMnx" visible="true" id="10277778748" timestamp="2026-08-18T20:44:39Z" changeset="1" lon="80.2684613" uid="1" version="1" lat="13.0942768" /><node user="OSMnx" visible="true" id="10277778749" timestamp="2026-08-18T20:44:39Z" changeset="1" lon="80.2685093" uid="1" version="1" lat="13.0944709" /><node user="OSMnx" visible="true" id="10277778750" timestamp="2026-08-18T20:44:39Z" changeset="1" lon="80.2685475" uid="1" version="1" lat="13.0945124" /><node user="OSMnx" visible="true" id="10277778751" timestamp="2026-08-18T20:44:39Z" changeset="1" lon="80.2685393" uid="1" version="1" lat="13.0937455" /><node user="OSMnx" visible="true" id="10277860546" timestamp="2026-08-18T20:44:39Z" changeset="1" lon="80.2695869" uid="1" version="1" lat="13.0870807" /><node user="OSMnx" visible="true" id="10277860551" timestamp="2026-08-18T20:44:39Z" changeset="1" lon="80.2697985" uid="1" version="1" lat="13.0874368" /><node user="OSMnx" visible="true" id="10277860597" timestamp="2026-08-18T20:44:39Z" changeset="1" lon="80.2793317" uid="1" version="1" lat="13.0764476" /><node user="OSMnx" visible="true" id="10277860599" timestamp="2026-08-18T20:44:39Z" changeset="1" lon="80.2784968" uid="1" version="1" lat="13.0757533" /><node user="OSMnx" visible="true" id="10285990897" timestamp="2026-08-18T20:44:39Z" changeset="1" lon="80.2759156" uid="1" version="1" lat="13.0730456" /><node user="OSMnx" visible="true" id="10285990908" timestamp="2026-08-18T20:44:39Z" changeset="1" lon="80.2757558" uid="1" version="1" lat="13.0729112" /><node user="OSMnx" visible="true" id="10285990999" timestamp="2026-08-18T20:44:39Z" changeset="1" lon="80.2783018" uid="1" version="1" lat="13.0753546" /><node user="OSMnx" visible="true" id="10290876812" timestamp="2026-08-18T20:44:39Z" changeset="1" lon="80.2610816" uid="1" version="1" lat="13.0708898" /><node user="OSMnx" visible="true" id="10307952078" timestamp="2026-08-18T20:44:39Z" changeset="1" lon="80.2581263" uid="1" version="1" lat="13.0708005" /><node user="OSMnx" visible="true" id="10542355413" timestamp="2026-08-18T20:44:39Z" changeset="1" lon="80.2665941" uid="1" version="1" lat="13.0852436" /><node user="OSMnx" visible="true" id="10604028585" timestamp="2026-08-18T20:44:39Z" changeset="1" lon="80.2809813" uid="1" version="1" lat="13.0814255" /><node user="OSMnx" visible="true" id="10604028586" timestamp="2026-08-18T20:44:39Z" changeset="1" lon="80.2809265" uid="1" version="1" lat="13.0814606" /><node user="OSMnx" visible="true" id="10604028587" timestamp="2026-08-18T20:44:39Z" changeset="1" lon="80.2808497" uid="1" version="1" lat="13.0813458" /><node user="OSMnx" visible="true" id="10604028588" timestamp="2026-08-18T20:44:39Z" changeset="1" lon="80.2807868" uid="1" version="1" lat="13.081212" /><node user="OSMnx" visible="true" id="10604028589" timestamp="2026-08-18T20:44:39Z" changeset="1" lon="80.2808759" uid="1" version="1" lat="13.0813928" /><node user="OSMnx" visible="true" id="10604028590" timestamp="2026-08-18T20:44:39Z" changeset="1" lon="80.2808964" uid="1" version="1" lat="13.0813063" /><node user="OSMnx" visible="true" id="10604028591" timestamp="2026-08-18T20:44:39Z" changeset="1" lon="80.2809186" uid="1" version="1" lat="13.0813416" /><node user="OSMnx" visible="true" id="10604028592" timestamp="2026-08-18T20:44:39Z" changeset="1" lon="80.2807988" uid="1" version="1" lat="13.0810671" /><node user="OSMnx" visible="true" id="10604028593" timestamp="2026-08-18T20:44:39Z" changeset="1" lon="80.2808343" uid="1" version="1" lat="13.0811794" /><node user="OSMnx" visible="true" id="10604028594" timestamp="2026-08-18T20:44:39Z" changeset="1" lon="80.2807198" uid="1" version="1" lat="13.0809945" /><node user="OSMnx" visible="true" id="10604028595" timestamp="2026-08-18T20:44:39Z" changeset="1" lon="80.2806934" uid="1" version="1" lat="13.0808079" /><node user="OSMnx" visible="true" id="10604028596" timestamp="2026-08-18T20:44:39Z" changeset="1" lon="80.2817836" uid="1" version="1" lat="13.0792026" /><node user="OSMnx" visible="true" id="10604028597" timestamp="2026-08-18T20:44:39Z" changeset="1" lon="80.281532" uid="1" version="1" lat="13.0795241" /><node user="OSMnx" visible="true" id="10604028598" timestamp="2026-08-18T20:44:39Z" changeset="1" lon="80.2816185" uid="1" version="1" lat="13.0794237" /><node user="OSMnx" visible="true" id="10604028599" timestamp="2026-08-18T20:44:39Z" changeset="1" lon="80.281696" uid="1" version="1" lat="13.0793294" /><node user="OSMnx" visible="true" id="10604028600" timestamp="2026-08-18T20:44:39Z" changeset="1" lon="80.2817377" uid="1" version="1" lat="13.0792701" /><node user="OSMnx" visible="true" id="10604028601" timestamp="2026-08-18T20:44:39Z" changeset="1" lon="80.2818635" uid="1" version="1" lat="13.0792711" /><node user="OSMnx" visible="true" id="10604028602" timestamp="2026-08-18T20:44:39Z" changeset="1" lon="80.281032" uid="1" version="1" lat="13.0801543" /><node user="OSMnx" visible="true" id="10604028603" timestamp="2026-08-18T20:44:39Z" changeset="1" lon="80.2811661" uid="1" version="1" lat="13.0800034" /><node user="OSMnx" visible="true" id="10610334493" timestamp="2026-08-18T20:44:39Z" changeset="1" lon="80.2596401" uid="1" version="1" lat="13.0917277" /><node user="OSMnx" visible="true" id="10696301471" timestamp="2026-08-18T20:44:39Z" changeset="1" lon="80.2610236" uid="1" version="1" lat="13.0934847" /><node user="OSMnx" visible="true" id="10696417352" timestamp="2026-08-18T20:44:39Z" changeset="1" lon="80.2575188" uid="1" version="1" lat="13.0746977" /><node user="OSMnx" visible="true" id="10696417353" timestamp="2026-08-18T20:44:39Z" changeset="1" lon="80.2575413" uid="1" version="1" lat="13.0747568" /><node user="OSMnx" visible="true" id="10696417354" timestamp="2026-08-18T20:44:39Z" changeset="1" lon="80.2575087" uid="1" version="1" lat="13.0747176" /><node user="OSMnx" visible="true" id="10696417355" timestamp="2026-08-18T20:44:39Z" changeset="1" lon="80.2575091" uid="1" version="1" lat="13.0747288" /><node user="OSMnx" visible="true" id="10696417356" timestamp="2026-08-18T20:44:39Z" changeset="1" lon="80.2575131" uid="1" version="1" lat="13.0747394" /><node user="OSMnx" visible="true" id="10696417357" timestamp="2026-08-18T20:44:39Z" changeset="1" lon="80.2575776" uid="1" version="1" lat="13.0747342" /><node user="OSMnx" visible="true" id="10696417358" timestamp="2026-08-18T20:44:39Z" changeset="1" lon="80.2575798" uid="1" version="1" lat="13.0747226" /><node user="OSMnx" visible="true" id="10696417359" timestamp="2026-08-18T20:44:39Z" changeset="1" lon="80.2575779" uid="1" version="1" lat="13.074711" /><node user="OSMnx" visible="true" id="10696417360" timestamp="2026-08-18T20:44:39Z" changeset="1" lon="80.2575722" uid="1" version="1" lat="13.0747007" /><node user="OSMnx" visible="true" id="10696417361" timestamp="2026-08-18T20:44:39Z" changeset="1" lon="80.2575633" uid="1" version="1" lat="13.0746928" /><node user="OSMnx" visible="true" id="10696417362" timestamp="2026-08-18T20:44:39Z" changeset="1" lon="80.2575301" uid="1" version="1" lat="13.0747541" /><node user="OSMnx" visible="true" id="10696417363" timestamp="2026-08-18T20:44:39Z" changeset="1" lon="80.2575528" uid="1" version="1" lat="13.0747559" /><node user="OSMnx" visible="true" id="10696417364" timestamp="2026-08-18T20:44:39Z" changeset="1" lon="80.2575634" uid="1" version="1" lat="13.0747514" /><node user="OSMnx" visible="true" id="10696417365" timestamp="2026-08-18T20:44:39Z" changeset="1" lon="80.2575719" uid="1" version="1" lat="13.0747439" /><node user="OSMnx" visible="true" id="10696417366" timestamp="2026-08-18T20:44:39Z" changeset="1" lon="80.2575522" uid="1" version="1" lat="13.0746883" /><node user="OSMnx" visible="true" id="10696417367" timestamp="2026-08-18T20:44:39Z" changeset="1" lon="80.2575401" uid="1" version="1" lat="13.0746876" /><node user="OSMnx" visible="true" id="10696417368" timestamp="2026-08-18T20:44:39Z" changeset="1" lon="80.2575286" uid="1" version="1" lat="13.0746909" /><node user="OSMnx" visible="true" id="10696417370" timestamp="2026-08-18T20:44:39Z" changeset="1" lon="80.2575489" uid="1" version="1" lat="13.0746312" /><node user="OSMnx" visible="true" id="10699064158" timestamp="2026-08-18T20:44:39Z" changeset="1" lon="80.2569642" uid="1" version="1" lat="13.0792179" /><node user="OSMnx" visible="true" id="10718865439" timestamp="2026-08-18T20:44:39Z" changeset="1" lon="80.269919" uid="1" version="1" lat="13.0894755" /><node user="OSMnx" visible="true" id="10742983794" timestamp="2026-08-18T20:44:39Z" changeset="1" lon="80.2764848" uid="1" version="1" lat="13.0846742" /><node user="OSMnx" visible="true" id="10758035617" timestamp="2026-08-18T20:44:39Z" changeset="1" lon="80.2836901" uid="1" version="1" lat="13.0901815" /><node user="OSMnx" visible="true" id="10758190939" timestamp="2026-08-18T20:44:39Z" changeset="1" lon="80.2840543" uid="1" version="1" lat="13.0915381" /><node user="OSMnx" visible="true" id="10758209871" timestamp="2026-08-18T20:44:39Z" changeset="1" lon="80.2842483" uid="1" version="1" lat="13.0885296" /><node user="OSMnx" visible="true" id="10758209874" timestamp="2026-08-18T20:44:39Z" changeset="1" lon="80.2838091" uid="1" version="1" lat="13.0885111" /><node user="OSMnx" visible="true" id="10758209879" timestamp="2026-08-18T20:44:39Z" changeset="1" lon="80.2833749" uid="1" version="1" lat="13.0884719" /><node user="OSMnx" visible="true" id="10772497877" timestamp="2026-08-18T20:44:39Z" changeset="1" lon="80.2793202" uid="1" version="1" lat="13.0868442" /><node user="OSMnx" visible="true" id="10772529938" timestamp="2026-08-18T20:44:39Z" changeset="1" lon="80.278946" uid="1" version="1" lat="13.0871249" /><node user="OSMnx" visible="true" id="10772841041" timestamp="2026-08-18T20:44:39Z" changeset="1" lon="80.2826253" uid="1" version="1" lat="13.0895678" /><node user="OSMnx" visible="true" id="10772841149" timestamp="2026-08-18T20:44:39Z" changeset="1" lon="80.2830282" uid="1" version="1" lat="13.0912214" /><node user="OSMnx" visible="true" id="10794998594" timestamp="2026-08-18T20:44:39Z" changeset="1" lon="80.2821127" uid="1" version="1" lat="13.0893455" /><node user="OSMnx" visible="true" id="10794998595" timestamp="2026-08-18T20:44:39Z" changeset="1" lon="80.2821791" uid="1" version="1" lat="13.0897033" /><node user="OSMnx" visible="true" id="10794998596" timestamp="2026-08-18T20:44:39Z" changeset="1" lon="80.2823376" uid="1" version="1" lat="13.0907014" /><node user="OSMnx" visible="true" id="10794998597" timestamp="2026-08-18T20:44:39Z" changeset="1" lon="80.2823714" uid="1" version="1" lat="13.0909942" /><node user="OSMnx" visible="true" id="10794998598" timestamp="2026-08-18T20:44:39Z" changeset="1" lon="80.2828103" uid="1" version="1" lat="13.0908934" /><node user="OSMnx" visible="true" id="10794998599" timestamp="2026-08-18T20:44:39Z" changeset="1" lon="80.2827761" uid="1" version="1" lat="13.09059" /><node user="OSMnx" visible="true" id="10794998600" timestamp="2026-08-18T20:44:39Z" changeset="1" lon="80.28269" uid="1" version="1" lat="13.0899552" /><node user="OSMnx" visible="true" id="10794998601" timestamp="2026-08-18T20:44:39Z" changeset="1" lon="80.2825705" uid="1" version="1" lat="13.0892472" /><node user="OSMnx" visible="true" id="10794998602" timestamp="2026-08-18T20:44:39Z" changeset="1" lon="80.2835976" uid="1" version="1" lat="13.0895856" /><node user="OSMnx" visible="true" id="10794998603" timestamp="2026-08-18T20:44:39Z" changeset="1" lon="80.2837535" uid="1" version="1" lat="13.0902363" /><node user="OSMnx" visible="true" id="10794998604" timestamp="2026-08-18T20:44:39Z" changeset="1" lon="80.2837439" uid="1" version="1" lat="13.0902114" /><node user="OSMnx" visible="true" id="10795032205" timestamp="2026-08-18T20:44:39Z" changeset="1" lon="80.2837171" uid="1" version="1" lat="13.0901916" /><node user="OSMnx" visible="true" id="10795032206" timestamp="2026-08-18T20:44:39Z" changeset="1" lon="80.2837065" uid="1" version="1" lat="13.0901891" /><node user="OSMnx" visible="true" id="10795032207" timestamp="2026-08-18T20:44:39Z" changeset="1" lon="80.283681" uid="1" version="1" lat="13.0901679" /><node user="OSMnx" visible="true" id="10795032208" timestamp="2026-08-18T20:44:39Z" changeset="1" lon="80.2836701" uid="1" version="1" lat="13.0901023" /><node user="OSMnx" visible="true" id="10795032209" timestamp="2026-08-18T20:44:39Z" changeset="1" lon="80.2836784" uid="1" version="1" lat="13.0901604" /><node user="OSMnx" visible="true" id="10795032210" timestamp="2026-08-18T20:44:39Z" changeset="1" lon="80.283685" uid="1" version="1" lat="13.0901761" /><node user="OSMnx" visible="true" id="10795032211" timestamp="2026-08-18T20:44:39Z" changeset="1" lon="80.2836969" uid="1" version="1" lat="13.0901857" /><node user="OSMnx" visible="true" id="10795032212" timestamp="2026-08-18T20:44:39Z" changeset="1" lon="80.2837254" uid="1" version="1" lat="13.0901942" /><node user="OSMnx" visible="true" id="10795032213" timestamp="2026-08-18T20:44:39Z" changeset="1" lon="80.2837385" uid="1" version="1" lat="13.0902034" /><node user="OSMnx" visible="true" id="10795032214" timestamp="2026-08-18T20:44:39Z" changeset="1" lon="80.2837496" uid="1" version="1" lat="13.090223" /><node user="OSMnx" visible="true" id="10795032215" timestamp="2026-08-18T20:44:39Z" changeset="1" lon="80.2837581" uid="1" version="1" lat="13.0902572" /><node user="OSMnx" visible="true" id="10795032216" timestamp="2026-08-18T20:44:39Z" changeset="1" lon="80.284466" uid="1" version="1" lat="13.0913645" /><node user="OSMnx" visible="true" id="10795032217" timestamp="2026-08-18T20:44:39Z" changeset="1" lon="80.2832428" uid="1" version="1" lat="13.091076" /><node user="OSMnx" visible="true" id="10795032218" timestamp="2026-08-18T20:44:39Z" changeset="1" lon="80.2832251" uid="1" version="1" lat="13.0910922" /><node user="OSMnx" visible="true" id="10795032219" timestamp="2026-08-18T20:44:39Z" changeset="1" lon="80.2832069" uid="1" version="1" lat="13.0911228" /><node user="OSMnx" visible="true" id="10795032220" timestamp="2026-08-18T20:44:39Z" changeset="1" lon="80.2831974" uid="1" version="1" lat="13.0911525" /><node user="OSMnx" visible="true" id="10795032221" timestamp="2026-08-18T20:44:39Z" changeset="1" lon="80.2831579" uid="1" version="1" lat="13.0911855" /><node user="OSMnx" visible="true" id="10795032222" timestamp="2026-08-18T20:44:39Z" changeset="1" lon="80.2827625" uid="1" version="1" lat="13.0912892" /><node user="OSMnx" visible="true" id="10795032223" timestamp="2026-08-18T20:44:39Z" changeset="1" lon="80.2826767" uid="1" version="1" lat="13.0913129" /><node user="OSMnx" visible="true" id="10796560899" timestamp="2026-08-18T20:44:39Z" changeset="1" lon="80.2798294" uid="1" version="1" lat="13.0869117" /><node user="OSMnx" visible="true" id="10796560900" timestamp="2026-08-18T20:44:39Z" changeset="1" lon="80.2798872" uid="1" version="1" lat="13.0873218" /><node user="OSMnx" visible="true" id="10796560901" timestamp="2026-08-18T20:44:39Z" changeset="1" lon="80.2799467" uid="1" version="1" lat="13.0879524" /><node user="OSMnx" visible="true" id="10796560902" timestamp="2026-08-18T20:44:39Z" changeset="1" lon="80.2798148" uid="1" version="1" lat="13.0868389" /><node user="OSMnx" visible="true" id="10796592631" timestamp="2026-08-18T20:44:39Z" changeset="1" lon="80.2806529" uid="1" version="1" lat="13.0883202" /><node user="OSMnx" visible="true" id="10913194733" timestamp="2026-08-18T20:44:39Z" changeset="1" lon="80.2795174" uid="1" version="1" lat="13.0935899" /><node user="OSMnx" visible="true" id="10913194734" timestamp="2026-08-18T20:44:39Z" changeset="1" lon="80.2795621" uid="1" version="1" lat="13.093912" /><node user="OSMnx" visible="true" id="10913194839" timestamp="2026-08-18T20:44:39Z" changeset="1" lon="80.2785973" uid="1" version="1" lat="13.0934295" /><node user="OSMnx" visible="true" id="10913742890" timestamp="2026-08-18T20:44:39Z" changeset="1" lon="80.2780562" uid="1" version="1" lat="13.0930844" /><node user="OSMnx" visible="true" id="10918115255" timestamp="2026-08-18T20:44:39Z" changeset="1" lon="80.2774246" uid="1" version="1" lat="13.0784165" /><node user="OSMnx" visible="true" id="10918115256" timestamp="2026-08-18T20:44:39Z" changeset="1" lon="80.2809201" uid="1" version="1" lat="13.0784012" /><node user="OSMnx" visible="true" id="10918115257" timestamp="2026-08-18T20:44:39Z" changeset="1" lon="80.2809447" uid="1" version="1" lat="13.0783997" /><node user="OSMnx" visible="true" id="10918115258" timestamp="2026-08-18T20:44:39Z" changeset="1" lon="80.2809675" uid="1" version="1" lat="13.0783968" /><node user="OSMnx" visible="true" id="10918115259" timestamp="2026-08-18T20:44:39Z" changeset="1" lon="80.2809899" uid="1" version="1" lat="13.0783919" /><node user="OSMnx" visible="true" id="10918115260" timestamp="2026-08-18T20:44:39Z" changeset="1" lon="80.2810151" uid="1" version="1" lat="13.078385" /><node user="OSMnx" visible="true" id="10918115261" timestamp="2026-08-18T20:44:39Z" changeset="1" lon="80.2810507" uid="1" version="1" lat="13.0783749" /><node user="OSMnx" visible="true" id="10918115262" timestamp="2026-08-18T20:44:39Z" changeset="1" lon="80.2808861" uid="1" version="1" lat="13.0784014" /><node user="OSMnx" visible="true" id="10918115263" timestamp="2026-08-18T20:44:39Z" changeset="1" lon="80.2811469" uid="1" version="1" lat="13.0783462" /><node user="OSMnx" visible="true" id="10918115264" timestamp="2026-08-18T20:44:39Z" changeset="1" lon="80.281173" uid="1" version="1" lat="13.0783367" /><node user="OSMnx" visible="true" id="10918115265" timestamp="2026-08-18T20:44:39Z" changeset="1" lon="80.281195" uid="1" version="1" lat="13.0783272" /><node user="OSMnx" visible="true" id="10918115266" timestamp="2026-08-18T20:44:39Z" changeset="1" lon="80.2812229" uid="1" version="1" lat="13.0783141" /><node user="OSMnx" visible="true" id="10918115267" timestamp="2026-08-18T20:44:39Z" changeset="1" lon="80.2812415" uid="1" version="1" lat="13.0783038" /><node user="OSMnx" visible="true" id="10918115268" timestamp="2026-08-18T20:44:39Z" changeset="1" lon="80.2812732" uid="1" version="1" lat="13.0782807" /><node user="OSMnx" visible="true" id="10918115269" timestamp="2026-08-18T20:44:39Z" changeset="1" lon="80.2812582" uid="1" version="1" lat="13.0782922" /><node user="OSMnx" visible="true" id="10918115270" timestamp="2026-08-18T20:44:39Z" changeset="1" lon="80.2769127" uid="1" version="1" lat="13.0784202" /><node user="OSMnx" visible="true" id="10918115271" timestamp="2026-08-18T20:44:39Z" changeset="1" lon="80.2766793" uid="1" version="1" lat="13.0784228" /><node user="OSMnx" visible="true" id="10918115272" timestamp="2026-08-18T20:44:39Z" changeset="1" lon="80.276344" uid="1" version="1" lat="13.0784287" /><node user="OSMnx" visible="true" id="10918115273" timestamp="2026-08-18T20:44:39Z" changeset="1" lon="80.2763407" uid="1" version="1" lat="13.0783612" /><node user="OSMnx" visible="true" id="10918115274" timestamp="2026-08-18T20:44:39Z" changeset="1" lon="80.2763322" uid="1" version="1" lat="13.0783176" /><node user="OSMnx" visible="true" id="10918115275" timestamp="2026-08-18T20:44:39Z" changeset="1" lon="80.2763109" uid="1" version="1" lat="13.0782637" /><node user="OSMnx" visible="true" id="10918115276" timestamp="2026-08-18T20:44:39Z" changeset="1" lon="80.2762651" uid="1" version="1" lat="13.0781766" /><node user="OSMnx" visible="true" id="10918115277" timestamp="2026-08-18T20:44:39Z" changeset="1" lon="80.2763378" uid="1" version="1" lat="13.0783407" /><node user="OSMnx" visible="true" id="10918115278" timestamp="2026-08-18T20:44:39Z" changeset="1" lon="80.2763255" uid="1" version="1" lat="13.0782956" /><node user="OSMnx" visible="true" id="10918115279" timestamp="2026-08-18T20:44:39Z" changeset="1" lon="80.2763427" uid="1" version="1" lat="13.0783851" /><node user="OSMnx" visible="true" id="10918115280" timestamp="2026-08-18T20:44:39Z" changeset="1" lon="80.2762871" uid="1" version="1" lat="13.078432" /><node user="OSMnx" visible="true" id="10918115281" timestamp="2026-08-18T20:44:39Z" changeset="1" lon="80.2762212" uid="1" version="1" lat="13.0784394" /><node user="OSMnx" visible="true" id="10918115282" timestamp="2026-08-18T20:44:39Z" changeset="1" lon="80.2761037" uid="1" version="1" lat="13.0784567" /><node user="OSMnx" visible="true" id="10918115283" timestamp="2026-08-18T20:44:39Z" changeset="1" lon="80.2759449" uid="1" version="1" lat="13.0784871" /><node user="OSMnx" visible="true" id="10918115284" timestamp="2026-08-18T20:44:39Z" changeset="1" lon="80.2760235" uid="1" version="1" lat="13.0784711" /><node user="OSMnx" visible="true" id="10918137986" timestamp="2026-08-18T20:44:39Z" changeset="1" lon="80.2761504" uid="1" version="1" lat="13.0778338" /><node user="OSMnx" visible="true" id="10918137987" timestamp="2026-08-18T20:44:39Z" changeset="1" lon="80.2761461" uid="1" version="1" lat="13.0778978" /><node user="OSMnx" visible="true" id="10918137988" timestamp="2026-08-18T20:44:39Z" changeset="1" lon="80.2761373" uid="1" version="1" lat="13.0779543" /><node user="OSMnx" visible="true" id="10918137989" timestamp="2026-08-18T20:44:39Z" changeset="1" lon="80.2761166" uid="1" version="1" lat="13.078001" /><node user="OSMnx" visible="true" id="10918137990" timestamp="2026-08-18T20:44:39Z" changeset="1" lon="80.2760839" uid="1" version="1" lat="13.0780536" /><node user="OSMnx" visible="true" id="10918137991" timestamp="2026-08-18T20:44:39Z" changeset="1" lon="80.2760404" uid="1" version="1" lat="13.0780983" /><node user="OSMnx" visible="true" id="10918137992" timestamp="2026-08-18T20:44:39Z" changeset="1" lon="80.2759883" uid="1" version="1" lat="13.0781327" /><node user="OSMnx" visible="true" id="10918137993" timestamp="2026-08-18T20:44:39Z" changeset="1" lon="80.2759259" uid="1" version="1" lat="13.0781562" /><node user="OSMnx" visible="true" id="10918137994" timestamp="2026-08-18T20:44:39Z" changeset="1" lon="80.2757262" uid="1" version="1" lat="13.0782137" /><node user="OSMnx" visible="true" id="10918137995" timestamp="2026-08-18T20:44:39Z" changeset="1" lon="80.2756445" uid="1" version="1" lat="13.0782405" /><node user="OSMnx" visible="true" id="10918137996" timestamp="2026-08-18T20:44:39Z" changeset="1" lon="80.2755569" uid="1" version="1" lat="13.0782737" /><node user="OSMnx" visible="true" id="10918137997" timestamp="2026-08-18T20:44:39Z" changeset="1" lon="80.2754586" uid="1" version="1" lat="13.0783138" /><node user="OSMnx" visible="true" id="10918137998" timestamp="2026-08-18T20:44:39Z" changeset="1" lon="80.2753106" uid="1" version="1" lat="13.0784105" /><node user="OSMnx" visible="true" id="10918137999" timestamp="2026-08-18T20:44:39Z" changeset="1" lon="80.275146" uid="1" version="1" lat="13.0786591" /><node user="OSMnx" visible="true" id="10918138000" timestamp="2026-08-18T20:44:39Z" changeset="1" lon="80.2751304" uid="1" version="1" lat="13.0787186" /><node user="OSMnx" visible="true" id="10918138001" timestamp="2026-08-18T20:44:39Z" changeset="1" lon="80.2751209" uid="1" version="1" lat="13.0788441" /><node user="OSMnx" visible="true" id="10918138002" timestamp="2026-08-18T20:44:39Z" changeset="1" lon="80.2751253" uid="1" version="1" lat="13.0789143" /><node user="OSMnx" visible="true" id="10918138003" timestamp="2026-08-18T20:44:39Z" changeset="1" lon="80.2751363" uid="1" version="1" lat="13.0789872" /><node user="OSMnx" visible="true" id="10918138004" timestamp="2026-08-18T20:44:39Z" changeset="1" lon="80.275253" uid="1" version="1" lat="13.0795089" /><node user="OSMnx" visible="true" id="10918138005" timestamp="2026-08-18T20:44:39Z" changeset="1" lon="80.2752689" uid="1" version="1" lat="13.0795807" /><node user="OSMnx" visible="true" id="10918138006" timestamp="2026-08-18T20:44:39Z" changeset="1" lon="80.2752928" uid="1" version="1" lat="13.0798096" /><node user="OSMnx" visible="true" id="10918138007" timestamp="2026-08-18T20:44:39Z" changeset="1" lon="80.275294" uid="1" version="1" lat="13.0798793" /><node user="OSMnx" visible="true" id="10918138008" timestamp="2026-08-18T20:44:39Z" changeset="1" lon="80.2752843" uid="1" version="1" lat="13.0800284" /><node user="OSMnx" visible="true" id="10918138009" timestamp="2026-08-18T20:44:39Z" changeset="1" lon="80.2752923" uid="1" version="1" lat="13.0799312" /><node user="OSMnx" visible="true" id="10918138010" timestamp="2026-08-18T20:44:39Z" changeset="1" lon="80.2752723" uid="1" version="1" lat="13.0808439" /><node user="OSMnx" visible="true" id="10918138011" timestamp="2026-08-18T20:44:39Z" changeset="1" lon="80.2753393" uid="1" version="1" lat="13.0802291" /><node user="OSMnx" visible="true" id="10918138012" timestamp="2026-08-18T20:44:39Z" changeset="1" lon="80.2753591" uid="1" version="1" lat="13.0800571" /><node user="OSMnx" visible="true" id="10918138013" timestamp="2026-08-18T20:44:39Z" changeset="1" lon="80.275373" uid="1" version="1" lat="13.0798669" /><node user="OSMnx" visible="true" id="10918138014" timestamp="2026-08-18T20:44:39Z" changeset="1" lon="80.2753725" uid="1" version="1" lat="13.079801" /><node user="OSMnx" visible="true" id="10918138015" timestamp="2026-08-18T20:44:39Z" changeset="1" lon="80.2753712" uid="1" version="1" lat="13.079904" /><node user="OSMnx" visible="true" id="10918138016" timestamp="2026-08-18T20:44:39Z" changeset="1" lon="80.2753616" uid="1" version="1" lat="13.0796651" /><node user="OSMnx" visible="true" id="10918138017" timestamp="2026-08-18T20:44:39Z" changeset="1" lon="80.275334" uid="1" version="1" lat="13.0794843" /><node user="OSMnx" visible="true" id="10918138018" timestamp="2026-08-18T20:44:39Z" changeset="1" lon="80.2752059" uid="1" version="1" lat="13.0789043" /><node user="OSMnx" visible="true" id="10918138019" timestamp="2026-08-18T20:44:39Z" changeset="1" lon="80.2752003" uid="1" version="1" lat="13.0788497" /><node user="OSMnx" visible="true" id="10918138020" timestamp="2026-08-18T20:44:39Z" changeset="1" lon="80.2752016" uid="1" version="1" lat="13.0787858" /><node user="OSMnx" visible="true" id="10918138021" timestamp="2026-08-18T20:44:39Z" changeset="1" lon="80.2752197" uid="1" version="1" lat="13.0787013" /><node user="OSMnx" visible="true" id="10918138022" timestamp="2026-08-18T20:44:39Z" changeset="1" lon="80.2753288" uid="1" version="1" lat="13.0785108" /><node user="OSMnx" visible="true" id="10918138023" timestamp="2026-08-18T20:44:39Z" changeset="1" lon="80.2757359" uid="1" version="1" lat="13.0783049" /><node user="OSMnx" visible="true" id="10918138024" timestamp="2026-08-18T20:44:39Z" changeset="1" lon="80.2758813" uid="1" version="1" lat="13.0782612" /><node user="OSMnx" visible="true" id="10918138025" timestamp="2026-08-18T20:44:39Z" changeset="1" lon="80.2756024" uid="1" version="1" lat="13.078348" /><node user="OSMnx" visible="true" id="10918138026" timestamp="2026-08-18T20:44:39Z" changeset="1" lon="80.2762588" uid="1" version="1" lat="13.0772122" /><node user="OSMnx" visible="true" id="10918138027" timestamp="2026-08-18T20:44:39Z" changeset="1" lon="80.2760565" uid="1" version="1" lat="13.0781976" /><node user="OSMnx" visible="true" id="10918138028" timestamp="2026-08-18T20:44:39Z" changeset="1" lon="80.2761172" uid="1" version="1" lat="13.0781551" /><node user="OSMnx" visible="true" id="10918138029" timestamp="2026-08-18T20:44:39Z" changeset="1" lon="80.2761715" uid="1" version="1" lat="13.0780877" /><node user="OSMnx" visible="true" id="10918138030" timestamp="2026-08-18T20:44:39Z" changeset="1" lon="80.2762119" uid="1" version="1" lat="13.078013" /><node user="OSMnx" visible="true" id="10918138031" timestamp="2026-08-18T20:44:39Z" changeset="1" lon="80.2762237" uid="1" version="1" lat="13.0779477" /><node user="OSMnx" visible="true" id="10918138032" timestamp="2026-08-18T20:44:39Z" changeset="1" lon="80.2762332" uid="1" version="1" lat="13.077871" /><node user="OSMnx" visible="true" id="10918138033" timestamp="2026-08-18T20:44:39Z" changeset="1" lon="80.2762354" uid="1" version="1" lat="13.0777538" /><node user="OSMnx" visible="true" id="10918138059" timestamp="2026-08-18T20:44:39Z" changeset="1" lon="80.2752697" uid="1" version="1" lat="13.0795853" /><node user="OSMnx" visible="true" id="10931088815" timestamp="2026-08-18T20:44:39Z" changeset="1" lon="80.2818924" uid="1" version="1" lat="13.0933593" /><node user="OSMnx" visible="true" id="10931088818" timestamp="2026-08-18T20:44:39Z" changeset="1" lon="80.2816056" uid="1" version="1" lat="13.0935371" /><node user="OSMnx" visible="true" id="10931088819" timestamp="2026-08-18T20:44:39Z" changeset="1" lon="80.2815098" uid="1" version="1" lat="13.0936264" /><node user="OSMnx" visible="true" id="10931088834" timestamp="2026-08-18T20:44:39Z" changeset="1" lon="80.2812019" uid="1" version="1" lat="13.0929328" /><node user="OSMnx" visible="true" id="10931088838" timestamp="2026-08-18T20:44:39Z" changeset="1" lon="80.281269" uid="1" version="1" lat="13.0933108" /><node user="OSMnx" visible="true" id="10931088850" timestamp="2026-08-18T20:44:39Z" changeset="1" lon="80.2812316" uid="1" version="1" lat="13.0931103" /><node user="OSMnx" visible="true" id="10931088854" timestamp="2026-08-18T20:44:39Z" changeset="1" lon="80.2812994" uid="1" version="1" lat="13.0934595" /><node user="OSMnx" visible="true" id="10933187050" timestamp="2026-08-18T20:44:39Z" changeset="1" lon="80.2841" uid="1" version="1" lat="13.0943628" /><node user="OSMnx" visible="true" id="10933187051" timestamp="2026-08-18T20:44:39Z" changeset="1" lon="80.2840651" uid="1" version="1" lat="13.0941426" /><node user="OSMnx" visible="true" id="10933187052" timestamp="2026-08-18T20:44:39Z" changeset="1" lon="80.284063" uid="1" version="1" lat="13.0941327" /><node user="OSMnx" visible="true" id="10933187053" timestamp="2026-08-18T20:44:39Z" changeset="1" lon="80.2840588" uid="1" version="1" lat="13.09412" /><node user="OSMnx" visible="true" id="10933187054" timestamp="2026-08-18T20:44:39Z" changeset="1" lon="80.284054" uid="1" version="1" lat="13.0941081" /><node user="OSMnx" visible="true" id="10933187055" timestamp="2026-08-18T20:44:39Z" changeset="1" lon="80.2840505" uid="1" version="1" lat="13.0940962" /><node user="OSMnx" visible="true" id="10933187056" timestamp="2026-08-18T20:44:39Z" changeset="1" lon="80.2840476" uid="1" version="1" lat="13.0940822" /><node user="OSMnx" visible="true" id="10933187057" timestamp="2026-08-18T20:44:39Z" changeset="1" lon="80.2839218" uid="1" version="1" lat="13.0933125" /><node user="OSMnx" visible="true" id="10933187058" timestamp="2026-08-18T20:44:39Z" changeset="1" lon="80.2840564" uid="1" version="1" lat="13.0941141" /><node user="OSMnx" visible="true" id="10933187059" timestamp="2026-08-18T20:44:39Z" changeset="1" lon="80.2840611" uid="1" version="1" lat="13.0941264" /><node user="OSMnx" visible="true" id="10933187060" timestamp="2026-08-18T20:44:39Z" changeset="1" lon="80.2840642" uid="1" version="1" lat="13.0941377" /><node user="OSMnx" visible="true" id="10933187061" timestamp="2026-08-18T20:44:39Z" changeset="1" lon="80.2840523" uid="1" version="1" lat="13.0941032" /><node user="OSMnx" visible="true" id="10933187062" timestamp="2026-08-18T20:44:39Z" changeset="1" lon="80.2840665" uid="1" version="1" lat="13.0941505" /><node user="OSMnx" visible="true" id="10933187063" timestamp="2026-08-18T20:44:39Z" changeset="1" lon="80.2840099" uid="1" version="1" lat="13.0938443" /><node user="OSMnx" visible="true" id="10933187064" timestamp="2026-08-18T20:44:39Z" changeset="1" lon="80.2835921" uid="1" version="1" lat="13.093907" /><node user="OSMnx" visible="true" id="10933187078" timestamp="2026-08-18T20:44:39Z" changeset="1" lon="80.2835193" uid="1" version="1" lat="13.0933689" /><node user="OSMnx" visible="true" id="10933576255" timestamp="2026-08-18T20:44:39Z" changeset="1" lon="80.2825765" uid="1" version="1" lat="13.0928835" /><node user="OSMnx" visible="true" id="10933576257" timestamp="2026-08-18T20:44:39Z" changeset="1" lon="80.2824768" uid="1" version="1" lat="13.0929437" /><node user="OSMnx" visible="true" id="10933856322" timestamp="2026-08-18T20:44:39Z" changeset="1" lon="80.2793585" uid="1" version="1" lat="13.0947487" /><node user="OSMnx" visible="true" id="10933856323" timestamp="2026-08-18T20:44:39Z" changeset="1" lon="80.2793585" uid="1" version="1" lat="13.0947721" /><node user="OSMnx" visible="true" id="10933856324" timestamp="2026-08-18T20:44:39Z" changeset="1" lon="80.2793533" uid="1" version="1" lat="13.0948007" /><node user="OSMnx" visible="true" id="10933856325" timestamp="2026-08-18T20:44:39Z" changeset="1" lon="80.2793518" uid="1" version="1" lat="13.0948284" /><node user="OSMnx" visible="true" id="10933856326" timestamp="2026-08-18T20:44:39Z" changeset="1" lon="80.279355" uid="1" version="1" lat="13.0948673" /><node user="OSMnx" visible="true" id="10933856327" timestamp="2026-08-18T20:44:39Z" changeset="1" lon="80.2793544" uid="1" version="1" lat="13.0947227" /><node user="OSMnx" visible="true" id="10936848866" timestamp="2026-08-18T20:44:39Z" changeset="1" lon="80.2822722" uid="1" version="1" lat="13.0923924" /><node user="OSMnx" visible="true" id="10936848867" timestamp="2026-08-18T20:44:39Z" changeset="1" lon="80.2821451" uid="1" version="1" lat="13.0924069" /><node user="OSMnx" visible="true" id="10936848868" timestamp="2026-08-18T20:44:39Z" changeset="1" lon="80.2820299" uid="1" version="1" lat="13.0924149" /><node user="OSMnx" visible="true" id="10936848869" timestamp="2026-08-18T20:44:39Z" changeset="1" lon="80.2819481" uid="1" version="1" lat="13.0924182" /><node user="OSMnx" visible="true" id="10936848870" timestamp="2026-08-18T20:44:39Z" changeset="1" lon="80.2818086" uid="1" version="1" lat="13.0924217" /><node user="OSMnx" visible="true" id="10936848871" timestamp="2026-08-18T20:44:39Z" changeset="1" lon="80.2818724" uid="1" version="1" lat="13.092419" /><node user="OSMnx" visible="true" id="10936848872" timestamp="2026-08-18T20:44:39Z" changeset="1" lon="80.281651" uid="1" version="1" lat="13.0924327" /><node user="OSMnx" visible="true" id="10936848873" timestamp="2026-08-18T20:44:39Z" changeset="1" lon="80.281454" uid="1" version="1" lat="13.0924514" /><node user="OSMnx" visible="true" id="10936848874" timestamp="2026-08-18T20:44:39Z" changeset="1" lon="80.2812653" uid="1" version="1" lat="13.0924658" /><node user="OSMnx" visible="true" id="10936848883" timestamp="2026-08-18T20:44:39Z" changeset="1" lon="80.2816517" uid="1" version="1" lat="13.093505" /><node user="OSMnx" visible="true" id="10936848884" timestamp="2026-08-18T20:44:39Z" changeset="1" lon="80.281563" uid="1" version="1" lat="13.0935747" /><node user="OSMnx" visible="true" id="10936848885" timestamp="2026-08-18T20:44:39Z" changeset="1" lon="80.282725" uid="1" version="1" lat="13.0923191" /><node user="OSMnx" visible="true" id="10936848886" timestamp="2026-08-18T20:44:39Z" changeset="1" lon="80.2829108" uid="1" version="1" lat="13.0922818" /><node user="OSMnx" visible="true" id="10936848887" timestamp="2026-08-18T20:44:39Z" changeset="1" lon="80.283061" uid="1" version="1" lat="13.0922459" /><node user="OSMnx" visible="true" id="10936848888" timestamp="2026-08-18T20:44:39Z" changeset="1" lon="80.2836431" uid="1" version="1" lat="13.092016" /><node user="OSMnx" visible="true" id="10936848889" timestamp="2026-08-18T20:44:39Z" changeset="1" lon="80.2837819" uid="1" version="1" lat="13.0919503" /><node user="OSMnx" visible="true" id="10936848890" timestamp="2026-08-18T20:44:39Z" changeset="1" lon="80.2839034" uid="1" version="1" lat="13.0918874" /><node user="OSMnx" visible="true" id="10936848891" timestamp="2026-08-18T20:44:39Z" changeset="1" lon="80.2840267" uid="1" version="1" lat="13.0918269" /><node user="OSMnx" visible="true" id="10936848892" timestamp="2026-08-18T20:44:39Z" changeset="1" lon="80.2788201" uid="1" version="1" lat="13.0895536" /><node user="OSMnx" visible="true" id="10936848893" timestamp="2026-08-18T20:44:39Z" changeset="1" lon="80.2787008" uid="1" version="1" lat="13.0896306" /><node user="OSMnx" visible="true" id="10936848894" timestamp="2026-08-18T20:44:39Z" changeset="1" lon="80.2784772" uid="1" version="1" lat="13.0897491" /><node user="OSMnx" visible="true" id="10942166360" timestamp="2026-08-18T20:44:39Z" changeset="1" lon="80.2653519" uid="1" version="1" lat="13.0765884" /><node user="OSMnx" visible="true" id="10942166361" timestamp="2026-08-18T20:44:39Z" changeset="1" lon="80.2653772" uid="1" version="1" lat="13.0766643" /><node user="OSMnx" visible="true" id="10942166362" timestamp="2026-08-18T20:44:39Z" changeset="1" lon="80.2654262" uid="1" version="1" lat="13.0768396" /><node user="OSMnx" visible="true" id="10942166363" timestamp="2026-08-18T20:44:39Z" changeset="1" lon="80.265405" uid="1" version="1" lat="13.0767569" /><node user="OSMnx" visible="true" id="10942166364" timestamp="2026-08-18T20:44:39Z" changeset="1" lon="80.2653645" uid="1" version="1" lat="13.0766264" /><node user="OSMnx" visible="true" id="10942166365" timestamp="2026-08-18T20:44:39Z" changeset="1" lon="80.2654555" uid="1" version="1" lat="13.0765553" /><node user="OSMnx" visible="true" id="10942166366" timestamp="2026-08-18T20:44:39Z" changeset="1" lon="80.2654657" uid="1" version="1" lat="13.0766055" /><node user="OSMnx" visible="true" id="10942166367" timestamp="2026-08-18T20:44:39Z" changeset="1" lon="80.2654828" uid="1" version="1" lat="13.0766829" /><node user="OSMnx" visible="true" id="10942166368" timestamp="2026-08-18T20:44:39Z" changeset="1" lon="80.2655193" uid="1" version="1" lat="13.0768537" /><node user="OSMnx" visible="true" id="10942166371" timestamp="2026-08-18T20:44:39Z" changeset="1" lon="80.2656188" uid="1" version="1" lat="13.0763537" /><node user="OSMnx" visible="true" id="10942166372" timestamp="2026-08-18T20:44:39Z" changeset="1" lon="80.2662422" uid="1" version="1" lat="13.0762169" /><node user="OSMnx" visible="true" id="10942166373" timestamp="2026-08-18T20:44:39Z" changeset="1" lon="80.2653844" uid="1" version="1" lat="13.0764986" /><node user="OSMnx" visible="true" id="10942166374" timestamp="2026-08-18T20:44:39Z" changeset="1" lon="80.2654158" uid="1" version="1" lat="13.0764846" /><node user="OSMnx" visible="true" id="10942166375" timestamp="2026-08-18T20:44:39Z" changeset="1" lon="80.2654627" uid="1" version="1" lat="13.0764305" /><node user="OSMnx" visible="true" id="10942166376" timestamp="2026-08-18T20:44:39Z" changeset="1" lon="80.2654706" uid="1" version="1" lat="13.0764053" /><node user="OSMnx" visible="true" id="10942166377" timestamp="2026-08-18T20:44:39Z" changeset="1" lon="80.2654726" uid="1" version="1" lat="13.076379" /><node user="OSMnx" visible="true" id="10942166378" timestamp="2026-08-18T20:44:39Z" changeset="1" lon="80.2654529" uid="1" version="1" lat="13.076318" /><node user="OSMnx" visible="true" id="10942166379" timestamp="2026-08-18T20:44:39Z" changeset="1" lon="80.2653155" uid="1" version="1" lat="13.0762674" /><node user="OSMnx" visible="true" id="10942166380" timestamp="2026-08-18T20:44:39Z" changeset="1" lon="80.26528" uid="1" version="1" lat="13.0762834" /><node user="OSMnx" visible="true" id="10942166381" timestamp="2026-08-18T20:44:39Z" changeset="1" lon="80.2652458" uid="1" version="1" lat="13.0763172" /><node user="OSMnx" visible="true" id="10942166382" timestamp="2026-08-18T20:44:39Z" changeset="1" lon="80.2652262" uid="1" version="1" lat="13.0763708" /><node user="OSMnx" visible="true" id="10942166383" timestamp="2026-08-18T20:44:39Z" changeset="1" lon="80.2652266" uid="1" version="1" lat="13.0763994" /><node user="OSMnx" visible="true" id="10942166384" timestamp="2026-08-18T20:44:39Z" changeset="1" lon="80.265234" uid="1" version="1" lat="13.0764271" /><node user="OSMnx" visible="true" id="10942166385" timestamp="2026-08-18T20:44:39Z" changeset="1" lon="80.2652478" uid="1" version="1" lat="13.0764523" /><node user="OSMnx" visible="true" id="10942166386" timestamp="2026-08-18T20:44:39Z" changeset="1" lon="80.2653927" uid="1" version="1" lat="13.0762707" /><node user="OSMnx" visible="true" id="10942166387" timestamp="2026-08-18T20:44:39Z" changeset="1" lon="80.2653544" uid="1" version="1" lat="13.076263" /><node user="OSMnx" visible="true" id="10942166388" timestamp="2026-08-18T20:44:39Z" changeset="1" lon="80.2652806" uid="1" version="1" lat="13.0764835" /><node user="OSMnx" visible="true" id="10942166389" timestamp="2026-08-18T20:44:39Z" changeset="1" lon="80.2652977" uid="1" version="1" lat="13.0764927" /><node user="OSMnx" visible="true" id="10942166390" timestamp="2026-08-18T20:44:39Z" changeset="1" lon="80.2653503" uid="1" version="1" lat="13.0765036" /><node user="OSMnx" visible="true" id="10942166391" timestamp="2026-08-18T20:44:39Z" changeset="1" lon="80.2654267" uid="1" version="1" lat="13.0762896" /><node user="OSMnx" visible="true" id="10942166396" timestamp="2026-08-18T20:44:39Z" changeset="1" lon="80.2654495" uid="1" version="1" lat="13.0764534" /><node user="OSMnx" visible="true" id="10942166397" timestamp="2026-08-18T20:44:39Z" changeset="1" lon="80.265598" uid="1" version="1" lat="13.0763578" /><node user="OSMnx" visible="true" id="10942166398" timestamp="2026-08-18T20:44:39Z" changeset="1" lon="80.2655545" uid="1" version="1" lat="13.0763598" /><node user="OSMnx" visible="true" id="10942166399" timestamp="2026-08-18T20:44:39Z" changeset="1" lon="80.265508" uid="1" version="1" lat="13.076359" /><node user="OSMnx" visible="true" id="10942166400" timestamp="2026-08-18T20:44:39Z" changeset="1" lon="80.2654686" uid="1" version="1" lat="13.0763529" /><node user="OSMnx" visible="true" id="10942166401" timestamp="2026-08-18T20:44:39Z" changeset="1" lon="80.265446" uid="1" version="1" lat="13.0765056" /><node user="OSMnx" visible="true" id="10942166402" timestamp="2026-08-18T20:44:39Z" changeset="1" lon="80.265442" uid="1" version="1" lat="13.0764626" /><node user="OSMnx" visible="true" id="10942166403" timestamp="2026-08-18T20:44:39Z" changeset="1" lon="80.2653319" uid="1" version="1" lat="13.0765324" /><node user="OSMnx" visible="true" id="10942166404" timestamp="2026-08-18T20:44:39Z" changeset="1" lon="80.265316" uid="1" version="1" lat="13.0764992" /><node user="OSMnx" visible="true" id="10942180705" timestamp="2026-08-18T20:44:39Z" changeset="1" lon="80.2647518" uid="1" version="1" lat="13.0759816" /><node user="OSMnx" visible="true" id="10942180706" timestamp="2026-08-18T20:44:39Z" changeset="1" lon="80.2648433" uid="1" version="1" lat="13.0760293" /><node user="OSMnx" visible="true" id="10942180707" timestamp="2026-08-18T20:44:39Z" changeset="1" lon="80.2649391" uid="1" version="1" lat="13.076077" /><node user="OSMnx" visible="true" id="10942180708" timestamp="2026-08-18T20:44:39Z" changeset="1" lon="80.2650285" uid="1" version="1" lat="13.0761174" /><node user="OSMnx" visible="true" id="10942180709" timestamp="2026-08-18T20:44:39Z" changeset="1" lon="80.2651137" uid="1" version="1" lat="13.0761544" /><node user="OSMnx" visible="true" id="10942180710" timestamp="2026-08-18T20:44:39Z" changeset="1" lon="80.2651771" uid="1" version="1" lat="13.0761937" /><node user="OSMnx" visible="true" id="10942180712" timestamp="2026-08-18T20:44:39Z" changeset="1" lon="80.2646983" uid="1" version="1" lat="13.0760376" /><node user="OSMnx" visible="true" id="10942180713" timestamp="2026-08-18T20:44:39Z" changeset="1" lon="80.2649272" uid="1" version="1" lat="13.0761645" /><node user="OSMnx" visible="true" id="10942180714" timestamp="2026-08-18T20:44:39Z" changeset="1" lon="80.2649687" uid="1" version="1" lat="13.0761945" /><node user="OSMnx" visible="true" id="10942180715" timestamp="2026-08-18T20:44:39Z" changeset="1" lon="80.2650138" uid="1" version="1" lat="13.076231" /><node user="OSMnx" visible="true" id="10942180716" timestamp="2026-08-18T20:44:39Z" changeset="1" lon="80.2650981" uid="1" version="1" lat="13.0763121" /><node user="OSMnx" visible="true" id="10942180717" timestamp="2026-08-18T20:44:39Z" changeset="1" lon="80.2648639" uid="1" version="1" lat="13.0761269" /><node user="OSMnx" visible="true" id="10942180718" timestamp="2026-08-18T20:44:39Z" changeset="1" lon="80.2647831" uid="1" version="1" lat="13.0760833" /><node user="OSMnx" visible="true" id="10942180719" timestamp="2026-08-18T20:44:39Z" changeset="1" lon="80.2648197" uid="1" version="1" lat="13.076017" /><node user="OSMnx" visible="true" id="10942180720" timestamp="2026-08-18T20:44:39Z" changeset="1" lon="80.2654098" uid="1" version="1" lat="13.0762405" /><node user="OSMnx" visible="true" id="10942180721" timestamp="2026-08-18T20:44:39Z" changeset="1" lon="80.2653912" uid="1" version="1" lat="13.0761722" /><node user="OSMnx" visible="true" id="10942180722" timestamp="2026-08-18T20:44:39Z" changeset="1" lon="80.2653718" uid="1" version="1" lat="13.0760784" /><node user="OSMnx" visible="true" id="10942180723" timestamp="2026-08-18T20:44:39Z" changeset="1" lon="80.2653558" uid="1" version="1" lat="13.075992" /><node user="OSMnx" visible="true" id="10942180724" timestamp="2026-08-18T20:44:39Z" changeset="1" lon="80.2653417" uid="1" version="1" lat="13.0759054" /><node user="OSMnx" visible="true" id="10942180725" timestamp="2026-08-18T20:44:39Z" changeset="1" lon="80.2653135" uid="1" version="1" lat="13.0754752" /><node user="OSMnx" visible="true" id="10942180726" timestamp="2026-08-18T20:44:39Z" changeset="1" lon="80.2653093" uid="1" version="1" lat="13.0755715" /><node user="OSMnx" visible="true" id="10942180727" timestamp="2026-08-18T20:44:39Z" changeset="1" lon="80.265309" uid="1" version="1" lat="13.075641" /><node user="OSMnx" visible="true" id="10942180728" timestamp="2026-08-18T20:44:39Z" changeset="1" lon="80.2653133" uid="1" version="1" lat="13.0757247" /><node user="OSMnx" visible="true" id="10942180729" timestamp="2026-08-18T20:44:39Z" changeset="1" lon="80.2653258" uid="1" version="1" lat="13.0758183" /><node user="OSMnx" visible="true" id="10942180730" timestamp="2026-08-18T20:44:39Z" changeset="1" lon="80.2652585" uid="1" version="1" lat="13.0754757" /><node user="OSMnx" visible="true" id="10942180731" timestamp="2026-08-18T20:44:39Z" changeset="1" lon="80.2652483" uid="1" version="1" lat="13.0756642" /><node user="OSMnx" visible="true" id="10942180732" timestamp="2026-08-18T20:44:39Z" changeset="1" lon="80.2652509" uid="1" version="1" lat="13.0757786" /><node user="OSMnx" visible="true" id="10942180733" timestamp="2026-08-18T20:44:39Z" changeset="1" lon="80.2652561" uid="1" version="1" lat="13.0759302" /><node user="OSMnx" visible="true" id="10942180734" timestamp="2026-08-18T20:44:39Z" changeset="1" lon="80.2652574" uid="1" version="1" lat="13.0760321" /><node user="OSMnx" visible="true" id="10942180735" timestamp="2026-08-18T20:44:39Z" changeset="1" lon="80.2652608" uid="1" version="1" lat="13.0761372" /><node user="OSMnx" visible="true" id="10942180739" timestamp="2026-08-18T20:44:39Z" changeset="1" lon="80.2652327" uid="1" version="1" lat="13.0763429" /><node user="OSMnx" visible="true" id="10942180740" timestamp="2026-08-18T20:44:39Z" changeset="1" lon="80.2650405" uid="1" version="1" lat="13.0761226" /><node user="OSMnx" visible="true" id="10942180741" timestamp="2026-08-18T20:44:39Z" changeset="1" lon="80.2652653" uid="1" version="1" lat="13.0764718" /><node user="OSMnx" visible="true" id="10942180742" timestamp="2026-08-18T20:44:39Z" changeset="1" lon="80.2641819" uid="1" version="1" lat="13.0767058" /><node user="OSMnx" visible="true" id="10942180743" timestamp="2026-08-18T20:44:39Z" changeset="1" lon="80.2652553" uid="1" version="1" lat="13.0759084" /><node user="OSMnx" visible="true" id="10942180744" timestamp="2026-08-18T20:44:39Z" changeset="1" lon="80.2654824" uid="1" version="1" lat="13.0784801" /><node user="OSMnx" visible="true" id="10942180745" timestamp="2026-08-18T20:44:39Z" changeset="1" lon="80.2655348" uid="1" version="1" lat="13.078013" /><node user="OSMnx" visible="true" id="10942180747" timestamp="2026-08-18T20:44:39Z" changeset="1" lon="80.2654558" uid="1" version="1" lat="13.0786823" /><node user="OSMnx" visible="true" id="10942180748" timestamp="2026-08-18T20:44:39Z" changeset="1" lon="80.2654446" uid="1" version="1" lat="13.078773" /><node user="OSMnx" visible="true" id="10942180749" timestamp="2026-08-18T20:44:39Z" changeset="1" lon="80.2655557" uid="1" version="1" lat="13.0778074" /><node user="OSMnx" visible="true" id="10942180750" timestamp="2026-08-18T20:44:39Z" changeset="1" lon="80.2655771" uid="1" version="1" lat="13.0775748" /><node user="OSMnx" visible="true" id="10942180751" timestamp="2026-08-18T20:44:39Z" changeset="1" lon="80.2655861" uid="1" version="1" lat="13.0773001" /><node user="OSMnx" visible="true" id="10942180752" timestamp="2026-08-18T20:44:39Z" changeset="1" lon="80.2655814" uid="1" version="1" lat="13.0771897" /><node user="OSMnx" visible="true" id="10942180754" timestamp="2026-08-18T20:44:39Z" changeset="1" lon="80.2655693" uid="1" version="1" lat="13.0771067" /><node user="OSMnx" visible="true" id="10942180755" timestamp="2026-08-18T20:44:39Z" changeset="1" lon="80.2655513" uid="1" version="1" lat="13.0770198" /><node user="OSMnx" visible="true" id="10942180756" timestamp="2026-08-18T20:44:39Z" changeset="1" lon="80.2655392" uid="1" version="1" lat="13.0769551" /><node user="OSMnx" visible="true" id="10942180757" timestamp="2026-08-18T20:44:39Z" changeset="1" lon="80.2654957" uid="1" version="1" lat="13.0771458" /><node user="OSMnx" visible="true" id="10942180758" timestamp="2026-08-18T20:44:39Z" changeset="1" lon="80.2655042" uid="1" version="1" lat="13.0772028" /><node user="OSMnx" visible="true" id="10942180759" timestamp="2026-08-18T20:44:39Z" changeset="1" lon="80.2655101" uid="1" version="1" lat="13.0773401" /><node user="OSMnx" visible="true" id="10942180760" timestamp="2026-08-18T20:44:39Z" changeset="1" lon="80.2655007" uid="1" version="1" lat="13.0774961" /><node user="OSMnx" visible="true" id="10942180761" timestamp="2026-08-18T20:44:39Z" changeset="1" lon="80.2654911" uid="1" version="1" lat="13.0775952" /><node user="OSMnx" visible="true" id="10942180762" timestamp="2026-08-18T20:44:39Z" changeset="1" lon="80.2654408" uid="1" version="1" lat="13.0779958" /><node user="OSMnx" visible="true" id="10942180764" timestamp="2026-08-18T20:44:39Z" changeset="1" lon="80.2634257" uid="1" version="1" lat="13.0781486" /><node user="OSMnx" visible="true" id="10942180765" timestamp="2026-08-18T20:44:39Z" changeset="1" lon="80.263408" uid="1" version="1" lat="13.0781239" /><node user="OSMnx" visible="true" id="10942180766" timestamp="2026-08-18T20:44:39Z" changeset="1" lon="80.2633829" uid="1" version="1" lat="13.0781062" /><node user="OSMnx" visible="true" id="10942180767" timestamp="2026-08-18T20:44:39Z" changeset="1" lon="80.2633532" uid="1" version="1" lat="13.0780977" /><node user="OSMnx" visible="true" id="10942180768" timestamp="2026-08-18T20:44:39Z" changeset="1" lon="80.2633223" uid="1" version="1" lat="13.0780991" /><node user="OSMnx" visible="true" id="10942180769" timestamp="2026-08-18T20:44:39Z" changeset="1" lon="80.2632936" uid="1" version="1" lat="13.0781105" /><node user="OSMnx" visible="true" id="10942180770" timestamp="2026-08-18T20:44:39Z" changeset="1" lon="80.2632704" uid="1" version="1" lat="13.0781304" /><node user="OSMnx" visible="true" id="10942180771" timestamp="2026-08-18T20:44:39Z" changeset="1" lon="80.263269" uid="1" version="1" lat="13.0782418" /><node user="OSMnx" visible="true" id="10942180772" timestamp="2026-08-18T20:44:39Z" changeset="1" lon="80.2632909" uid="1" version="1" lat="13.0782617" /><node user="OSMnx" visible="true" id="10942180773" timestamp="2026-08-18T20:44:39Z" changeset="1" lon="80.263318" uid="1" version="1" lat="13.0782737" /><node user="OSMnx" visible="true" id="10942180774" timestamp="2026-08-18T20:44:39Z" changeset="1" lon="80.2633478" uid="1" version="1" lat="13.0782767" /><node user="OSMnx" visible="true" id="10942180775" timestamp="2026-08-18T20:44:39Z" changeset="1" lon="80.2633769" uid="1" version="1" lat="13.0782703" /><node user="OSMnx" visible="true" id="10942180776" timestamp="2026-08-18T20:44:39Z" changeset="1" lon="80.2634024" uid="1" version="1" lat="13.0782551" /><node user="OSMnx" visible="true" id="10942180777" timestamp="2026-08-18T20:44:39Z" changeset="1" lon="80.2632552" uid="1" version="1" lat="13.0781567" /><node user="OSMnx" visible="true" id="10942180778" timestamp="2026-08-18T20:44:39Z" changeset="1" lon="80.2632499" uid="1" version="1" lat="13.0781864" /><node user="OSMnx" visible="true" id="10942180779" timestamp="2026-08-18T20:44:39Z" changeset="1" lon="80.2634216" uid="1" version="1" lat="13.0782328" /><node user="OSMnx" visible="true" id="10942180780" timestamp="2026-08-18T20:44:39Z" changeset="1" lon="80.2634325" uid="1" version="1" lat="13.0782057" /><node user="OSMnx" visible="true" id="10942180781" timestamp="2026-08-18T20:44:39Z" changeset="1" lon="80.2634339" uid="1" version="1" lat="13.0781766" /><node user="OSMnx" visible="true" id="10942180783" timestamp="2026-08-18T20:44:39Z" changeset="1" lon="80.2640501" uid="1" version="1" lat="13.0783827" /><node user="OSMnx" visible="true" id="10942180785" timestamp="2026-08-18T20:44:39Z" changeset="1" lon="80.2640517" uid="1" version="1" lat="13.078341" /><node user="OSMnx" visible="true" id="10942180787" timestamp="2026-08-18T20:44:39Z" changeset="1" lon="80.2654625" uid="1" version="1" lat="13.0786209" /><node user="OSMnx" visible="true" id="10942180788" timestamp="2026-08-18T20:44:39Z" changeset="1" lon="80.2654562" uid="1" version="1" lat="13.0786782"><tag k="highway" v="traffic_signals" /></node><node user="OSMnx" visible="true" id="10942180789" timestamp="2026-08-18T20:44:39Z" changeset="1" lon="80.26537" uid="1" version="1" lat="13.0786041"><tag k="highway" v="traffic_signals" /></node><node user="OSMnx" visible="true" id="10942180790" timestamp="2026-08-18T20:44:39Z" changeset="1" lon="80.2653625" uid="1" version="1" lat="13.0786602"><tag k="highway" v="traffic_signals" /></node><node user="OSMnx" visible="true" id="10942180791" timestamp="2026-08-18T20:44:39Z" changeset="1" lon="80.2637996" uid="1" version="1" lat="13.0783409" /><node user="OSMnx" visible="true" id="10942180792" timestamp="2026-08-18T20:44:39Z" changeset="1" lon="80.2636453" uid="1" version="1" lat="13.0783171" /><node user="OSMnx" visible="true" id="10942180793" timestamp="2026-08-18T20:44:39Z" changeset="1" lon="80.2635378" uid="1" version="1" lat="13.0783005" /><node user="OSMnx" visible="true" id="10942180794" timestamp="2026-08-18T20:44:39Z" changeset="1" lon="80.2634483" uid="1" version="1" lat="13.0782891" /><node user="OSMnx" visible="true" id="10942180795" timestamp="2026-08-18T20:44:39Z" changeset="1" lon="80.2637981" uid="1" version="1" lat="13.0782926" /><node user="OSMnx" visible="true" id="10942180796" timestamp="2026-08-18T20:44:39Z" changeset="1" lon="80.2636627" uid="1" version="1" lat="13.0782691" /><node user="OSMnx" visible="true" id="10942180797" timestamp="2026-08-18T20:44:39Z" changeset="1" lon="80.2635688" uid="1" version="1" lat="13.0782456" /><node user="OSMnx" visible="true" id="10942180798" timestamp="2026-08-18T20:44:39Z" changeset="1" lon="80.2635031" uid="1" version="1" lat="13.0782221" /><node user="OSMnx" visible="true" id="10942180799" timestamp="2026-08-18T20:44:39Z" changeset="1" lon="80.2634602" uid="1" version="1" lat="13.0781986" /><node user="OSMnx" visible="true" id="10942180800" timestamp="2026-08-18T20:44:39Z" changeset="1" lon="80.2634758" uid="1" version="1" lat="13.07807" /><node user="OSMnx" visible="true" id="10942180801" timestamp="2026-08-18T20:44:39Z" changeset="1" lon="80.2635387" uid="1" version="1" lat="13.0780047" /><node user="OSMnx" visible="true" id="10942180802" timestamp="2026-08-18T20:44:39Z" changeset="1" lon="80.2636185" uid="1" version="1" lat="13.0779083" /><node user="OSMnx" visible="true" id="10942180803" timestamp="2026-08-18T20:44:39Z" changeset="1" lon="80.2637997" uid="1" version="1" lat="13.0776744" /><node user="OSMnx" visible="true" id="10942180804" timestamp="2026-08-18T20:44:39Z" changeset="1" lon="80.2635694" uid="1" version="1" lat="13.0779676" /><node user="OSMnx" visible="true" id="10942180805" timestamp="2026-08-18T20:44:39Z" changeset="1" lon="80.2634404" uid="1" version="1" lat="13.0780995" /><node user="OSMnx" visible="true" id="10942180806" timestamp="2026-08-18T20:44:39Z" changeset="1" lon="80.2642127" uid="1" version="1" lat="13.076506" /><node user="OSMnx" visible="true" id="10942180807" timestamp="2026-08-18T20:44:39Z" changeset="1" lon="80.2639786" uid="1" version="1" lat="13.0774342" /><node user="OSMnx" visible="true" id="10942180808" timestamp="2026-08-18T20:44:39Z" changeset="1" lon="80.2640394" uid="1" version="1" lat="13.0773437" /><node user="OSMnx" visible="true" id="10942180809" timestamp="2026-08-18T20:44:39Z" changeset="1" lon="80.2640698" uid="1" version="1" lat="13.0772762" /><node user="OSMnx" visible="true" id="10942180810" timestamp="2026-08-18T20:44:39Z" changeset="1" lon="80.2640918" uid="1" version="1" lat="13.0771923" /><node user="OSMnx" visible="true" id="10942180811" timestamp="2026-08-18T20:44:39Z" changeset="1" lon="80.2640817" uid="1" version="1" lat="13.0772398" /><node user="OSMnx" visible="true" id="10942180812" timestamp="2026-08-18T20:44:39Z" changeset="1" lon="80.2640566" uid="1" version="1" lat="13.0773087" /><node user="OSMnx" visible="true" id="10942180813" timestamp="2026-08-18T20:44:39Z" changeset="1" lon="80.2640041" uid="1" version="1" lat="13.0773984" /><node user="OSMnx" visible="true" id="10942180814" timestamp="2026-08-18T20:44:39Z" changeset="1" lon="80.2641688" uid="1" version="1" lat="13.0763698" /><node user="OSMnx" visible="true" id="10942180815" timestamp="2026-08-18T20:44:39Z" changeset="1" lon="80.2641827" uid="1" version="1" lat="13.0762458" /><node user="OSMnx" visible="true" id="10942180816" timestamp="2026-08-18T20:44:39Z" changeset="1" lon="80.2642015" uid="1" version="1" lat="13.0760968" /><node user="OSMnx" visible="true" id="10942180817" timestamp="2026-08-18T20:44:39Z" changeset="1" lon="80.2642256" uid="1" version="1" lat="13.0759149" /><node user="OSMnx" visible="true" id="10942180819" timestamp="2026-08-18T20:44:39Z" changeset="1" lon="80.2638793" uid="1" version="1" lat="13.0754542" /><node user="OSMnx" visible="true" id="10942180820" timestamp="2026-08-18T20:44:39Z" changeset="1" lon="80.2642255" uid="1" version="1" lat="13.0763728" /><node user="OSMnx" visible="true" id="10942180821" timestamp="2026-08-18T20:44:39Z" changeset="1" lon="80.2642439" uid="1" version="1" lat="13.0762814" /><node user="OSMnx" visible="true" id="10942180822" timestamp="2026-08-18T20:44:39Z" changeset="1" lon="80.264261" uid="1" version="1" lat="13.0761396" /><node user="OSMnx" visible="true" id="10942180823" timestamp="2026-08-18T20:44:39Z" changeset="1" lon="80.2644736" uid="1" version="1" lat="13.0759159" /><node user="OSMnx" visible="true" id="10942180824" timestamp="2026-08-18T20:44:39Z" changeset="1" lon="80.2643034" uid="1" version="1" lat="13.0758182" /><node user="OSMnx" visible="true" id="10942180825" timestamp="2026-08-18T20:44:39Z" changeset="1" lon="80.2645258" uid="1" version="1" lat="13.0758661" /><node user="OSMnx" visible="true" id="10942180826" timestamp="2026-08-18T20:44:39Z" changeset="1" lon="80.2642609" uid="1" version="1" lat="13.0757165" /><node user="OSMnx" visible="true" id="10942180827" timestamp="2026-08-18T20:44:39Z" changeset="1" lon="80.265263" uid="1" version="1" lat="13.0754137" /><node user="OSMnx" visible="true" id="10942180828" timestamp="2026-08-18T20:44:39Z" changeset="1" lon="80.2652646" uid="1" version="1" lat="13.0753979" /><node user="OSMnx" visible="true" id="10942180829" timestamp="2026-08-18T20:44:39Z" changeset="1" lon="80.2652793" uid="1" version="1" lat="13.07533" /><node user="OSMnx" visible="true" id="10942180830" timestamp="2026-08-18T20:44:39Z" changeset="1" lon="80.2653102" uid="1" version="1" lat="13.0753927" /><node user="OSMnx" visible="true" id="10942180831" timestamp="2026-08-18T20:44:39Z" changeset="1" lon="80.2653122" uid="1" version="1" lat="13.0754301" /><node user="OSMnx" visible="true" id="10942180832" timestamp="2026-08-18T20:44:39Z" changeset="1" lon="80.2652599" uid="1" version="1" lat="13.0754456" /><node user="OSMnx" visible="true" id="10942180833" timestamp="2026-08-18T20:44:39Z" changeset="1" lon="80.2663236" uid="1" version="1" lat="13.0763165" /><node user="OSMnx" visible="true" id="10942180834" timestamp="2026-08-18T20:44:39Z" changeset="1" lon="80.2663464" uid="1" version="1" lat="13.0763259" /><node user="OSMnx" visible="true" id="10942180835" timestamp="2026-08-18T20:44:39Z" changeset="1" lon="80.2663035" uid="1" version="1" lat="13.0763131" /><node user="OSMnx" visible="true" id="10943507331" timestamp="2026-08-18T20:44:39Z" changeset="1" lon="80.2794486" uid="1" version="1" lat="13.0961341" /><node user="OSMnx" visible="true" id="10943507342" timestamp="2026-08-18T20:44:39Z" changeset="1" lon="80.2794958" uid="1" version="1" lat="13.0961109" /><node user="OSMnx" visible="true" id="10943507343" timestamp="2026-08-18T20:44:39Z" changeset="1" lon="80.2795966" uid="1" version="1" lat="13.0960613" /><node user="OSMnx" visible="true" id="10943507344" timestamp="2026-08-18T20:44:39Z" changeset="1" lon="80.279645" uid="1" version="1" lat="13.0960443" /><node user="OSMnx" visible="true" id="10943507345" timestamp="2026-08-18T20:44:39Z" changeset="1" lon="80.2796975" uid="1" version="1" lat="13.0960303" /><node user="OSMnx" visible="true" id="10943507346" timestamp="2026-08-18T20:44:39Z" changeset="1" lon="80.2798108" uid="1" version="1" lat="13.0960062" /><node user="OSMnx" visible="true" id="10943507347" timestamp="2026-08-18T20:44:39Z" changeset="1" lon="80.2798409" uid="1" version="1" lat="13.0960021" /><node user="OSMnx" visible="true" id="10943507348" timestamp="2026-08-18T20:44:39Z" changeset="1" lon="80.279866" uid="1" version="1" lat="13.0959992" /><node user="OSMnx" visible="true" id="10943507349" timestamp="2026-08-18T20:44:39Z" changeset="1" lon="80.2797689" uid="1" version="1" lat="13.0960134" /><node user="OSMnx" visible="true" id="10943507350" timestamp="2026-08-18T20:44:39Z" changeset="1" lon="80.2797325" uid="1" version="1" lat="13.0960213" /><node user="OSMnx" visible="true" id="10943507351" timestamp="2026-08-18T20:44:39Z" changeset="1" lon="80.2796228" uid="1" version="1" lat="13.0960515" /><node user="OSMnx" visible="true" id="10943507352" timestamp="2026-08-18T20:44:39Z" changeset="1" lon="80.2796706" uid="1" version="1" lat="13.0960373" /><node user="OSMnx" visible="true" id="10943507353" timestamp="2026-08-18T20:44:39Z" changeset="1" lon="80.2795685" uid="1" version="1" lat="13.0960738" /><node user="OSMnx" visible="true" id="10943525774" timestamp="2026-08-18T20:44:39Z" changeset="1" lon="80.2843431" uid="1" version="1" lat="13.0951799" /><node user="OSMnx" visible="true" id="10945616486" timestamp="2026-08-18T20:44:39Z" changeset="1" lon="80.26551" uid="1" version="1" lat="13.0772694" /><node user="OSMnx" visible="true" id="10945616487" timestamp="2026-08-18T20:44:39Z" changeset="1" lon="80.265584" uid="1" version="1" lat="13.0774435" /><node user="OSMnx" visible="true" id="10945638473" timestamp="2026-08-18T20:44:39Z" changeset="1" lon="80.2609673" uid="1" version="1" lat="13.0732094" /><node user="OSMnx" visible="true" id="10945638474" timestamp="2026-08-18T20:44:39Z" changeset="1" lon="80.2609785" uid="1" version="1" lat="13.0732336" /><node user="OSMnx" visible="true" id="10945638475" timestamp="2026-08-18T20:44:39Z" changeset="1" lon="80.2609808" uid="1" version="1" lat="13.0732862" /><node user="OSMnx" visible="true" id="10945638476" timestamp="2026-08-18T20:44:39Z" changeset="1" lon="80.2609717" uid="1" version="1" lat="13.0733112" /><node user="OSMnx" visible="true" id="10945638477" timestamp="2026-08-18T20:44:39Z" changeset="1" lon="80.2609564" uid="1" version="1" lat="13.0733332" /><node user="OSMnx" visible="true" id="10945638478" timestamp="2026-08-18T20:44:39Z" changeset="1" lon="80.2609359" uid="1" version="1" lat="13.0733508" /><node user="OSMnx" visible="true" id="10945638479" timestamp="2026-08-18T20:44:39Z" changeset="1" lon="80.2609036" uid="1" version="1" lat="13.0733651" /><node user="OSMnx" visible="true" id="10945638481" timestamp="2026-08-18T20:44:39Z" changeset="1" lon="80.2608065" uid="1" version="1" lat="13.0733438" /><node user="OSMnx" visible="true" id="10945638482" timestamp="2026-08-18T20:44:39Z" changeset="1" lon="80.2607854" uid="1" version="1" lat="13.0733201" /><node user="OSMnx" visible="true" id="10945638484" timestamp="2026-08-18T20:44:39Z" changeset="1" lon="80.2607703" uid="1" version="1" lat="13.0732458" /><node user="OSMnx" visible="true" id="10945638485" timestamp="2026-08-18T20:44:39Z" changeset="1" lon="80.2607877" uid="1" version="1" lat="13.0732046" /><node user="OSMnx" visible="true" id="10945638487" timestamp="2026-08-18T20:44:39Z" changeset="1" lon="80.2608651" uid="1" version="1" lat="13.0731602" /><node user="OSMnx" visible="true" id="10945638488" timestamp="2026-08-18T20:44:39Z" changeset="1" lon="80.2608977" uid="1" version="1" lat="13.0731618" /><node user="OSMnx" visible="true" id="10945638490" timestamp="2026-08-18T20:44:39Z" changeset="1" lon="80.2611132" uid="1" version="1" lat="13.0732618" /><node user="OSMnx" visible="true" id="10945638491" timestamp="2026-08-18T20:44:39Z" changeset="1" lon="80.2611075" uid="1" version="1" lat="13.0732285" /><node user="OSMnx" visible="true" id="10945638492" timestamp="2026-08-18T20:44:39Z" changeset="1" lon="80.2611133" uid="1" version="1" lat="13.0731952" /><node user="OSMnx" visible="true" id="10945638493" timestamp="2026-08-18T20:44:39Z" changeset="1" lon="80.2611299" uid="1" version="1" lat="13.0731656" /><node user="OSMnx" visible="true" id="10945638494" timestamp="2026-08-18T20:44:39Z" changeset="1" lon="80.2611556" uid="1" version="1" lat="13.0731429" /><node user="OSMnx" visible="true" id="10945638495" timestamp="2026-08-18T20:44:39Z" changeset="1" lon="80.2611874" uid="1" version="1" lat="13.0731296" /><node user="OSMnx" visible="true" id="10945638496" timestamp="2026-08-18T20:44:39Z" changeset="1" lon="80.2612344" uid="1" version="1" lat="13.0731291" /><node user="OSMnx" visible="true" id="10945638497" timestamp="2026-08-18T20:44:39Z" changeset="1" lon="80.2612621" uid="1" version="1" lat="13.0731391" /><node user="OSMnx" visible="true" id="10945638498" timestamp="2026-08-18T20:44:39Z" changeset="1" lon="80.261314" uid="1" version="1" lat="13.0732054" /><node user="OSMnx" visible="true" id="10945638499" timestamp="2026-08-18T20:44:39Z" changeset="1" lon="80.2613145" uid="1" version="1" lat="13.0732499" /><node user="OSMnx" visible="true" id="10945638500" timestamp="2026-08-18T20:44:39Z" changeset="1" lon="80.2613024" uid="1" version="1" lat="13.0732803" /><node user="OSMnx" visible="true" id="10945638501" timestamp="2026-08-18T20:44:39Z" changeset="1" lon="80.2612811" uid="1" version="1" lat="13.0733053" /><node user="OSMnx" visible="true" id="10945638502" timestamp="2026-08-18T20:44:39Z" changeset="1" lon="80.2612528" uid="1" version="1" lat="13.0733226" /><node user="OSMnx" visible="true" id="10945638503" timestamp="2026-08-18T20:44:39Z" changeset="1" lon="80.2612204" uid="1" version="1" lat="13.0733303" /><node user="OSMnx" visible="true" id="10945638504" timestamp="2026-08-18T20:44:39Z" changeset="1" lon="80.2611871" uid="1" version="1" lat="13.0733276" /><node user="OSMnx" visible="true" id="10945643905" timestamp="2026-08-18T20:44:39Z" changeset="1" lon="80.2611553" uid="1" version="1" lat="13.0733142" /><node user="OSMnx" visible="true" id="10945643906" timestamp="2026-08-18T20:44:39Z" changeset="1" lon="80.2612858" uid="1" version="1" lat="13.0731562" /><node user="OSMnx" visible="true" id="10945643907" timestamp="2026-08-18T20:44:39Z" changeset="1" lon="80.2613035" uid="1" version="1" lat="13.0731789" /><node user="OSMnx" visible="true" id="10945643910" timestamp="2026-08-18T20:44:39Z" changeset="1" lon="80.2612438" uid="1" version="1" lat="13.0733986" /><node user="OSMnx" visible="true" id="10945643912" timestamp="2026-08-18T20:44:39Z" changeset="1" lon="80.2612983" uid="1" version="1" lat="13.0734632" /><node user="OSMnx" visible="true" id="10945643913" timestamp="2026-08-18T20:44:39Z" changeset="1" lon="80.2613499" uid="1" version="1" lat="13.0735183" /><node user="OSMnx" visible="true" id="10945643914" timestamp="2026-08-18T20:44:39Z" changeset="1" lon="80.261403" uid="1" version="1" lat="13.0735696" /><node user="OSMnx" visible="true" id="10945643920" timestamp="2026-08-18T20:44:39Z" changeset="1" lon="80.2612701" uid="1" version="1" lat="13.0734298" /><node user="OSMnx" visible="true" id="10945643923" timestamp="2026-08-18T20:44:39Z" changeset="1" lon="80.2616947" uid="1" version="1" lat="13.0738192" /><node user="OSMnx" visible="true" id="10945643924" timestamp="2026-08-18T20:44:39Z" changeset="1" lon="80.2616191" uid="1" version="1" lat="13.0736709" /><node user="OSMnx" visible="true" id="10945643925" timestamp="2026-08-18T20:44:39Z" changeset="1" lon="80.2614542" uid="1" version="1" lat="13.0734927" /><node user="OSMnx" visible="true" id="10945643928" timestamp="2026-08-18T20:44:39Z" changeset="1" lon="80.2613789" uid="1" version="1" lat="13.0731926" /><node user="OSMnx" visible="true" id="10945643929" timestamp="2026-08-18T20:44:39Z" changeset="1" lon="80.2614499" uid="1" version="1" lat="13.0731501" /><node user="OSMnx" visible="true" id="10945643930" timestamp="2026-08-18T20:44:39Z" changeset="1" lon="80.2615296" uid="1" version="1" lat="13.0731108" /><node user="OSMnx" visible="true" id="10945643939" timestamp="2026-08-18T20:44:39Z" changeset="1" lon="80.2618003" uid="1" version="1" lat="13.0729508" /><node user="OSMnx" visible="true" id="10945643947" timestamp="2026-08-18T20:44:39Z" changeset="1" lon="80.2609831" uid="1" version="1" lat="13.0732598" /><node user="OSMnx" visible="true" id="10945734019" timestamp="2026-08-18T20:44:39Z" changeset="1" lon="80.2822652" uid="1" version="1" lat="13.0932216" /><node user="OSMnx" visible="true" id="10945734020" timestamp="2026-08-18T20:44:39Z" changeset="1" lon="80.2823033" uid="1" version="1" lat="13.0934037" /><node user="OSMnx" visible="true" id="10945919487" timestamp="2026-08-18T20:44:39Z" changeset="1" lon="80.2815958" uid="1" version="1" lat="13.0945581" /><node user="OSMnx" visible="true" id="10946110256" timestamp="2026-08-18T20:44:39Z" changeset="1" lon="80.2818868" uid="1" version="1" lat="13.0960245" /><node user="OSMnx" visible="true" id="10957030536" timestamp="2026-08-18T20:44:39Z" changeset="1" lon="80.2813935" uid="1" version="1" lat="13.0954246" /><node user="OSMnx" visible="true" id="10968667891" timestamp="2026-08-18T20:44:39Z" changeset="1" lon="80.2799319" uid="1" version="1" lat="13.0910018" /><node user="OSMnx" visible="true" id="10968670976" timestamp="2026-08-18T20:44:39Z" changeset="1" lon="80.2801378" uid="1" version="1" lat="13.0898496" /><node user="OSMnx" visible="true" id="10968670977" timestamp="2026-08-18T20:44:39Z" changeset="1" lon="80.2799494" uid="1" version="1" lat="13.0898817" /><node user="OSMnx" visible="true" id="10968670978" timestamp="2026-08-18T20:44:39Z" changeset="1" lon="80.2799477" uid="1" version="1" lat="13.0898727" /><node user="OSMnx" visible="true" id="10968670979" timestamp="2026-08-18T20:44:39Z" changeset="1" lon="80.2797871" uid="1" version="1" lat="13.0898991" /><node user="OSMnx" visible="true" id="10968670980" timestamp="2026-08-18T20:44:39Z" changeset="1" lon="80.2800926" uid="1" version="1" lat="13.0895407" /><node user="OSMnx" visible="true" id="10968670981" timestamp="2026-08-18T20:44:39Z" changeset="1" lon="80.2801127" uid="1" version="1" lat="13.0896393" /><node user="OSMnx" visible="true" id="10968670982" timestamp="2026-08-18T20:44:39Z" changeset="1" lon="80.2801207" uid="1" version="1" lat="13.0896935" /><node user="OSMnx" visible="true" id="10968670983" timestamp="2026-08-18T20:44:39Z" changeset="1" lon="80.2801315" uid="1" version="1" lat="13.089785" /><node user="OSMnx" visible="true" id="10968670984" timestamp="2026-08-18T20:44:39Z" changeset="1" lon="80.2801339" uid="1" version="1" lat="13.0898049" /><node user="OSMnx" visible="true" id="10968670986" timestamp="2026-08-18T20:44:39Z" changeset="1" lon="80.2801503" uid="1" version="1" lat="13.0899587" /><node user="OSMnx" visible="true" id="10968670987" timestamp="2026-08-18T20:44:39Z" changeset="1" lon="80.2799789" uid="1" version="1" lat="13.0899883" /><node user="OSMnx" visible="true" id="10972886588" timestamp="2026-08-18T20:44:39Z" changeset="1" lon="80.2800671" uid="1" version="1" lat="13.0921535" /><node user="OSMnx" visible="true" id="10973661155" timestamp="2026-08-18T20:44:39Z" changeset="1" lon="80.2797681" uid="1" version="1" lat="13.0924668" /><node user="OSMnx" visible="true" id="10973664744" timestamp="2026-08-18T20:44:39Z" changeset="1" lon="80.2799679" uid="1" version="1" lat="13.0913704" /><node user="OSMnx" visible="true" id="10973664745" timestamp="2026-08-18T20:44:39Z" changeset="1" lon="80.2799688" uid="1" version="1" lat="13.0913079" /><node user="OSMnx" visible="true" id="10973664746" timestamp="2026-08-18T20:44:39Z" changeset="1" lon="80.2799619" uid="1" version="1" lat="13.0912324" /><node user="OSMnx" visible="true" id="11036960830" timestamp="2026-08-18T20:44:39Z" changeset="1" lon="80.2763513" uid="1" version="1" lat="13.0765785" /><node user="OSMnx" visible="true" id="11037144100" timestamp="2026-08-18T20:44:39Z" changeset="1" lon="80.2705922" uid="1" version="1" lat="13.0833146" /><node user="OSMnx" visible="true" id="11037207658" timestamp="2026-08-18T20:44:39Z" changeset="1" lon="80.2762629" uid="1" version="1" lat="13.0827718" /><node user="OSMnx" visible="true" id="11039309366" timestamp="2026-08-18T20:44:39Z" changeset="1" lon="80.2735908" uid="1" version="1" lat="13.0815574" /><node user="OSMnx" visible="true" id="11039312050" timestamp="2026-08-18T20:44:39Z" changeset="1" lon="80.2746577" uid="1" version="1" lat="13.081683" /><node user="OSMnx" visible="true" id="11039573879" timestamp="2026-08-18T20:44:39Z" changeset="1" lon="80.2732079" uid="1" version="1" lat="13.0818836" /><node user="OSMnx" visible="true" id="11039950261" timestamp="2026-08-18T20:44:39Z" changeset="1" lon="80.2734141" uid="1" version="1" lat="13.0741838" /><node user="OSMnx" visible="true" id="11039950262" timestamp="2026-08-18T20:44:39Z" changeset="1" lon="80.2734337" uid="1" version="1" lat="13.0742784" /><node user="OSMnx" visible="true" id="11039950263" timestamp="2026-08-18T20:44:39Z" changeset="1" lon="80.2734438" uid="1" version="1" lat="13.0743895" /><node user="OSMnx" visible="true" id="11039950264" timestamp="2026-08-18T20:44:39Z" changeset="1" lon="80.2734558" uid="1" version="1" lat="13.0741256" /><node user="OSMnx" visible="true" id="11040947770" timestamp="2026-08-18T20:44:39Z" changeset="1" lon="80.2628886" uid="1" version="1" lat="13.0726221" /><node user="OSMnx" visible="true" id="11041536448" timestamp="2026-08-18T20:44:39Z" changeset="1" lon="80.2638713" uid="1" version="1" lat="13.0705391" /><node user="OSMnx" visible="true" id="11041536449" timestamp="2026-08-18T20:44:39Z" changeset="1" lon="80.2639084" uid="1" version="1" lat="13.0698621" /><node user="OSMnx" visible="true" id="11041536450" timestamp="2026-08-18T20:44:39Z" changeset="1" lon="80.2632578" uid="1" version="1" lat="13.069848" /><node user="OSMnx" visible="true" id="11041536451" timestamp="2026-08-18T20:44:39Z" changeset="1" lon="80.2638759" uid="1" version="1" lat="13.0704573" /><node user="OSMnx" visible="true" id="11041536452" timestamp="2026-08-18T20:44:39Z" changeset="1" lon="80.2635253" uid="1" version="1" lat="13.0704317" /><node user="OSMnx" visible="true" id="11041536453" timestamp="2026-08-18T20:44:39Z" changeset="1" lon="80.2635307" uid="1" version="1" lat="13.0698512" /><node user="OSMnx" visible="true" id="11041536454" timestamp="2026-08-18T20:44:39Z" changeset="1" lon="80.2639167" uid="1" version="1" lat="13.0694455" /><node user="OSMnx" visible="true" id="11041536455" timestamp="2026-08-18T20:44:39Z" changeset="1" lon="80.2638826" uid="1" version="1" lat="13.0703385" /><node user="OSMnx" visible="true" id="11041536456" timestamp="2026-08-18T20:44:39Z" changeset="1" lon="80.2635199" uid="1" version="1" lat="13.0703148" /><node user="OSMnx" visible="true" id="11041536457" timestamp="2026-08-18T20:44:39Z" changeset="1" lon="80.2635234" uid="1" version="1" lat="13.0701663" /><node user="OSMnx" visible="true" id="11041536458" timestamp="2026-08-18T20:44:39Z" changeset="1" lon="80.2638915" uid="1" version="1" lat="13.0701797" /><node user="OSMnx" visible="true" id="11041536459" timestamp="2026-08-18T20:44:39Z" changeset="1" lon="80.2639" uid="1" version="1" lat="13.0700284" /><node user="OSMnx" visible="true" id="11041536460" timestamp="2026-08-18T20:44:39Z" changeset="1" lon="80.2635269" uid="1" version="1" lat="13.0700162" /><node user="OSMnx" visible="true" id="11041536461" timestamp="2026-08-18T20:44:39Z" changeset="1" lon="80.2638734" uid="1" version="1" lat="13.0705023" /><node user="OSMnx" visible="true" id="11041556298" timestamp="2026-08-18T20:44:39Z" changeset="1" lon="80.2640114" uid="1" version="1" lat="13.072111" /><node user="OSMnx" visible="true" id="11041571658" timestamp="2026-08-18T20:44:39Z" changeset="1" lon="80.2620643" uid="1" version="1" lat="13.0729213" /><node user="OSMnx" visible="true" id="11041573846" timestamp="2026-08-18T20:44:39Z" changeset="1" lon="80.2592241" uid="1" version="1" lat="13.0716944" /><node user="OSMnx" visible="true" id="11041710845" timestamp="2026-08-18T20:44:39Z" changeset="1" lon="80.2762541" uid="1" version="1" lat="13.0828376" /><node user="OSMnx" visible="true" id="11041710856" timestamp="2026-08-18T20:44:39Z" changeset="1" lon="80.2767996" uid="1" version="1" lat="13.0835634" /><node user="OSMnx" visible="true" id="11043843671" timestamp="2026-08-18T20:44:39Z" changeset="1" lon="80.2738958" uid="1" version="1" lat="13.070777" /><node user="OSMnx" visible="true" id="11043917535" timestamp="2026-08-18T20:44:39Z" changeset="1" lon="80.2583605" uid="1" version="1" lat="13.0870494" /><node user="OSMnx" visible="true" id="11043917551" timestamp="2026-08-18T20:44:39Z" changeset="1" lon="80.2612239" uid="1" version="1" lat="13.0862827" /><node user="OSMnx" visible="true" id="11043917552" timestamp="2026-08-18T20:44:39Z" changeset="1" lon="80.261346" uid="1" version="1" lat="13.0862517" /><node user="OSMnx" visible="true" id="11043917553" timestamp="2026-08-18T20:44:39Z" changeset="1" lon="80.2614038" uid="1" version="1" lat="13.086237" /><node user="OSMnx" visible="true" id="11043917566" timestamp="2026-08-18T20:44:39Z" changeset="1" lon="80.2615388" uid="1" version="1" lat="13.0861133" /><node user="OSMnx" visible="true" id="11043917567" timestamp="2026-08-18T20:44:39Z" changeset="1" lon="80.2615377" uid="1" version="1" lat="13.0861926" /><node user="OSMnx" visible="true" id="11043917568" timestamp="2026-08-18T20:44:39Z" changeset="1" lon="80.2613984" uid="1" version="1" lat="13.0861583" /><node user="OSMnx" visible="true" id="11043917569" timestamp="2026-08-18T20:44:39Z" changeset="1" lon="80.2612201" uid="1" version="1" lat="13.0861904" /><node user="OSMnx" visible="true" id="11043917570" timestamp="2026-08-18T20:44:39Z" changeset="1" lon="80.2613462" uid="1" version="1" lat="13.0861709" /><node user="OSMnx" visible="true" id="11043963392" timestamp="2026-08-18T20:44:39Z" changeset="1" lon="80.2640211" uid="1" version="1" lat="13.0889995" /><node user="OSMnx" visible="true" id="11043963402" timestamp="2026-08-18T20:44:39Z" changeset="1" lon="80.2570646" uid="1" version="1" lat="13.0865405" /><node user="OSMnx" visible="true" id="11043966066" timestamp="2026-08-18T20:44:39Z" changeset="1" lon="80.262127" uid="1" version="1" lat="13.0870255" /><node user="OSMnx" visible="true" id="11043966067" timestamp="2026-08-18T20:44:39Z" changeset="1" lon="80.2619088" uid="1" version="1" lat="13.086975" /><node user="OSMnx" visible="true" id="11043966078" timestamp="2026-08-18T20:44:39Z" changeset="1" lon="80.2623079" uid="1" version="1" lat="13.0870673" /><node user="OSMnx" visible="true" id="11043966079" timestamp="2026-08-18T20:44:39Z" changeset="1" lon="80.262761" uid="1" version="1" lat="13.0869596" /><node user="OSMnx" visible="true" id="11043974417" timestamp="2026-08-18T20:44:39Z" changeset="1" lon="80.2615857" uid="1" version="1" lat="13.0861712" /><node user="OSMnx" visible="true" id="11043974418" timestamp="2026-08-18T20:44:39Z" changeset="1" lon="80.2621573" uid="1" version="1" lat="13.0858092" /><node user="OSMnx" visible="true" id="11043974419" timestamp="2026-08-18T20:44:39Z" changeset="1" lon="80.2621693" uid="1" version="1" lat="13.0857998" /><node user="OSMnx" visible="true" id="11043974430" timestamp="2026-08-18T20:44:39Z" changeset="1" lon="80.2622083" uid="1" version="1" lat="13.0857752" /><node user="OSMnx" visible="true" id="11045720856" timestamp="2026-08-18T20:44:39Z" changeset="1" lon="80.262468" uid="1" version="1" lat="13.0766897" /><node user="OSMnx" visible="true" id="11045720864" timestamp="2026-08-18T20:44:39Z" changeset="1" lon="80.2624214" uid="1" version="1" lat="13.0769868" /><node user="OSMnx" visible="true" id="11047668587" timestamp="2026-08-18T20:44:39Z" changeset="1" lon="80.2575501" uid="1" version="1" lat="13.081134" /><node user="OSMnx" visible="true" id="11047668588" timestamp="2026-08-18T20:44:39Z" changeset="1" lon="80.2575088" uid="1" version="1" lat="13.0808121" /><node user="OSMnx" visible="true" id="11047679504" timestamp="2026-08-18T20:44:39Z" changeset="1" lon="80.2626826" uid="1" version="1" lat="13.080639" /><node user="OSMnx" visible="true" id="11047694900" timestamp="2026-08-18T20:44:39Z" changeset="1" lon="80.2580409" uid="1" version="1" lat="13.0810561" /><node user="OSMnx" visible="true" id="11047694901" timestamp="2026-08-18T20:44:39Z" changeset="1" lon="80.2582728" uid="1" version="1" lat="13.0817455" /><node user="OSMnx" visible="true" id="11047694903" timestamp="2026-08-18T20:44:39Z" changeset="1" lon="80.2580443" uid="1" version="1" lat="13.0817812" /><node user="OSMnx" visible="true" id="11047702705" timestamp="2026-08-18T20:44:39Z" changeset="1" lon="80.2580211" uid="1" version="1" lat="13.0810596" /><node user="OSMnx" visible="true" id="11047702706" timestamp="2026-08-18T20:44:39Z" changeset="1" lon="80.2580386" uid="1" version="1" lat="13.0815765" /><node user="OSMnx" visible="true" id="11047702707" timestamp="2026-08-18T20:44:39Z" changeset="1" lon="80.2583322" uid="1" version="1" lat="13.0810196" /><node user="OSMnx" visible="true" id="11047703280" timestamp="2026-08-18T20:44:39Z" changeset="1" lon="80.2608465" uid="1" version="1" lat="13.0797382" /><node user="OSMnx" visible="true" id="11047703293" timestamp="2026-08-18T20:44:39Z" changeset="1" lon="80.2607556" uid="1" version="1" lat="13.079714" /><node user="OSMnx" visible="true" id="11047704114" timestamp="2026-08-18T20:44:39Z" changeset="1" lon="80.2593655" uid="1" version="1" lat="13.0795" /><node user="OSMnx" visible="true" id="11047781052" timestamp="2026-08-18T20:44:39Z" changeset="1" lon="80.2622233" uid="1" version="1" lat="13.0823147" /><node user="OSMnx" visible="true" id="11047781061" timestamp="2026-08-18T20:44:39Z" changeset="1" lon="80.262234" uid="1" version="1" lat="13.0826571" /><node user="OSMnx" visible="true" id="11047786864" timestamp="2026-08-18T20:44:39Z" changeset="1" lon="80.262442" uid="1" version="1" lat="13.0814653" /><node user="OSMnx" visible="true" id="11047787485" timestamp="2026-08-18T20:44:39Z" changeset="1" lon="80.2625599" uid="1" version="1" lat="13.0810516" /><node user="OSMnx" visible="true" id="11047789199" timestamp="2026-08-18T20:44:39Z" changeset="1" lon="80.2626014" uid="1" version="1" lat="13.080912" /><node user="OSMnx" visible="true" id="11047802059" timestamp="2026-08-18T20:44:39Z" changeset="1" lon="80.2633336" uid="1" version="1" lat="13.0840036" /><node user="OSMnx" visible="true" id="11047802812" timestamp="2026-08-18T20:44:39Z" changeset="1" lon="80.2639845" uid="1" version="1" lat="13.0813871" /><node user="OSMnx" visible="true" id="11047802813" timestamp="2026-08-18T20:44:39Z" changeset="1" lon="80.2639637" uid="1" version="1" lat="13.0811202" /><node user="OSMnx" visible="true" id="11047806416" timestamp="2026-08-18T20:44:39Z" changeset="1" lon="80.2652825" uid="1" version="1" lat="13.0828833" /><node user="OSMnx" visible="true" id="11047806418" timestamp="2026-08-18T20:44:39Z" changeset="1" lon="80.265498" uid="1" version="1" lat="13.0828785" /><node user="OSMnx" visible="true" id="11058071431" timestamp="2026-08-18T20:44:39Z" changeset="1" lon="80.2775262" uid="1" version="1" lat="13.0789739" /><node user="OSMnx" visible="true" id="11058071432" timestamp="2026-08-18T20:44:39Z" changeset="1" lon="80.2775483" uid="1" version="1" lat="13.0788451" /><node user="OSMnx" visible="true" id="11058071433" timestamp="2026-08-18T20:44:39Z" changeset="1" lon="80.2775621" uid="1" version="1" lat="13.0787252" /><node user="OSMnx" visible="true" id="11058071434" timestamp="2026-08-18T20:44:39Z" changeset="1" lon="80.2775401" uid="1" version="1" lat="13.078416" /><node user="OSMnx" visible="true" id="11058719146" timestamp="2026-08-18T20:44:39Z" changeset="1" lon="80.2687489" uid="1" version="1" lat="13.0933442" /><node user="OSMnx" visible="true" id="11058719154" timestamp="2026-08-18T20:44:39Z" changeset="1" lon="80.2686673" uid="1" version="1" lat="13.0933082" /><node user="OSMnx" visible="true" id="11058903225" timestamp="2026-08-18T20:44:39Z" changeset="1" lon="80.2666437" uid="1" version="1" lat="13.0949342" /><node user="OSMnx" visible="true" id="11061375547" timestamp="2026-08-18T20:44:39Z" changeset="1" lon="80.2686362" uid="1" version="1" lat="13.0958682" /><node user="OSMnx" visible="true" id="11064341821" timestamp="2026-08-18T20:44:39Z" changeset="1" lon="80.2693921" uid="1" version="1" lat="13.0895398" /><node user="OSMnx" visible="true" id="11064385045" timestamp="2026-08-18T20:44:39Z" changeset="1" lon="80.2573576" uid="1" version="1" lat="13.0944787" /><node user="OSMnx" visible="true" id="11064517108" timestamp="2026-08-18T20:44:39Z" changeset="1" lon="80.2600031" uid="1" version="1" lat="13.0943785" /><node user="OSMnx" visible="true" id="11064517109" timestamp="2026-08-18T20:44:39Z" changeset="1" lon="80.2610919" uid="1" version="1" lat="13.0947028" /><node user="OSMnx" visible="true" id="11126814463" timestamp="2026-08-18T20:44:39Z" changeset="1" lon="80.2819606" uid="1" version="1" lat="13.0856691" /><node user="OSMnx" visible="true" id="11127152927" timestamp="2026-08-18T20:44:39Z" changeset="1" lon="80.2671598" uid="1" version="1" lat="13.0708346" /><node user="OSMnx" visible="true" id="11127188488" timestamp="2026-08-18T20:44:39Z" changeset="1" lon="80.2754605" uid="1" version="1" lat="13.0892544" /><node user="OSMnx" visible="true" id="11127188489" timestamp="2026-08-18T20:44:39Z" changeset="1" lon="80.2753819" uid="1" version="1" lat="13.0892694" /><node user="OSMnx" visible="true" id="11127188490" timestamp="2026-08-18T20:44:39Z" changeset="1" lon="80.2753909" uid="1" version="1" lat="13.089201" /><node user="OSMnx" visible="true" id="11138420446" timestamp="2026-08-18T20:44:39Z" changeset="1" lon="80.276285" uid="1" version="1" lat="13.0771329" /><node user="OSMnx" visible="true" id="11140192279" timestamp="2026-08-18T20:44:39Z" changeset="1" lon="80.2654837" uid="1" version="1" lat="13.0742937" /><node user="OSMnx" visible="true" id="11143429802" timestamp="2026-08-18T20:44:39Z" changeset="1" lon="80.2762158" uid="1" version="1" lat="13.0770718" /><node user="OSMnx" visible="true" id="11185596585" timestamp="2026-08-18T20:44:39Z" changeset="1" lon="80.2647635" uid="1" version="1" lat="13.0784831" /><node user="OSMnx" visible="true" id="11187876452" timestamp="2026-08-18T20:44:39Z" changeset="1" lon="80.265384" uid="1" version="1" lat="13.0785007" /><node user="OSMnx" visible="true" id="11187876453" timestamp="2026-08-18T20:44:39Z" changeset="1" lon="80.2651924" uid="1" version="1" lat="13.0786242" /><node user="OSMnx" visible="true" id="11187876454" timestamp="2026-08-18T20:44:39Z" changeset="1" lon="80.2654411" uid="1" version="1" lat="13.0787994" /><node user="OSMnx" visible="true" id="11235849574" timestamp="2026-08-18T20:44:39Z" changeset="1" lon="80.2574513" uid="1" version="1" lat="13.0860969" /><node user="OSMnx" visible="true" id="11235849576" timestamp="2026-08-18T20:44:39Z" changeset="1" lon="80.2585254" uid="1" version="1" lat="13.0862342" /><node user="OSMnx" visible="true" id="11252278807" timestamp="2026-08-18T20:44:39Z" changeset="1" lon="80.2614339" uid="1" version="1" lat="13.0774141" /><node user="OSMnx" visible="true" id="11252278808" timestamp="2026-08-18T20:44:39Z" changeset="1" lon="80.2615056" uid="1" version="1" lat="13.0771518" /><node user="OSMnx" visible="true" id="11257148958" timestamp="2026-08-18T20:44:39Z" changeset="1" lon="80.2652487" uid="1" version="1" lat="13.0919423" /><node user="OSMnx" visible="true" id="11257148959" timestamp="2026-08-18T20:44:39Z" changeset="1" lon="80.2632362" uid="1" version="1" lat="13.093891" /><node user="OSMnx" visible="true" id="11274513921" timestamp="2026-08-18T20:44:39Z" changeset="1" lon="80.2696432" uid="1" version="1" lat="13.0693891" /><node user="OSMnx" visible="true" id="11274513922" timestamp="2026-08-18T20:44:39Z" changeset="1" lon="80.270008" uid="1" version="1" lat="13.0693252" /><node user="OSMnx" visible="true" id="11286115184" timestamp="2026-08-18T20:44:39Z" changeset="1" lon="80.2753104" uid="1" version="1" lat="13.0815305" /><node user="OSMnx" visible="true" id="11292812952" timestamp="2026-08-18T20:44:39Z" changeset="1" lon="80.2685182" uid="1" version="1" lat="13.0939095" /><node user="OSMnx" visible="true" id="11292812953" timestamp="2026-08-18T20:44:39Z" changeset="1" lon="80.2683862" uid="1" version="1" lat="13.0939892" /><node user="OSMnx" visible="true" id="11292812954" timestamp="2026-08-18T20:44:39Z" changeset="1" lon="80.2685715" uid="1" version="1" lat="13.0944609" /><node user="OSMnx" visible="true" id="11292812955" timestamp="2026-08-18T20:44:39Z" changeset="1" lon="80.2684063" uid="1" version="1" lat="13.0940836" /><node user="OSMnx" visible="true" id="11292812956" timestamp="2026-08-18T20:44:39Z" changeset="1" lon="80.2682039" uid="1" version="1" lat="13.0942672" /><node user="OSMnx" visible="true" id="11292812957" timestamp="2026-08-18T20:44:39Z" changeset="1" lon="80.2684607" uid="1" version="1" lat="13.0940109" /><node user="OSMnx" visible="true" id="11292812958" timestamp="2026-08-18T20:44:39Z" changeset="1" lon="80.2692767" uid="1" version="1" lat="13.0925212" /><node user="OSMnx" visible="true" id="11292824785" timestamp="2026-08-18T20:44:39Z" changeset="1" lon="80.270516" uid="1" version="1" lat="13.0842968" /><node user="OSMnx" visible="true" id="11330972865" timestamp="2026-08-18T20:44:39Z" changeset="1" lon="80.261442" uid="1" version="1" lat="13.0891774" /><node user="OSMnx" visible="true" id="11363592451" timestamp="2026-08-18T20:44:39Z" changeset="1" lon="80.2640817" uid="1" version="1" lat="13.0921505" /><node user="OSMnx" visible="true" id="11363592452" timestamp="2026-08-18T20:44:39Z" changeset="1" lon="80.2640435" uid="1" version="1" lat="13.0920582" /><node user="OSMnx" visible="true" id="11363592453" timestamp="2026-08-18T20:44:39Z" changeset="1" lon="80.2641312" uid="1" version="1" lat="13.0921972" /><node user="OSMnx" visible="true" id="11363592455" timestamp="2026-08-18T20:44:39Z" changeset="1" lon="80.2642505" uid="1" version="1" lat="13.0925651" /><node user="OSMnx" visible="true" id="11363592456" timestamp="2026-08-18T20:44:39Z" changeset="1" lon="80.2642306" uid="1" version="1" lat="13.0924907" /><node user="OSMnx" visible="true" id="11363592457" timestamp="2026-08-18T20:44:39Z" changeset="1" lon="80.2642075" uid="1" version="1" lat="13.0924047" /><node user="OSMnx" visible="true" id="11363608878" timestamp="2026-08-18T20:44:39Z" changeset="1" lon="80.2640088" uid="1" version="1" lat="13.0919832" /><node user="OSMnx" visible="true" id="11363747459" timestamp="2026-08-18T20:44:39Z" changeset="1" lon="80.2588464" uid="1" version="1" lat="13.0931025" /><node user="OSMnx" visible="true" id="11363763117" timestamp="2026-08-18T20:44:39Z" changeset="1" lon="80.263157" uid="1" version="1" lat="13.0902831" /><node user="OSMnx" visible="true" id="11363763118" timestamp="2026-08-18T20:44:39Z" changeset="1" lon="80.2632478" uid="1" version="1" lat="13.0907777" /><node user="OSMnx" visible="true" id="11363763119" timestamp="2026-08-18T20:44:39Z" changeset="1" lon="80.2632284" uid="1" version="1" lat="13.0906758" /><node user="OSMnx" visible="true" id="11363763120" timestamp="2026-08-18T20:44:39Z" changeset="1" lon="80.2632026" uid="1" version="1" lat="13.0905401" /><node user="OSMnx" visible="true" id="11363763121" timestamp="2026-08-18T20:44:39Z" changeset="1" lon="80.2631769" uid="1" version="1" lat="13.0904051" /><node user="OSMnx" visible="true" id="11363783288" timestamp="2026-08-18T20:44:39Z" changeset="1" lon="80.2605802" uid="1" version="1" lat="13.0930889" /><node user="OSMnx" visible="true" id="11363783289" timestamp="2026-08-18T20:44:39Z" changeset="1" lon="80.2609424" uid="1" version="1" lat="13.0930251" /><node user="OSMnx" visible="true" id="11363783290" timestamp="2026-08-18T20:44:39Z" changeset="1" lon="80.2609348" uid="1" version="1" lat="13.0929677" /><node user="OSMnx" visible="true" id="11363783291" timestamp="2026-08-18T20:44:39Z" changeset="1" lon="80.2609247" uid="1" version="1" lat="13.0928933" /><node user="OSMnx" visible="true" id="11363783292" timestamp="2026-08-18T20:44:39Z" changeset="1" lon="80.2608895" uid="1" version="1" lat="13.0930592" /><node user="OSMnx" visible="true" id="11363783293" timestamp="2026-08-18T20:44:39Z" changeset="1" lon="80.2608043" uid="1" version="1" lat="13.0930697" /><node user="OSMnx" visible="true" id="11363783294" timestamp="2026-08-18T20:44:39Z" changeset="1" lon="80.2606804" uid="1" version="1" lat="13.0930792" /><node user="OSMnx" visible="true" id="11363847025" timestamp="2026-08-18T20:44:39Z" changeset="1" lon="80.258845" uid="1" version="1" lat="13.0930745" /><node user="OSMnx" visible="true" id="11363847030" timestamp="2026-08-18T20:44:39Z" changeset="1" lon="80.2578523" uid="1" version="1" lat="13.0930068" /><node user="OSMnx" visible="true" id="11363847033" timestamp="2026-08-18T20:44:39Z" changeset="1" lon="80.2571851" uid="1" version="1" lat="13.09298" /><node user="OSMnx" visible="true" id="11363847034" timestamp="2026-08-18T20:44:39Z" changeset="1" lon="80.2572636" uid="1" version="1" lat="13.0929857" /><node user="OSMnx" visible="true" id="11363847036" timestamp="2026-08-18T20:44:39Z" changeset="1" lon="80.2569357" uid="1" version="1" lat="13.0927281" /><node user="OSMnx" visible="true" id="11363847037" timestamp="2026-08-18T20:44:39Z" changeset="1" lon="80.2574042" uid="1" version="1" lat="13.0933845" /><node user="OSMnx" visible="true" id="11363888618" timestamp="2026-08-18T20:44:39Z" changeset="1" lon="80.2574104" uid="1" version="1" lat="13.093949" /><node user="OSMnx" visible="true" id="11363888619" timestamp="2026-08-18T20:44:39Z" changeset="1" lon="80.2582857" uid="1" version="1" lat="13.0940342" /><node user="OSMnx" visible="true" id="11363888620" timestamp="2026-08-18T20:44:39Z" changeset="1" lon="80.2583967" uid="1" version="1" lat="13.0940389" /><node user="OSMnx" visible="true" id="11363888621" timestamp="2026-08-18T20:44:39Z" changeset="1" lon="80.2584903" uid="1" version="1" lat="13.0940428" /><node user="OSMnx" visible="true" id="11363888622" timestamp="2026-08-18T20:44:39Z" changeset="1" lon="80.2585907" uid="1" version="1" lat="13.094047" /><node user="OSMnx" visible="true" id="11363888623" timestamp="2026-08-18T20:44:39Z" changeset="1" lon="80.2587042" uid="1" version="1" lat="13.0940518" /><node user="OSMnx" visible="true" id="11363888624" timestamp="2026-08-18T20:44:39Z" changeset="1" lon="80.2573943" uid="1" version="1" lat="13.0939369" /><node user="OSMnx" visible="true" id="11363888625" timestamp="2026-08-18T20:44:39Z" changeset="1" lon="80.2573627" uid="1" version="1" lat="13.0939297" /><node user="OSMnx" visible="true" id="11363888626" timestamp="2026-08-18T20:44:39Z" changeset="1" lon="80.257414" uid="1" version="1" lat="13.0939768" /><node user="OSMnx" visible="true" id="11363888627" timestamp="2026-08-18T20:44:39Z" changeset="1" lon="80.257414" uid="1" version="1" lat="13.0939603" /><node user="OSMnx" visible="true" id="11363888628" timestamp="2026-08-18T20:44:39Z" changeset="1" lon="80.2574027" uid="1" version="1" lat="13.0939428" /><node user="OSMnx" visible="true" id="11363888629" timestamp="2026-08-18T20:44:39Z" changeset="1" lon="80.257275" uid="1" version="1" lat="13.0939157" /><node user="OSMnx" visible="true" id="11363888630" timestamp="2026-08-18T20:44:39Z" changeset="1" lon="80.2571686" uid="1" version="1" lat="13.0938902" /><node user="OSMnx" visible="true" id="11363888631" timestamp="2026-08-18T20:44:39Z" changeset="1" lon="80.257082" uid="1" version="1" lat="13.0938643" /><node user="OSMnx" visible="true" id="11363888632" timestamp="2026-08-18T20:44:39Z" changeset="1" lon="80.2570341" uid="1" version="1" lat="13.0938489" /><node user="OSMnx" visible="true" id="11363888633" timestamp="2026-08-18T20:44:39Z" changeset="1" lon="80.2569895" uid="1" version="1" lat="13.0938324" /><node user="OSMnx" visible="true" id="11363888634" timestamp="2026-08-18T20:44:39Z" changeset="1" lon="80.2569641" uid="1" version="1" lat="13.0938179" /><node user="OSMnx" visible="true" id="11363888635" timestamp="2026-08-18T20:44:39Z" changeset="1" lon="80.2569344" uid="1" version="1" lat="13.0937886" /><node user="OSMnx" visible="true" id="11363888636" timestamp="2026-08-18T20:44:39Z" changeset="1" lon="80.2569059" uid="1" version="1" lat="13.0937588" /><node user="OSMnx" visible="true" id="11363888637" timestamp="2026-08-18T20:44:39Z" changeset="1" lon="80.2568828" uid="1" version="1" lat="13.0937301" /><node user="OSMnx" visible="true" id="11363907651" timestamp="2026-08-18T20:44:39Z" changeset="1" lon="80.2615473" uid="1" version="1" lat="13.0956982" /><node user="OSMnx" visible="true" id="11363907652" timestamp="2026-08-18T20:44:39Z" changeset="1" lon="80.2615008" uid="1" version="1" lat="13.095478" /><node user="OSMnx" visible="true" id="11363907660" timestamp="2026-08-18T20:44:39Z" changeset="1" lon="80.2613474" uid="1" version="1" lat="13.0947054" /><node user="OSMnx" visible="true" id="11363907662" timestamp="2026-08-18T20:44:39Z" changeset="1" lon="80.2613951" uid="1" version="1" lat="13.0946566" /><node user="OSMnx" visible="true" id="11363907665" timestamp="2026-08-18T20:44:39Z" changeset="1" lon="80.2615067" uid="1" version="1" lat="13.0946433" /><node user="OSMnx" visible="true" id="11363907667" timestamp="2026-08-18T20:44:39Z" changeset="1" lon="80.2615739" uid="1" version="1" lat="13.09466" /><node user="OSMnx" visible="true" id="11407760004" timestamp="2026-08-18T20:44:39Z" changeset="1" lon="80.2654512" uid="1" version="1" lat="13.0912464" /><node user="OSMnx" visible="true" id="11407760007" timestamp="2026-08-18T20:44:39Z" changeset="1" lon="80.2633057" uid="1" version="1" lat="13.0885116" /><node user="OSMnx" visible="true" id="11407760008" timestamp="2026-08-18T20:44:39Z" changeset="1" lon="80.2655068" uid="1" version="1" lat="13.0772324" /><node user="OSMnx" visible="true" id="11411603542" timestamp="2026-08-18T20:44:39Z" changeset="1" lon="80.2763563" uid="1" version="1" lat="13.0739684" /><node user="OSMnx" visible="true" id="11416331844" timestamp="2026-08-18T20:44:39Z" changeset="1" lon="80.2753037" uid="1" version="1" lat="13.0787273" /><node user="OSMnx" visible="true" id="11416331845" timestamp="2026-08-18T20:44:39Z" changeset="1" lon="80.2753572" uid="1" version="1" lat="13.078619" /><node user="OSMnx" visible="true" id="11416331846" timestamp="2026-08-18T20:44:39Z" changeset="1" lon="80.2754353" uid="1" version="1" lat="13.0785282" /><node user="OSMnx" visible="true" id="11416332558" timestamp="2026-08-18T20:44:39Z" changeset="1" lon="80.2751357" uid="1" version="1" lat="13.0784353" /><node user="OSMnx" visible="true" id="11416332559" timestamp="2026-08-18T20:44:39Z" changeset="1" lon="80.2752619" uid="1" version="1" lat="13.0783025" /><node user="OSMnx" visible="true" id="11416424926" timestamp="2026-08-18T20:44:39Z" changeset="1" lon="80.2734019" uid="1" version="1" lat="13.0747191" /><node user="OSMnx" visible="true" id="11416610631" timestamp="2026-08-18T20:44:39Z" changeset="1" lon="80.2728256" uid="1" version="1" lat="13.0757426" /><node user="OSMnx" visible="true" id="11416610638" timestamp="2026-08-18T20:44:39Z" changeset="1" lon="80.2730721" uid="1" version="1" lat="13.076068" /><node user="OSMnx" visible="true" id="11416628710" timestamp="2026-08-18T20:44:39Z" changeset="1" lon="80.2732028" uid="1" version="1" lat="13.0756728" /><node user="OSMnx" visible="true" id="11416628717" timestamp="2026-08-18T20:44:39Z" changeset="1" lon="80.2732628" uid="1" version="1" lat="13.0754433" /><node user="OSMnx" visible="true" id="11416688808" timestamp="2026-08-18T20:44:39Z" changeset="1" lon="80.2725681" uid="1" version="1" lat="13.0773162" /><node user="OSMnx" visible="true" id="11416688810" timestamp="2026-08-18T20:44:39Z" changeset="1" lon="80.2726514" uid="1" version="1" lat="13.077113" /><node user="OSMnx" visible="true" id="11416688815" timestamp="2026-08-18T20:44:39Z" changeset="1" lon="80.2730033" uid="1" version="1" lat="13.0762546" /><node user="OSMnx" visible="true" id="11416688817" timestamp="2026-08-18T20:44:39Z" changeset="1" lon="80.273062" uid="1" version="1" lat="13.0760969" /><node user="OSMnx" visible="true" id="11416688818" timestamp="2026-08-18T20:44:39Z" changeset="1" lon="80.2731163" uid="1" version="1" lat="13.0759415" /><node user="OSMnx" visible="true" id="11416742885" timestamp="2026-08-18T20:44:39Z" changeset="1" lon="80.2696595" uid="1" version="1" lat="13.0772042" /><node user="OSMnx" visible="true" id="11416742886" timestamp="2026-08-18T20:44:39Z" changeset="1" lon="80.2696968" uid="1" version="1" lat="13.0772124" /><node user="OSMnx" visible="true" id="11416742887" timestamp="2026-08-18T20:44:39Z" changeset="1" lon="80.269677" uid="1" version="1" lat="13.0772134" /><node user="OSMnx" visible="true" id="11416746953" timestamp="2026-08-18T20:44:39Z" changeset="1" lon="80.2698501" uid="1" version="1" lat="13.0779767" /><node user="OSMnx" visible="true" id="11416746954" timestamp="2026-08-18T20:44:39Z" changeset="1" lon="80.2698557" uid="1" version="1" lat="13.0779966" /><node user="OSMnx" visible="true" id="11416746955" timestamp="2026-08-18T20:44:39Z" changeset="1" lon="80.269908" uid="1" version="1" lat="13.0783052" /><node user="OSMnx" visible="true" id="11416746956" timestamp="2026-08-18T20:44:39Z" changeset="1" lon="80.2699923" uid="1" version="1" lat="13.0784557" /><node user="OSMnx" visible="true" id="11416746957" timestamp="2026-08-18T20:44:39Z" changeset="1" lon="80.2699877" uid="1" version="1" lat="13.0784292" /><node user="OSMnx" visible="true" id="11416746958" timestamp="2026-08-18T20:44:39Z" changeset="1" lon="80.2694491" uid="1" version="1" lat="13.0784298" /><node user="OSMnx" visible="true" id="11416746959" timestamp="2026-08-18T20:44:39Z" changeset="1" lon="80.2694567" uid="1" version="1" lat="13.0778005" /><node user="OSMnx" visible="true" id="11416746960" timestamp="2026-08-18T20:44:39Z" changeset="1" lon="80.2694589" uid="1" version="1" lat="13.0778161" /><node user="OSMnx" visible="true" id="11416756702" timestamp="2026-08-18T20:44:39Z" changeset="1" lon="80.2698155" uid="1" version="1" lat="13.0791325" /><node user="OSMnx" visible="true" id="11416769659" timestamp="2026-08-18T20:44:39Z" changeset="1" lon="80.2721767" uid="1" version="1" lat="13.0751494" /><node user="OSMnx" visible="true" id="11419727677" timestamp="2026-08-18T20:44:39Z" changeset="1" lon="80.2646723" uid="1" version="1" lat="13.0854832" /><node user="OSMnx" visible="true" id="11419972981" timestamp="2026-08-18T20:44:39Z" changeset="1" lon="80.2764035" uid="1" version="1" lat="13.0902641" /><node user="OSMnx" visible="true" id="11419972982" timestamp="2026-08-18T20:44:39Z" changeset="1" lon="80.2764091" uid="1" version="1" lat="13.0902573" /><node user="OSMnx" visible="true" id="11419972983" timestamp="2026-08-18T20:44:39Z" changeset="1" lon="80.275538" uid="1" version="1" lat="13.0899439" /><node user="OSMnx" visible="true" id="11419972984" timestamp="2026-08-18T20:44:39Z" changeset="1" lon="80.2761476" uid="1" version="1" lat="13.0899436" /><node user="OSMnx" visible="true" id="11419972985" timestamp="2026-08-18T20:44:39Z" changeset="1" lon="80.2763618" uid="1" version="1" lat="13.0899355" /><node user="OSMnx" visible="true" id="11419972986" timestamp="2026-08-18T20:44:39Z" changeset="1" lon="80.276357" uid="1" version="1" lat="13.0899342" /><node user="OSMnx" visible="true" id="11419972987" timestamp="2026-08-18T20:44:39Z" changeset="1" lon="80.2763648" uid="1" version="1" lat="13.0899396" /><node user="OSMnx" visible="true" id="11419972988" timestamp="2026-08-18T20:44:39Z" changeset="1" lon="80.2764078" uid="1" version="1" lat="13.0902609" /><node user="OSMnx" visible="true" id="11420001944" timestamp="2026-08-18T20:44:39Z" changeset="1" lon="80.2679353" uid="1" version="1" lat="13.0889252" /><node user="OSMnx" visible="true" id="11420001945" timestamp="2026-08-18T20:44:39Z" changeset="1" lon="80.2687575" uid="1" version="1" lat="13.0889883" /><node user="OSMnx" visible="true" id="11420001946" timestamp="2026-08-18T20:44:39Z" changeset="1" lon="80.2687786" uid="1" version="1" lat="13.0889897" /><node user="OSMnx" visible="true" id="11420001947" timestamp="2026-08-18T20:44:39Z" changeset="1" lon="80.2688772" uid="1" version="1" lat="13.088988" /><node user="OSMnx" visible="true" id="11420001948" timestamp="2026-08-18T20:44:39Z" changeset="1" lon="80.2688903" uid="1" version="1" lat="13.0889829" /><node user="OSMnx" visible="true" id="11420001949" timestamp="2026-08-18T20:44:39Z" changeset="1" lon="80.2688964" uid="1" version="1" lat="13.0889744" /><node user="OSMnx" visible="true" id="11420001950" timestamp="2026-08-18T20:44:39Z" changeset="1" lon="80.2688308" uid="1" version="1" lat="13.0885114" /><node user="OSMnx" visible="true" id="11420001952" timestamp="2026-08-18T20:44:39Z" changeset="1" lon="80.2689624" uid="1" version="1" lat="13.0884869" /><node user="OSMnx" visible="true" id="11420050767" timestamp="2026-08-18T20:44:39Z" changeset="1" lon="80.2679343" uid="1" version="1" lat="13.0890604" /><node user="OSMnx" visible="true" id="11420066457" timestamp="2026-08-18T20:44:39Z" changeset="1" lon="80.2763455" uid="1" version="1" lat="13.0836975" /><node user="OSMnx" visible="true" id="11420101009" timestamp="2026-08-18T20:44:39Z" changeset="1" lon="80.2677151" uid="1" version="1" lat="13.0849625" /><node user="OSMnx" visible="true" id="11420101012" timestamp="2026-08-18T20:44:39Z" changeset="1" lon="80.2675865" uid="1" version="1" lat="13.0843542" /><node user="OSMnx" visible="true" id="11420101013" timestamp="2026-08-18T20:44:39Z" changeset="1" lon="80.2675819" uid="1" version="1" lat="13.0843627" /><node user="OSMnx" visible="true" id="11420101014" timestamp="2026-08-18T20:44:39Z" changeset="1" lon="80.2675959" uid="1" version="1" lat="13.0845731" /><node user="OSMnx" visible="true" id="11420120712" timestamp="2026-08-18T20:44:39Z" changeset="1" lon="80.2693494" uid="1" version="1" lat="13.0856107" /><node user="OSMnx" visible="true" id="11420120713" timestamp="2026-08-18T20:44:39Z" changeset="1" lon="80.2694325" uid="1" version="1" lat="13.0856274" /><node user="OSMnx" visible="true" id="11420120714" timestamp="2026-08-18T20:44:39Z" changeset="1" lon="80.26951" uid="1" version="1" lat="13.0856533" /><node user="OSMnx" visible="true" id="11420120715" timestamp="2026-08-18T20:44:39Z" changeset="1" lon="80.2695485" uid="1" version="1" lat="13.0856576" /><node user="OSMnx" visible="true" id="11420120716" timestamp="2026-08-18T20:44:39Z" changeset="1" lon="80.269657" uid="1" version="1" lat="13.0856412" /><node user="OSMnx" visible="true" id="11420120717" timestamp="2026-08-18T20:44:39Z" changeset="1" lon="80.269662" uid="1" version="1" lat="13.0856221" /><node user="OSMnx" visible="true" id="11420120718" timestamp="2026-08-18T20:44:39Z" changeset="1" lon="80.2687402" uid="1" version="1" lat="13.0852369" /><node user="OSMnx" visible="true" id="11420120719" timestamp="2026-08-18T20:44:39Z" changeset="1" lon="80.2687598" uid="1" version="1" lat="13.0852416" /><node user="OSMnx" visible="true" id="11420120890" timestamp="2026-08-18T20:44:39Z" changeset="1" lon="80.2662994" uid="1" version="1" lat="13.0852847" /><node user="OSMnx" visible="true" id="11420120896" timestamp="2026-08-18T20:44:39Z" changeset="1" lon="80.2666803" uid="1" version="1" lat="13.0852304" /><node user="OSMnx" visible="true" id="11420189369" timestamp="2026-08-18T20:44:39Z" changeset="1" lon="80.2756845" uid="1" version="1" lat="13.0875354" /><node user="OSMnx" visible="true" id="11420189370" timestamp="2026-08-18T20:44:39Z" changeset="1" lon="80.2756755" uid="1" version="1" lat="13.0875928" /><node user="OSMnx" visible="true" id="11420189371" timestamp="2026-08-18T20:44:39Z" changeset="1" lon="80.2761943" uid="1" version="1" lat="13.0876517" /><node user="OSMnx" visible="true" id="11431663696" timestamp="2026-08-18T20:44:39Z" changeset="1" lon="80.2734886" uid="1" version="1" lat="13.09369" /><node user="OSMnx" visible="true" id="11431663697" timestamp="2026-08-18T20:44:39Z" changeset="1" lon="80.2734355" uid="1" version="1" lat="13.0937382" /><node user="OSMnx" visible="true" id="11431663698" timestamp="2026-08-18T20:44:39Z" changeset="1" lon="80.2733789" uid="1" version="1" lat="13.0937744" /><node user="OSMnx" visible="true" id="11431663699" timestamp="2026-08-18T20:44:39Z" changeset="1" lon="80.2733152" uid="1" version="1" lat="13.0937986" /><node user="OSMnx" visible="true" id="11431663700" timestamp="2026-08-18T20:44:39Z" changeset="1" lon="80.2732719" uid="1" version="1" lat="13.0938008" /><node user="OSMnx" visible="true" id="11431663701" timestamp="2026-08-18T20:44:39Z" changeset="1" lon="80.273226" uid="1" version="1" lat="13.0937913" /><node user="OSMnx" visible="true" id="11431663702" timestamp="2026-08-18T20:44:39Z" changeset="1" lon="80.2731736" uid="1" version="1" lat="13.0937702" /><node user="OSMnx" visible="true" id="11431663703" timestamp="2026-08-18T20:44:39Z" changeset="1" lon="80.2735306" uid="1" version="1" lat="13.0937434" /><node user="OSMnx" visible="true" id="11431663704" timestamp="2026-08-18T20:44:39Z" changeset="1" lon="80.2734722" uid="1" version="1" lat="13.093798" /><node user="OSMnx" visible="true" id="11431663705" timestamp="2026-08-18T20:44:39Z" changeset="1" lon="80.2733951" uid="1" version="1" lat="13.0938503" /><node user="OSMnx" visible="true" id="11431663706" timestamp="2026-08-18T20:44:39Z" changeset="1" lon="80.2733391" uid="1" version="1" lat="13.0938753" /><node user="OSMnx" visible="true" id="11431663707" timestamp="2026-08-18T20:44:39Z" changeset="1" lon="80.273262" uid="1" version="1" lat="13.0938913" /><node user="OSMnx" visible="true" id="11431663708" timestamp="2026-08-18T20:44:39Z" changeset="1" lon="80.2731757" uid="1" version="1" lat="13.0938913" /><node user="OSMnx" visible="true" id="11431663709" timestamp="2026-08-18T20:44:39Z" changeset="1" lon="80.2731079" uid="1" version="1" lat="13.0938708" /><node user="OSMnx" visible="true" id="11431663710" timestamp="2026-08-18T20:44:39Z" changeset="1" lon="80.2738674" uid="1" version="1" lat="13.0932389" /><node user="OSMnx" visible="true" id="11431663711" timestamp="2026-08-18T20:44:39Z" changeset="1" lon="80.2739237" uid="1" version="1" lat="13.0932832" /><node user="OSMnx" visible="true" id="11431663712" timestamp="2026-08-18T20:44:39Z" changeset="1" lon="80.274623" uid="1" version="1" lat="13.0924976" /><node user="OSMnx" visible="true" id="11431663713" timestamp="2026-08-18T20:44:39Z" changeset="1" lon="80.27469" uid="1" version="1" lat="13.092448" /><node user="OSMnx" visible="true" id="11431663714" timestamp="2026-08-18T20:44:39Z" changeset="1" lon="80.2747893" uid="1" version="1" lat="13.0924088" /><node user="OSMnx" visible="true" id="11431663715" timestamp="2026-08-18T20:44:39Z" changeset="1" lon="80.2748724" uid="1" version="1" lat="13.0923905" /><node user="OSMnx" visible="true" id="11431663716" timestamp="2026-08-18T20:44:39Z" changeset="1" lon="80.274977" uid="1" version="1" lat="13.0923775" /><node user="OSMnx" visible="true" id="11431663717" timestamp="2026-08-18T20:44:39Z" changeset="1" lon="80.2750396" uid="1" version="1" lat="13.0923712" /><node user="OSMnx" visible="true" id="11431663719" timestamp="2026-08-18T20:44:39Z" changeset="1" lon="80.2751074" uid="1" version="1" lat="13.0923317" /><node user="OSMnx" visible="true" id="11431663720" timestamp="2026-08-18T20:44:39Z" changeset="1" lon="80.2750369" uid="1" version="1" lat="13.092306" /><node user="OSMnx" visible="true" id="11431663721" timestamp="2026-08-18T20:44:39Z" changeset="1" lon="80.2748874" uid="1" version="1" lat="13.0923196" /><node user="OSMnx" visible="true" id="11431663722" timestamp="2026-08-18T20:44:39Z" changeset="1" lon="80.2747497" uid="1" version="1" lat="13.0923469" /><node user="OSMnx" visible="true" id="11431663723" timestamp="2026-08-18T20:44:39Z" changeset="1" lon="80.2746493" uid="1" version="1" lat="13.0923901" /><node user="OSMnx" visible="true" id="11431663724" timestamp="2026-08-18T20:44:39Z" changeset="1" lon="80.2745466" uid="1" version="1" lat="13.0924594" /><node user="OSMnx" visible="true" id="11431783014" timestamp="2026-08-18T20:44:39Z" changeset="1" lon="80.2627104" uid="1" version="1" lat="13.0847192" /><node user="OSMnx" visible="true" id="11431783019" timestamp="2026-08-18T20:44:39Z" changeset="1" lon="80.2626494" uid="1" version="1" lat="13.0844542" /><node user="OSMnx" visible="true" id="11487003164" timestamp="2026-08-18T20:44:39Z" changeset="1" lon="80.2678168" uid="1" version="1" lat="13.0839119" /><node user="OSMnx" visible="true" id="11487003165" timestamp="2026-08-18T20:44:39Z" changeset="1" lon="80.2681792" uid="1" version="1" lat="13.083908" /><node user="OSMnx" visible="true" id="11487032285" timestamp="2026-08-18T20:44:39Z" changeset="1" lon="80.2617663" uid="1" version="1" lat="13.0891453" /><node user="OSMnx" visible="true" id="11495672389" timestamp="2026-08-18T20:44:39Z" changeset="1" lon="80.2568753" uid="1" version="1" lat="13.0770742" /><node user="OSMnx" visible="true" id="11495672391" timestamp="2026-08-18T20:44:39Z" changeset="1" lon="80.2569259" uid="1" version="1" lat="13.0770838" /><node user="OSMnx" visible="true" id="11495672449" timestamp="2026-08-18T20:44:39Z" changeset="1" lon="80.2568605" uid="1" version="1" lat="13.0790923" /><node user="OSMnx" visible="true" id="11495672450" timestamp="2026-08-18T20:44:39Z" changeset="1" lon="80.2569093" uid="1" version="1" lat="13.0791121" /><node user="OSMnx" visible="true" id="11495672477" timestamp="2026-08-18T20:44:39Z" changeset="1" lon="80.2569819" uid="1" version="1" lat="13.076879" /><node user="OSMnx" visible="true" id="11495672478" timestamp="2026-08-18T20:44:39Z" changeset="1" lon="80.2570969" uid="1" version="1" lat="13.076717" /><node user="OSMnx" visible="true" id="11495672479" timestamp="2026-08-18T20:44:39Z" changeset="1" lon="80.2572402" uid="1" version="1" lat="13.0765464" /><node user="OSMnx" visible="true" id="11495672480" timestamp="2026-08-18T20:44:39Z" changeset="1" lon="80.2573676" uid="1" version="1" lat="13.0764154" /><node user="OSMnx" visible="true" id="11495672481" timestamp="2026-08-18T20:44:39Z" changeset="1" lon="80.2575959" uid="1" version="1" lat="13.0761723" /><node user="OSMnx" visible="true" id="11495672482" timestamp="2026-08-18T20:44:39Z" changeset="1" lon="80.2577545" uid="1" version="1" lat="13.0759888" /><node user="OSMnx" visible="true" id="11495672483" timestamp="2026-08-18T20:44:39Z" changeset="1" lon="80.2579086" uid="1" version="1" lat="13.0758022" /><node user="OSMnx" visible="true" id="11495672484" timestamp="2026-08-18T20:44:39Z" changeset="1" lon="80.2580136" uid="1" version="1" lat="13.0756635" /><node user="OSMnx" visible="true" id="11495672485" timestamp="2026-08-18T20:44:39Z" changeset="1" lon="80.2580824" uid="1" version="1" lat="13.075582" /><node user="OSMnx" visible="true" id="11495672486" timestamp="2026-08-18T20:44:39Z" changeset="1" lon="80.2570187" uid="1" version="1" lat="13.0769135" /><node user="OSMnx" visible="true" id="11495672487" timestamp="2026-08-18T20:44:39Z" changeset="1" lon="80.2571337" uid="1" version="1" lat="13.0767455" /><node user="OSMnx" visible="true" id="11495672488" timestamp="2026-08-18T20:44:39Z" changeset="1" lon="80.2571999" uid="1" version="1" lat="13.0766635" /><node user="OSMnx" visible="true" id="11495672489" timestamp="2026-08-18T20:44:39Z" changeset="1" lon="80.2573476" uid="1" version="1" lat="13.0765023" /><node user="OSMnx" visible="true" id="11495672490" timestamp="2026-08-18T20:44:39Z" changeset="1" lon="80.2574853" uid="1" version="1" lat="13.076359" /><node user="OSMnx" visible="true" id="11495672491" timestamp="2026-08-18T20:44:39Z" changeset="1" lon="80.2576091" uid="1" version="1" lat="13.0762271" /><node user="OSMnx" visible="true" id="11495672492" timestamp="2026-08-18T20:44:39Z" changeset="1" lon="80.2577118" uid="1" version="1" lat="13.0761202" /><node user="OSMnx" visible="true" id="11495672493" timestamp="2026-08-18T20:44:39Z" changeset="1" lon="80.2578356" uid="1" version="1" lat="13.0759746" /><node user="OSMnx" visible="true" id="11495672494" timestamp="2026-08-18T20:44:39Z" changeset="1" lon="80.257964" uid="1" version="1" lat="13.075829" /><node user="OSMnx" visible="true" id="11495672495" timestamp="2026-08-18T20:44:39Z" changeset="1" lon="80.2580948" uid="1" version="1" lat="13.0756675" /><node user="OSMnx" visible="true" id="11495672496" timestamp="2026-08-18T20:44:39Z" changeset="1" lon="80.2581566" uid="1" version="1" lat="13.0755851" /><node user="OSMnx" visible="true" id="11495672497" timestamp="2026-08-18T20:44:39Z" changeset="1" lon="80.2572515" uid="1" version="1" lat="13.0766025" /><node user="OSMnx" visible="true" id="11495672498" timestamp="2026-08-18T20:44:39Z" changeset="1" lon="80.257068" uid="1" version="1" lat="13.0768355" /><node user="OSMnx" visible="true" id="11495672499" timestamp="2026-08-18T20:44:39Z" changeset="1" lon="80.2582111" uid="1" version="1" lat="13.0755122" /><node user="OSMnx" visible="true" id="11495672503" timestamp="2026-08-18T20:44:39Z" changeset="1" lon="80.2585493" uid="1" version="1" lat="13.075069" /><node user="OSMnx" visible="true" id="11495672504" timestamp="2026-08-18T20:44:39Z" changeset="1" lon="80.2584322" uid="1" version="1" lat="13.0752058" /><node user="OSMnx" visible="true" id="11495672516" timestamp="2026-08-18T20:44:39Z" changeset="1" lon="80.2582733" uid="1" version="1" lat="13.0753" /><node user="OSMnx" visible="true" id="11495672518" timestamp="2026-08-18T20:44:39Z" changeset="1" lon="80.2582373" uid="1" version="1" lat="13.0753503" /><node user="OSMnx" visible="true" id="11495672519" timestamp="2026-08-18T20:44:39Z" changeset="1" lon="80.258202" uid="1" version="1" lat="13.0753974" /><node user="OSMnx" visible="true" id="11495672520" timestamp="2026-08-18T20:44:39Z" changeset="1" lon="80.2581821" uid="1" version="1" lat="13.0754376" /><node user="OSMnx" visible="true" id="11495672521" timestamp="2026-08-18T20:44:39Z" changeset="1" lon="80.258292" uid="1" version="1" lat="13.0752735"><tag k="highway" v="crossing" /></node><node user="OSMnx" visible="true" id="11495672522" timestamp="2026-08-18T20:44:39Z" changeset="1" lon="80.2584462" uid="1" version="1" lat="13.0755291" /><node user="OSMnx" visible="true" id="11495672523" timestamp="2026-08-18T20:44:39Z" changeset="1" lon="80.2583862" uid="1" version="1" lat="13.0755111" /><node user="OSMnx" visible="true" id="11495672524" timestamp="2026-08-18T20:44:39Z" changeset="1" lon="80.2583168" uid="1" version="1" lat="13.0754826" /><node user="OSMnx" visible="true" id="11495672525" timestamp="2026-08-18T20:44:39Z" changeset="1" lon="80.2581421" uid="1" version="1" lat="13.0753422"><tag k="highway" v="crossing" /></node><node user="OSMnx" visible="true" id="11495672527" timestamp="2026-08-18T20:44:39Z" changeset="1" lon="80.2582613" uid="1" version="1" lat="13.0754474" /><node user="OSMnx" visible="true" id="11495672529" timestamp="2026-08-18T20:44:39Z" changeset="1" lon="80.2582897" uid="1" version="1" lat="13.0754678" /><node user="OSMnx" visible="true" id="11495672530" timestamp="2026-08-18T20:44:39Z" changeset="1" lon="80.2583497" uid="1" version="1" lat="13.0754968" /><node user="OSMnx" visible="true" id="11495672531" timestamp="2026-08-18T20:44:39Z" changeset="1" lon="80.2585478" uid="1" version="1" lat="13.0754925" /><node user="OSMnx" visible="true" id="11495672532" timestamp="2026-08-18T20:44:39Z" changeset="1" lon="80.2580748" uid="1" version="1" lat="13.0752085" /><node user="OSMnx" visible="true" id="11495672533" timestamp="2026-08-18T20:44:39Z" changeset="1" lon="80.258406" uid="1" version="1" lat="13.0754554"><tag k="highway" v="traffic_signals" /></node><node user="OSMnx" visible="true" id="11495672534" timestamp="2026-08-18T20:44:39Z" changeset="1" lon="80.2583698" uid="1" version="1" lat="13.0754397"><tag k="highway" v="crossing" /></node><node user="OSMnx" visible="true" id="11495672535" timestamp="2026-08-18T20:44:39Z" changeset="1" lon="80.2583416" uid="1" version="1" lat="13.0754227" /><node user="OSMnx" visible="true" id="11495672536" timestamp="2026-08-18T20:44:39Z" changeset="1" lon="80.2583014" uid="1" version="1" lat="13.0753979" /><node user="OSMnx" visible="true" id="11495672537" timestamp="2026-08-18T20:44:39Z" changeset="1" lon="80.258288" uid="1" version="1" lat="13.0753845" /><node user="OSMnx" visible="true" id="11495672538" timestamp="2026-08-18T20:44:39Z" changeset="1" lon="80.258151" uid="1" version="1" lat="13.0752778" /><node user="OSMnx" visible="true" id="11495672540" timestamp="2026-08-18T20:44:39Z" changeset="1" lon="80.2580491" uid="1" version="1" lat="13.0755471" /><node user="OSMnx" visible="true" id="11495672544" timestamp="2026-08-18T20:44:39Z" changeset="1" lon="80.2581263" uid="1" version="1" lat="13.0753272"><tag k="highway" v="traffic_signals" /></node><node user="OSMnx" visible="true" id="11495672546" timestamp="2026-08-18T20:44:39Z" changeset="1" lon="80.2581781" uid="1" version="1" lat="13.0753007"><tag k="highway" v="crossing" /></node><node user="OSMnx" visible="true" id="11495672547" timestamp="2026-08-18T20:44:39Z" changeset="1" lon="80.2583299" uid="1" version="1" lat="13.0753288"><tag k="highway" v="crossing" /></node><node user="OSMnx" visible="true" id="11495672548" timestamp="2026-08-18T20:44:39Z" changeset="1" lon="80.2583444" uid="1" version="1" lat="13.0754945"><tag k="highway" v="crossing" /></node><node user="OSMnx" visible="true" id="11495672549" timestamp="2026-08-18T20:44:39Z" changeset="1" lon="80.2581567" uid="1" version="1" lat="13.0753556" /><node user="OSMnx" visible="true" id="11495672550" timestamp="2026-08-18T20:44:39Z" changeset="1" lon="80.2581616" uid="1" version="1" lat="13.0753732" /><node user="OSMnx" visible="true" id="11495672551" timestamp="2026-08-18T20:44:39Z" changeset="1" lon="80.2581629" uid="1" version="1" lat="13.0753901" /><node user="OSMnx" visible="true" id="11495672552" timestamp="2026-08-18T20:44:39Z" changeset="1" lon="80.2581616" uid="1" version="1" lat="13.0754071" /><node user="OSMnx" visible="true" id="11495672553" timestamp="2026-08-18T20:44:39Z" changeset="1" lon="80.2581525" uid="1" version="1" lat="13.0754805" /><node user="OSMnx" visible="true" id="11495672555" timestamp="2026-08-18T20:44:39Z" changeset="1" lon="80.2583147" uid="1" version="1" lat="13.07524"><tag k="highway" v="traffic_signals" /></node><node user="OSMnx" visible="true" id="11495672556" timestamp="2026-08-18T20:44:39Z" changeset="1" lon="80.2582331" uid="1" version="1" lat="13.0754838"><tag k="highway" v="traffic_signals" /></node><node user="OSMnx" visible="true" id="11495672557" timestamp="2026-08-18T20:44:39Z" changeset="1" lon="80.2591101" uid="1" version="1" lat="13.0743362" /><node user="OSMnx" visible="true" id="11495672558" timestamp="2026-08-18T20:44:39Z" changeset="1" lon="80.2591552" uid="1" version="1" lat="13.07437" /><node user="OSMnx" visible="true" id="11495672566" timestamp="2026-08-18T20:44:39Z" changeset="1" lon="80.2593556" uid="1" version="1" lat="13.0740805" /><node user="OSMnx" visible="true" id="11495672569" timestamp="2026-08-18T20:44:39Z" changeset="1" lon="80.2592694" uid="1" version="1" lat="13.0742368" /><node user="OSMnx" visible="true" id="11495672570" timestamp="2026-08-18T20:44:39Z" changeset="1" lon="80.2594719" uid="1" version="1" lat="13.0740556" /><node user="OSMnx" visible="true" id="11495672590" timestamp="2026-08-18T20:44:39Z" changeset="1" lon="80.2596669" uid="1" version="1" lat="13.0739194" /><node user="OSMnx" visible="true" id="11495672592" timestamp="2026-08-18T20:44:39Z" changeset="1" lon="80.2598133" uid="1" version="1" lat="13.0738285" /><node user="OSMnx" visible="true" id="11495672593" timestamp="2026-08-18T20:44:39Z" changeset="1" lon="80.2600176" uid="1" version="1" lat="13.0737227" /><node user="OSMnx" visible="true" id="11495672595" timestamp="2026-08-18T20:44:39Z" changeset="1" lon="80.2603043" uid="1" version="1" lat="13.0735839" /><node user="OSMnx" visible="true" id="11495672597" timestamp="2026-08-18T20:44:39Z" changeset="1" lon="80.2606672" uid="1" version="1" lat="13.073422" /><node user="OSMnx" visible="true" id="11495672608" timestamp="2026-08-18T20:44:39Z" changeset="1" lon="80.2607115" uid="1" version="1" lat="13.0734056"><tag k="highway" v="crossing" /></node><node user="OSMnx" visible="true" id="11495672609" timestamp="2026-08-18T20:44:39Z" changeset="1" lon="80.2606682" uid="1" version="1" lat="13.0733131"><tag k="highway" v="crossing" /></node><node user="OSMnx" visible="true" id="11496699191" timestamp="2026-08-18T20:44:39Z" changeset="1" lon="80.2768663" uid="1" version="1" lat="13.0937331" /><node user="OSMnx" visible="true" id="11496743266" timestamp="2026-08-18T20:44:39Z" changeset="1" lon="80.2760413" uid="1" version="1" lat="13.093842" /><node user="OSMnx" visible="true" id="11496743267" timestamp="2026-08-18T20:44:39Z" changeset="1" lon="80.2752054" uid="1" version="1" lat="13.0940931" /><node user="OSMnx" visible="true" id="11593718586" timestamp="2026-08-18T20:44:39Z" changeset="1" lon="80.2577534" uid="1" version="1" lat="13.0849985" /><node user="OSMnx" visible="true" id="11593718587" timestamp="2026-08-18T20:44:39Z" changeset="1" lon="80.257289" uid="1" version="1" lat="13.0848896" /><node user="OSMnx" visible="true" id="11593727654" timestamp="2026-08-18T20:44:39Z" changeset="1" lon="80.2571398" uid="1" version="1" lat="13.0845829" /><node user="OSMnx" visible="true" id="11593727655" timestamp="2026-08-18T20:44:39Z" changeset="1" lon="80.2571287" uid="1" version="1" lat="13.0845776" /><node user="OSMnx" visible="true" id="11593727656" timestamp="2026-08-18T20:44:39Z" changeset="1" lon="80.2571166" uid="1" version="1" lat="13.0845587" /><node user="OSMnx" visible="true" id="11593727657" timestamp="2026-08-18T20:44:39Z" changeset="1" lon="80.257118" uid="1" version="1" lat="13.0845418" /><node user="OSMnx" visible="true" id="11593727658" timestamp="2026-08-18T20:44:39Z" changeset="1" lon="80.2571699" uid="1" version="1" lat="13.0843389" /><node user="OSMnx" visible="true" id="11593727659" timestamp="2026-08-18T20:44:39Z" changeset="1" lon="80.2571203" uid="1" version="1" lat="13.0845683" /><node user="OSMnx" visible="true" id="11593734097" timestamp="2026-08-18T20:44:39Z" changeset="1" lon="80.2575715" uid="1" version="1" lat="13.0856975" /><node user="OSMnx" visible="true" id="11593737287" timestamp="2026-08-18T20:44:39Z" changeset="1" lon="80.2585569" uid="1" version="1" lat="13.0855316" /><node user="OSMnx" visible="true" id="11593745028" timestamp="2026-08-18T20:44:39Z" changeset="1" lon="80.2644286" uid="1" version="1" lat="13.0946997" /><node user="OSMnx" visible="true" id="11593745029" timestamp="2026-08-18T20:44:39Z" changeset="1" lon="80.2644403" uid="1" version="1" lat="13.0944081" /><node user="OSMnx" visible="true" id="11593745846" timestamp="2026-08-18T20:44:39Z" changeset="1" lon="80.2585884" uid="1" version="1" lat="13.0812018" /><node user="OSMnx" visible="true" id="11593753017" timestamp="2026-08-18T20:44:39Z" changeset="1" lon="80.257517" uid="1" version="1" lat="13.0858809" /><node user="OSMnx" visible="true" id="11593754163" timestamp="2026-08-18T20:44:39Z" changeset="1" lon="80.2640279" uid="1" version="1" lat="13.0946787" /><node user="OSMnx" visible="true" id="11593754164" timestamp="2026-08-18T20:44:39Z" changeset="1" lon="80.2640538" uid="1" version="1" lat="13.0943426" /><node user="OSMnx" visible="true" id="11593754165" timestamp="2026-08-18T20:44:39Z" changeset="1" lon="80.2641544" uid="1" version="1" lat="13.0946906" /><node user="OSMnx" visible="true" id="11593754166" timestamp="2026-08-18T20:44:39Z" changeset="1" lon="80.2641711" uid="1" version="1" lat="13.0943764" /><node user="OSMnx" visible="true" id="11593757319" timestamp="2026-08-18T20:44:39Z" changeset="1" lon="80.2632955" uid="1" version="1" lat="13.0934608" /><node user="OSMnx" visible="true" id="11593757320" timestamp="2026-08-18T20:44:39Z" changeset="1" lon="80.2632627" uid="1" version="1" lat="13.0930456" /><node user="OSMnx" visible="true" id="11593757541" timestamp="2026-08-18T20:44:39Z" changeset="1" lon="80.2585738" uid="1" version="1" lat="13.0851537" /><node user="OSMnx" visible="true" id="11593757542" timestamp="2026-08-18T20:44:39Z" changeset="1" lon="80.258113" uid="1" version="1" lat="13.0850663" /><node user="OSMnx" visible="true" id="11593774036" timestamp="2026-08-18T20:44:39Z" changeset="1" lon="80.2598149" uid="1" version="1" lat="13.0816368" /><node user="OSMnx" visible="true" id="11593774037" timestamp="2026-08-18T20:44:39Z" changeset="1" lon="80.2598273" uid="1" version="1" lat="13.0816539" /><node user="OSMnx" visible="true" id="11593774038" timestamp="2026-08-18T20:44:39Z" changeset="1" lon="80.2598296" uid="1" version="1" lat="13.0816738" /><node user="OSMnx" visible="true" id="11593774039" timestamp="2026-08-18T20:44:39Z" changeset="1" lon="80.2597772" uid="1" version="1" lat="13.0818867" /><node user="OSMnx" visible="true" id="11593774040" timestamp="2026-08-18T20:44:39Z" changeset="1" lon="80.2598078" uid="1" version="1" lat="13.0817661" /><node user="OSMnx" visible="true" id="11593796616" timestamp="2026-08-18T20:44:39Z" changeset="1" lon="80.2571228" uid="1" version="1" lat="13.0830971" /><node user="OSMnx" visible="true" id="11593796617" timestamp="2026-08-18T20:44:39Z" changeset="1" lon="80.2571128" uid="1" version="1" lat="13.0829149" /><node user="OSMnx" visible="true" id="11593796618" timestamp="2026-08-18T20:44:39Z" changeset="1" lon="80.2571167" uid="1" version="1" lat="13.0829036" /><node user="OSMnx" visible="true" id="11593796619" timestamp="2026-08-18T20:44:39Z" changeset="1" lon="80.2571364" uid="1" version="1" lat="13.0828876" /><node user="OSMnx" visible="true" id="11593796620" timestamp="2026-08-18T20:44:39Z" changeset="1" lon="80.2573371" uid="1" version="1" lat="13.082879" /><node user="OSMnx" visible="true" id="11593796621" timestamp="2026-08-18T20:44:39Z" changeset="1" lon="80.2574583" uid="1" version="1" lat="13.0828743" /><node user="OSMnx" visible="true" id="11593796622" timestamp="2026-08-18T20:44:39Z" changeset="1" lon="80.2574676" uid="1" version="1" lat="13.0828721" /><node user="OSMnx" visible="true" id="11593796623" timestamp="2026-08-18T20:44:39Z" changeset="1" lon="80.2574794" uid="1" version="1" lat="13.0828614" /><node user="OSMnx" visible="true" id="11593796624" timestamp="2026-08-18T20:44:39Z" changeset="1" lon="80.2574767" uid="1" version="1" lat="13.0827601" /><node user="OSMnx" visible="true" id="11593796625" timestamp="2026-08-18T20:44:39Z" changeset="1" lon="80.2571254" uid="1" version="1" lat="13.0828933" /><node user="OSMnx" visible="true" id="11593796626" timestamp="2026-08-18T20:44:39Z" changeset="1" lon="80.2574748" uid="1" version="1" lat="13.0828686" /><node user="OSMnx" visible="true" id="11593796627" timestamp="2026-08-18T20:44:39Z" changeset="1" lon="80.2571923" uid="1" version="1" lat="13.082059" /><node user="OSMnx" visible="true" id="11613257199" timestamp="2026-08-18T20:44:39Z" changeset="1" lon="80.2722453" uid="1" version="1" lat="13.0778658" /><node user="OSMnx" visible="true" id="11613260523" timestamp="2026-08-18T20:44:39Z" changeset="1" lon="80.269547" uid="1" version="1" lat="13.0698051" /><node user="OSMnx" visible="true" id="11613260524" timestamp="2026-08-18T20:44:39Z" changeset="1" lon="80.2696324" uid="1" version="1" lat="13.0698256" /><node user="OSMnx" visible="true" id="11613260525" timestamp="2026-08-18T20:44:39Z" changeset="1" lon="80.2696493" uid="1" version="1" lat="13.0698437" /><node user="OSMnx" visible="true" id="11613260526" timestamp="2026-08-18T20:44:39Z" changeset="1" lon="80.2696506" uid="1" version="1" lat="13.0698731" /><node user="OSMnx" visible="true" id="11613260527" timestamp="2026-08-18T20:44:39Z" changeset="1" lon="80.2696669" uid="1" version="1" lat="13.0699802" /><node user="OSMnx" visible="true" id="11613260528" timestamp="2026-08-18T20:44:39Z" changeset="1" lon="80.2696782" uid="1" version="1" lat="13.0700016" /><node user="OSMnx" visible="true" id="11613260529" timestamp="2026-08-18T20:44:39Z" changeset="1" lon="80.269715" uid="1" version="1" lat="13.0700156" /><node user="OSMnx" visible="true" id="11613260530" timestamp="2026-08-18T20:44:39Z" changeset="1" lon="80.269802" uid="1" version="1" lat="13.0700108" /><node user="OSMnx" visible="true" id="11613260531" timestamp="2026-08-18T20:44:39Z" changeset="1" lon="80.269719" uid="1" version="1" lat="13.0693758" /><node user="OSMnx" visible="true" id="11613260532" timestamp="2026-08-18T20:44:39Z" changeset="1" lon="80.269704" uid="1" version="1" lat="13.0695917" /><node user="OSMnx" visible="true" id="11613260533" timestamp="2026-08-18T20:44:39Z" changeset="1" lon="80.2697188" uid="1" version="1" lat="13.0695981" /><node user="OSMnx" visible="true" id="11613260534" timestamp="2026-08-18T20:44:39Z" changeset="1" lon="80.2698543" uid="1" version="1" lat="13.0695722" /><node user="OSMnx" visible="true" id="11617840983" timestamp="2026-08-18T20:44:39Z" changeset="1" lon="80.2573792" uid="1" version="1" lat="13.0698641" /><node user="OSMnx" visible="true" id="11617840991" timestamp="2026-08-18T20:44:39Z" changeset="1" lon="80.2572397" uid="1" version="1" lat="13.0697302" /><node user="OSMnx" visible="true" id="11617868236" timestamp="2026-08-18T20:44:39Z" changeset="1" lon="80.2574614" uid="1" version="1" lat="13.069943" /><node user="OSMnx" visible="true" id="11618542315" timestamp="2026-08-18T20:44:39Z" changeset="1" lon="80.265548" uid="1" version="1" lat="13.0867912" /><node user="OSMnx" visible="true" id="11618542316" timestamp="2026-08-18T20:44:39Z" changeset="1" lon="80.2650998" uid="1" version="1" lat="13.0854346" /><node user="OSMnx" visible="true" id="11618542317" timestamp="2026-08-18T20:44:39Z" changeset="1" lon="80.2651431" uid="1" version="1" lat="13.0867965" /><node user="OSMnx" visible="true" id="11618542318" timestamp="2026-08-18T20:44:39Z" changeset="1" lon="80.2651191" uid="1" version="1" lat="13.086774" /><node user="OSMnx" visible="true" id="11622043154" timestamp="2026-08-18T20:44:39Z" changeset="1" lon="80.2712528" uid="1" version="1" lat="13.0783899" /><node user="OSMnx" visible="true" id="11622043155" timestamp="2026-08-18T20:44:39Z" changeset="1" lon="80.2712058" uid="1" version="1" lat="13.0782555" /><node user="OSMnx" visible="true" id="11622043156" timestamp="2026-08-18T20:44:39Z" changeset="1" lon="80.2712063" uid="1" version="1" lat="13.0782371" /><node user="OSMnx" visible="true" id="11622043157" timestamp="2026-08-18T20:44:39Z" changeset="1" lon="80.2712149" uid="1" version="1" lat="13.0782226" /><node user="OSMnx" visible="true" id="11622043158" timestamp="2026-08-18T20:44:39Z" changeset="1" lon="80.2712312" uid="1" version="1" lat="13.0782137" /><node user="OSMnx" visible="true" id="11622043159" timestamp="2026-08-18T20:44:39Z" changeset="1" lon="80.2712395" uid="1" version="1" lat="13.0781989" /><node user="OSMnx" visible="true" id="11622043160" timestamp="2026-08-18T20:44:39Z" changeset="1" lon="80.2712376" uid="1" version="1" lat="13.0781324" /><node user="OSMnx" visible="true" id="11622048949" timestamp="2026-08-18T20:44:39Z" changeset="1" lon="80.2710338" uid="1" version="1" lat="13.0782235" /><node user="OSMnx" visible="true" id="11622048950" timestamp="2026-08-18T20:44:39Z" changeset="1" lon="80.2708036" uid="1" version="1" lat="13.0782797" /><node user="OSMnx" visible="true" id="11648636048" timestamp="2026-08-18T20:44:39Z" changeset="1" lon="80.2683306" uid="1" version="1" lat="13.0849604" /><node user="OSMnx" visible="true" id="11648636049" timestamp="2026-08-18T20:44:39Z" changeset="1" lon="80.268332" uid="1" version="1" lat="13.0852837" /><node user="OSMnx" visible="true" id="11648652960" timestamp="2026-08-18T20:44:39Z" changeset="1" lon="80.2685296" uid="1" version="1" lat="13.0849554" /><node user="OSMnx" visible="true" id="11648652961" timestamp="2026-08-18T20:44:39Z" changeset="1" lon="80.2685716" uid="1" version="1" lat="13.0854737" /><node user="OSMnx" visible="true" id="11655247684" timestamp="2026-08-18T20:44:39Z" changeset="1" lon="80.2774622" uid="1" version="1" lat="13.0960287" /><node user="OSMnx" visible="true" id="11655342286" timestamp="2026-08-18T20:44:39Z" changeset="1" lon="80.2783544" uid="1" version="1" lat="13.0961669" /><node user="OSMnx" visible="true" id="11655487097" timestamp="2026-08-18T20:44:39Z" changeset="1" lon="80.2781705" uid="1" version="1" lat="13.0934276" /><node user="OSMnx" visible="true" id="11655487098" timestamp="2026-08-18T20:44:39Z" changeset="1" lon="80.2781384" uid="1" version="1" lat="13.093411" /><node user="OSMnx" visible="true" id="11655487099" timestamp="2026-08-18T20:44:39Z" changeset="1" lon="80.2787861" uid="1" version="1" lat="13.0934217" /><node user="OSMnx" visible="true" id="11655487100" timestamp="2026-08-18T20:44:39Z" changeset="1" lon="80.2788064" uid="1" version="1" lat="13.0934365" /><node user="OSMnx" visible="true" id="11655555224" timestamp="2026-08-18T20:44:39Z" changeset="1" lon="80.2767388" uid="1" version="1" lat="13.0915607" /><node user="OSMnx" visible="true" id="11655555225" timestamp="2026-08-18T20:44:39Z" changeset="1" lon="80.2767807" uid="1" version="1" lat="13.0915411" /><node user="OSMnx" visible="true" id="11655575128" timestamp="2026-08-18T20:44:39Z" changeset="1" lon="80.2784539" uid="1" version="1" lat="13.0925347" /><node user="OSMnx" visible="true" id="11721452138" timestamp="2026-08-18T20:44:39Z" changeset="1" lon="80.2640037" uid="1" version="1" lat="13.0942379" /><node user="OSMnx" visible="true" id="11721452139" timestamp="2026-08-18T20:44:39Z" changeset="1" lon="80.2639474" uid="1" version="1" lat="13.0942483" /><node user="OSMnx" visible="true" id="11721452140" timestamp="2026-08-18T20:44:39Z" changeset="1" lon="80.2639045" uid="1" version="1" lat="13.0942744" /><node user="OSMnx" visible="true" id="11721452141" timestamp="2026-08-18T20:44:39Z" changeset="1" lon="80.2636215" uid="1" version="1" lat="13.0937141" /><node user="OSMnx" visible="true" id="11721452142" timestamp="2026-08-18T20:44:39Z" changeset="1" lon="80.2635826" uid="1" version="1" lat="13.0937493" /><node user="OSMnx" visible="true" id="11721452143" timestamp="2026-08-18T20:44:39Z" changeset="1" lon="80.2632413" uid="1" version="1" lat="13.0942091" /><node user="OSMnx" visible="true" id="11721452144" timestamp="2026-08-18T20:44:39Z" changeset="1" lon="80.2632312" uid="1" version="1" lat="13.0941948" /><node user="OSMnx" visible="true" id="11721452145" timestamp="2026-08-18T20:44:39Z" changeset="1" lon="80.2632219" uid="1" version="1" lat="13.0941739" /><node user="OSMnx" visible="true" id="11721452146" timestamp="2026-08-18T20:44:39Z" changeset="1" lon="80.2639997" uid="1" version="1" lat="13.0933908" /><node user="OSMnx" visible="true" id="11721452147" timestamp="2026-08-18T20:44:39Z" changeset="1" lon="80.2640131" uid="1" version="1" lat="13.0933679" /><node user="OSMnx" visible="true" id="11721452148" timestamp="2026-08-18T20:44:39Z" changeset="1" lon="80.2639585" uid="1" version="1" lat="13.092976" /><node user="OSMnx" visible="true" id="11721452149" timestamp="2026-08-18T20:44:39Z" changeset="1" lon="80.2639531" uid="1" version="1" lat="13.0929666" /><node user="OSMnx" visible="true" id="11721452150" timestamp="2026-08-18T20:44:39Z" changeset="1" lon="80.2639383" uid="1" version="1" lat="13.092961" /><node user="OSMnx" visible="true" id="11721452151" timestamp="2026-08-18T20:44:39Z" changeset="1" lon="80.2636681" uid="1" version="1" lat="13.092996" /><node user="OSMnx" visible="true" id="11721452152" timestamp="2026-08-18T20:44:39Z" changeset="1" lon="80.2636443" uid="1" version="1" lat="13.0929839" /><node user="OSMnx" visible="true" id="11721452153" timestamp="2026-08-18T20:44:39Z" changeset="1" lon="80.263651" uid="1" version="1" lat="13.0929937" /><node user="OSMnx" visible="true" id="11721452154" timestamp="2026-08-18T20:44:39Z" changeset="1" lon="80.2636389" uid="1" version="1" lat="13.0929715" /><node user="OSMnx" visible="true" id="11721452155" timestamp="2026-08-18T20:44:39Z" changeset="1" lon="80.2636215" uid="1" version="1" lat="13.0929643" /><node user="OSMnx" visible="true" id="11721452156" timestamp="2026-08-18T20:44:39Z" changeset="1" lon="80.2635866" uid="1" version="1" lat="13.0929617" /><node user="OSMnx" visible="true" id="11721452157" timestamp="2026-08-18T20:44:39Z" changeset="1" lon="80.2644061" uid="1" version="1" lat="13.0922589" /><node user="OSMnx" visible="true" id="11721452158" timestamp="2026-08-18T20:44:39Z" changeset="1" lon="80.2643484" uid="1" version="1" lat="13.0919454" /><node user="OSMnx" visible="true" id="11721452161" timestamp="2026-08-18T20:44:39Z" changeset="1" lon="80.264105" uid="1" version="1" lat="13.090807" /><node user="OSMnx" visible="true" id="11721452162" timestamp="2026-08-18T20:44:39Z" changeset="1" lon="80.2640882" uid="1" version="1" lat="13.0908148" /><node user="OSMnx" visible="true" id="11721452163" timestamp="2026-08-18T20:44:39Z" changeset="1" lon="80.2624454" uid="1" version="1" lat="13.091468" /><node user="OSMnx" visible="true" id="11721452164" timestamp="2026-08-18T20:44:39Z" changeset="1" lon="80.2624809" uid="1" version="1" lat="13.0914889" /><node user="OSMnx" visible="true" id="11721452165" timestamp="2026-08-18T20:44:39Z" changeset="1" lon="80.2624896" uid="1" version="1" lat="13.0915065" /><node user="OSMnx" visible="true" id="11721452166" timestamp="2026-08-18T20:44:39Z" changeset="1" lon="80.2624232" uid="1" version="1" lat="13.0914699" /><node user="OSMnx" visible="true" id="11721452168" timestamp="2026-08-18T20:44:39Z" changeset="1" lon="80.2572244" uid="1" version="1" lat="13.0902917" /><node user="OSMnx" visible="true" id="11721635069" timestamp="2026-08-18T20:44:39Z" changeset="1" lon="80.2573666" uid="1" version="1" lat="13.090856" /><node user="OSMnx" visible="true" id="11721635070" timestamp="2026-08-18T20:44:39Z" changeset="1" lon="80.2578092" uid="1" version="1" lat="13.0908534" /><node user="OSMnx" visible="true" id="11721802778" timestamp="2026-08-18T20:44:39Z" changeset="1" lon="80.2609413" uid="1" version="1" lat="13.0930368" /><node user="OSMnx" visible="true" id="11721802779" timestamp="2026-08-18T20:44:39Z" changeset="1" lon="80.2609346" uid="1" version="1" lat="13.0930459" /><node user="OSMnx" visible="true" id="11721802780" timestamp="2026-08-18T20:44:39Z" changeset="1" lon="80.2619317" uid="1" version="1" lat="13.0915065" /><node user="OSMnx" visible="true" id="11721802781" timestamp="2026-08-18T20:44:39Z" changeset="1" lon="80.2619196" uid="1" version="1" lat="13.0915509" /><node user="OSMnx" visible="true" id="11721802782" timestamp="2026-08-18T20:44:39Z" changeset="1" lon="80.264162" uid="1" version="1" lat="13.0910572" /><node user="OSMnx" visible="true" id="11721802783" timestamp="2026-08-18T20:44:39Z" changeset="1" lon="80.2636872" uid="1" version="1" lat="13.0914921" /><node user="OSMnx" visible="true" id="11721802784" timestamp="2026-08-18T20:44:39Z" changeset="1" lon="80.2636631" uid="1" version="1" lat="13.0914921" /><node user="OSMnx" visible="true" id="11721802785" timestamp="2026-08-18T20:44:39Z" changeset="1" lon="80.2636456" uid="1" version="1" lat="13.0914856" /><node user="OSMnx" visible="true" id="11721802786" timestamp="2026-08-18T20:44:39Z" changeset="1" lon="80.2636349" uid="1" version="1" lat="13.0914765" /><node user="OSMnx" visible="true" id="11721802787" timestamp="2026-08-18T20:44:39Z" changeset="1" lon="80.2637905" uid="1" version="1" lat="13.0901976" /><node user="OSMnx" visible="true" id="11721802843" timestamp="2026-08-18T20:44:39Z" changeset="1" lon="80.2652094" uid="1" version="1" lat="13.0946719" /><node user="OSMnx" visible="true" id="11721802844" timestamp="2026-08-18T20:44:39Z" changeset="1" lon="80.2652198" uid="1" version="1" lat="13.0946501" /><node user="OSMnx" visible="true" id="11721802845" timestamp="2026-08-18T20:44:39Z" changeset="1" lon="80.2652156" uid="1" version="1" lat="13.094656" /><node user="OSMnx" visible="true" id="11721802846" timestamp="2026-08-18T20:44:39Z" changeset="1" lon="80.2652114" uid="1" version="1" lat="13.094665" /><node user="OSMnx" visible="true" id="11721802847" timestamp="2026-08-18T20:44:39Z" changeset="1" lon="80.2652121" uid="1" version="1" lat="13.094695" /><node user="OSMnx" visible="true" id="11721802848" timestamp="2026-08-18T20:44:39Z" changeset="1" lon="80.2652094" uid="1" version="1" lat="13.0946787" /><node user="OSMnx" visible="true" id="11721802849" timestamp="2026-08-18T20:44:39Z" changeset="1" lon="80.2649492" uid="1" version="1" lat="13.0949693" /><node user="OSMnx" visible="true" id="11721802850" timestamp="2026-08-18T20:44:39Z" changeset="1" lon="80.2649385" uid="1" version="1" lat="13.0950111" /><node user="OSMnx" visible="true" id="11721802851" timestamp="2026-08-18T20:44:39Z" changeset="1" lon="80.2653395" uid="1" version="1" lat="13.0952437" /><node user="OSMnx" visible="true" id="11721802852" timestamp="2026-08-18T20:44:39Z" changeset="1" lon="80.2653435" uid="1" version="1" lat="13.0954344" /><node user="OSMnx" visible="true" id="11721802853" timestamp="2026-08-18T20:44:39Z" changeset="1" lon="80.2649036" uid="1" version="1" lat="13.0946415" /><node user="OSMnx" visible="true" id="11721802854" timestamp="2026-08-18T20:44:39Z" changeset="1" lon="80.264917" uid="1" version="1" lat="13.094618" /><node user="OSMnx" visible="true" id="11721802855" timestamp="2026-08-18T20:44:39Z" changeset="1" lon="80.2648433" uid="1" version="1" lat="13.0946768" /><node user="OSMnx" visible="true" id="11721802856" timestamp="2026-08-18T20:44:39Z" changeset="1" lon="80.2647105" uid="1" version="1" lat="13.0947094" /><node user="OSMnx" visible="true" id="11721802857" timestamp="2026-08-18T20:44:39Z" changeset="1" lon="80.2647775" uid="1" version="1" lat="13.0946885" /><node user="OSMnx" visible="true" id="11721802858" timestamp="2026-08-18T20:44:39Z" changeset="1" lon="80.2646032" uid="1" version="1" lat="13.0944743" /><node user="OSMnx" visible="true" id="11721802859" timestamp="2026-08-18T20:44:39Z" changeset="1" lon="80.2644731" uid="1" version="1" lat="13.0954683" /><node user="OSMnx" visible="true" id="11721802860" timestamp="2026-08-18T20:44:39Z" changeset="1" lon="80.2644369" uid="1" version="1" lat="13.0954605" /><node user="OSMnx" visible="true" id="11721802861" timestamp="2026-08-18T20:44:39Z" changeset="1" lon="80.2644315" uid="1" version="1" lat="13.0950817" /><node user="OSMnx" visible="true" id="11721802862" timestamp="2026-08-18T20:44:39Z" changeset="1" lon="80.2640869" uid="1" version="1" lat="13.0948858" /><node user="OSMnx" visible="true" id="11721802863" timestamp="2026-08-18T20:44:39Z" changeset="1" lon="80.2640869" uid="1" version="1" lat="13.0951078" /><node user="OSMnx" visible="true" id="11721802864" timestamp="2026-08-18T20:44:39Z" changeset="1" lon="80.264108" uid="1" version="1" lat="13.0954528" /><node user="OSMnx" visible="true" id="11721802865" timestamp="2026-08-18T20:44:39Z" changeset="1" lon="80.264112" uid="1" version="1" lat="13.0954602" /><node user="OSMnx" visible="true" id="11721802866" timestamp="2026-08-18T20:44:39Z" changeset="1" lon="80.2641328" uid="1" version="1" lat="13.0954716" /><node user="OSMnx" visible="true" id="11721802867" timestamp="2026-08-18T20:44:39Z" changeset="1" lon="80.2641246" uid="1" version="1" lat="13.0954698" /><node user="OSMnx" visible="true" id="11721802868" timestamp="2026-08-18T20:44:39Z" changeset="1" lon="80.264107" uid="1" version="1" lat="13.0954438" /><node user="OSMnx" visible="true" id="11721820269" timestamp="2026-08-18T20:44:39Z" changeset="1" lon="80.2641174" uid="1" version="1" lat="13.0954657" /><node user="OSMnx" visible="true" id="11721820270" timestamp="2026-08-18T20:44:39Z" changeset="1" lon="80.2636195" uid="1" version="1" lat="13.0955069" /><node user="OSMnx" visible="true" id="11721820271" timestamp="2026-08-18T20:44:39Z" changeset="1" lon="80.2636182" uid="1" version="1" lat="13.0955238" /><node user="OSMnx" visible="true" id="11721820272" timestamp="2026-08-18T20:44:39Z" changeset="1" lon="80.263598" uid="1" version="1" lat="13.095546" /><node user="OSMnx" visible="true" id="11721820274" timestamp="2026-08-18T20:44:39Z" changeset="1" lon="80.2629" uid="1" version="1" lat="13.0956708" /><node user="OSMnx" visible="true" id="11721820275" timestamp="2026-08-18T20:44:39Z" changeset="1" lon="80.2628812" uid="1" version="1" lat="13.0956081" /><node user="OSMnx" visible="true" id="11721820276" timestamp="2026-08-18T20:44:39Z" changeset="1" lon="80.2628544" uid="1" version="1" lat="13.0955872" /><node user="OSMnx" visible="true" id="11721820302" timestamp="2026-08-18T20:44:39Z" changeset="1" lon="80.2578824" uid="1" version="1" lat="13.0961233" /><node user="OSMnx" visible="true" id="11738885162" timestamp="2026-08-18T20:44:39Z" changeset="1" lon="80.257467" uid="1" version="1" lat="13.0950262" /><node user="OSMnx" visible="true" id="11738947082" timestamp="2026-08-18T20:44:39Z" changeset="1" lon="80.2579255" uid="1" version="1" lat="13.0959943" /><node user="OSMnx" visible="true" id="11738947086" timestamp="2026-08-18T20:44:39Z" changeset="1" lon="80.2571125" uid="1" version="1" lat="13.0955189" /><node user="OSMnx" visible="true" id="11738947097" timestamp="2026-08-18T20:44:39Z" changeset="1" lon="80.264774" uid="1" version="1" lat="13.0901524" /><node user="OSMnx" visible="true" id="11738947103" timestamp="2026-08-18T20:44:39Z" changeset="1" lon="80.2651574" uid="1" version="1" lat="13.0913254" /><node user="OSMnx" visible="true" id="11738947106" timestamp="2026-08-18T20:44:39Z" changeset="1" lon="80.2661927" uid="1" version="1" lat="13.0907618" /><node user="OSMnx" visible="true" id="11764764398" timestamp="2026-08-18T20:44:39Z" changeset="1" lon="80.2649335" uid="1" version="1" lat="13.0750639" /><node user="OSMnx" visible="true" id="11764764399" timestamp="2026-08-18T20:44:39Z" changeset="1" lon="80.2649328" uid="1" version="1" lat="13.0752193" /><node user="OSMnx" visible="true" id="11764764431" timestamp="2026-08-18T20:44:39Z" changeset="1" lon="80.2623013" uid="1" version="1" lat="13.074234" /><node user="OSMnx" visible="true" id="11764764432" timestamp="2026-08-18T20:44:39Z" changeset="1" lon="80.2644322" uid="1" version="1" lat="13.0709419" /><node user="OSMnx" visible="true" id="11764764435" timestamp="2026-08-18T20:44:39Z" changeset="1" lon="80.2643097" uid="1" version="1" lat="13.0701448" /><node user="OSMnx" visible="true" id="11764764446" timestamp="2026-08-18T20:44:39Z" changeset="1" lon="80.2610202" uid="1" version="1" lat="13.0701091" /><node user="OSMnx" visible="true" id="11764764458" timestamp="2026-08-18T20:44:39Z" changeset="1" lon="80.2610003" uid="1" version="1" lat="13.0698557" /><node user="OSMnx" visible="true" id="11764780382" timestamp="2026-08-18T20:44:39Z" changeset="1" lon="80.2583088" uid="1" version="1" lat="13.0709716" /><node user="OSMnx" visible="true" id="11764780414" timestamp="2026-08-18T20:44:39Z" changeset="1" lon="80.2580385" uid="1" version="1" lat="13.074155" /><node user="OSMnx" visible="true" id="11764780415" timestamp="2026-08-18T20:44:39Z" changeset="1" lon="80.2581243" uid="1" version="1" lat="13.0742817" /><node user="OSMnx" visible="true" id="11764780421" timestamp="2026-08-18T20:44:39Z" changeset="1" lon="80.258695" uid="1" version="1" lat="13.0745391" /><node user="OSMnx" visible="true" id="11770642529" timestamp="2026-08-18T20:44:39Z" changeset="1" lon="80.2659637" uid="1" version="1" lat="13.0910586" /><node user="OSMnx" visible="true" id="11770642530" timestamp="2026-08-18T20:44:39Z" changeset="1" lon="80.2640168" uid="1" version="1" lat="13.0919807" /><node user="OSMnx" visible="true" id="11770642531" timestamp="2026-08-18T20:44:39Z" changeset="1" lon="80.2639162" uid="1" version="1" lat="13.09259" /><node user="OSMnx" visible="true" id="11770642532" timestamp="2026-08-18T20:44:39Z" changeset="1" lon="80.2638035" uid="1" version="1" lat="13.0924187" /><node user="OSMnx" visible="true" id="11770642533" timestamp="2026-08-18T20:44:39Z" changeset="1" lon="80.2637836" uid="1" version="1" lat="13.0923273" /><node user="OSMnx" visible="true" id="11770642534" timestamp="2026-08-18T20:44:39Z" changeset="1" lon="80.2636778" uid="1" version="1" lat="13.0925457" /><node user="OSMnx" visible="true" id="11770642535" timestamp="2026-08-18T20:44:39Z" changeset="1" lon="80.2572036" uid="1" version="1" lat="13.0927711" /><node user="OSMnx" visible="true" id="11770880038" timestamp="2026-08-18T20:44:39Z" changeset="1" lon="80.2663966" uid="1" version="1" lat="13.0763981" /><node user="OSMnx" visible="true" id="11770880039" timestamp="2026-08-18T20:44:39Z" changeset="1" lon="80.2663712" uid="1" version="1" lat="13.07636" /><node user="OSMnx" visible="true" id="11770880040" timestamp="2026-08-18T20:44:39Z" changeset="1" lon="80.266194" uid="1" version="1" lat="13.0763258" /><node user="OSMnx" visible="true" id="11770880041" timestamp="2026-08-18T20:44:39Z" changeset="1" lon="80.2656142" uid="1" version="1" lat="13.0764602" /><node user="OSMnx" visible="true" id="11770880042" timestamp="2026-08-18T20:44:39Z" changeset="1" lon="80.2662691" uid="1" version="1" lat="13.0763135" /><node user="OSMnx" visible="true" id="11774804589" timestamp="2026-08-18T20:44:39Z" changeset="1" lon="80.2787934" uid="1" version="1" lat="13.0960694" /><node user="OSMnx" visible="true" id="11780046439" timestamp="2026-08-18T20:44:39Z" changeset="1" lon="80.2641198" uid="1" version="1" lat="13.0756967" /><node user="OSMnx" visible="true" id="11780046446" timestamp="2026-08-18T20:44:39Z" changeset="1" lon="80.2642223" uid="1" version="1" lat="13.0759419" /><node user="OSMnx" visible="true" id="11780096837" timestamp="2026-08-18T20:44:39Z" changeset="1" lon="80.2640753" uid="1" version="1" lat="13.0772595" /><node user="OSMnx" visible="true" id="11780107605" timestamp="2026-08-18T20:44:39Z" changeset="1" lon="80.2654572" uid="1" version="1" lat="13.0769761" /><node user="OSMnx" visible="true" id="11780107626" timestamp="2026-08-18T20:44:39Z" changeset="1" lon="80.2646694" uid="1" version="1" lat="13.0765973" /><node user="OSMnx" visible="true" id="11780107627" timestamp="2026-08-18T20:44:39Z" changeset="1" lon="80.2653472" uid="1" version="1" lat="13.0765751" /><node user="OSMnx" visible="true" id="11780124650" timestamp="2026-08-18T20:44:39Z" changeset="1" lon="80.2598036" uid="1" version="1" lat="13.0722332" /><node user="OSMnx" visible="true" id="11780124658" timestamp="2026-08-18T20:44:39Z" changeset="1" lon="80.2596664" uid="1" version="1" lat="13.0721042" /><node user="OSMnx" visible="true" id="11780146253" timestamp="2026-08-18T20:44:39Z" changeset="1" lon="80.2616151" uid="1" version="1" lat="13.0730145" /><node user="OSMnx" visible="true" id="11780146256" timestamp="2026-08-18T20:44:39Z" changeset="1" lon="80.2618208" uid="1" version="1" lat="13.0729433" /><node user="OSMnx" visible="true" id="11780149021" timestamp="2026-08-18T20:44:39Z" changeset="1" lon="80.2634826" uid="1" version="1" lat="13.0902351" /><node user="OSMnx" visible="true" id="11780188510" timestamp="2026-08-18T20:44:39Z" changeset="1" lon="80.2630919" uid="1" version="1" lat="13.0725546" /><node user="OSMnx" visible="true" id="11780188516" timestamp="2026-08-18T20:44:39Z" changeset="1" lon="80.262472" uid="1" version="1" lat="13.0727933" /><node user="OSMnx" visible="true" id="11780215242" timestamp="2026-08-18T20:44:39Z" changeset="1" lon="80.2620716" uid="1" version="1" lat="13.0728638" /><node user="OSMnx" visible="true" id="11780216059" timestamp="2026-08-18T20:44:39Z" changeset="1" lon="80.2623437" uid="1" version="1" lat="13.0742691" /><node user="OSMnx" visible="true" id="11780216061" timestamp="2026-08-18T20:44:39Z" changeset="1" lon="80.2622676" uid="1" version="1" lat="13.0742065" /><node user="OSMnx" visible="true" id="11782538974" timestamp="2026-08-18T20:44:39Z" changeset="1" lon="80.2738784" uid="1" version="1" lat="13.0723988" /><node user="OSMnx" visible="true" id="11782538977" timestamp="2026-08-18T20:44:39Z" changeset="1" lon="80.2739754" uid="1" version="1" lat="13.0721614" /><node user="OSMnx" visible="true" id="11782538983" timestamp="2026-08-18T20:44:39Z" changeset="1" lon="80.2739549" uid="1" version="1" lat="13.0708696" /><node user="OSMnx" visible="true" id="11782562790" timestamp="2026-08-18T20:44:39Z" changeset="1" lon="80.2686558" uid="1" version="1" lat="13.0692481" /><node user="OSMnx" visible="true" id="11782581938" timestamp="2026-08-18T20:44:39Z" changeset="1" lon="80.2675523" uid="1" version="1" lat="13.071239" /><node user="OSMnx" visible="true" id="11782581939" timestamp="2026-08-18T20:44:39Z" changeset="1" lon="80.2677942" uid="1" version="1" lat="13.0712944" /><node user="OSMnx" visible="true" id="11786145621" timestamp="2026-08-18T20:44:39Z" changeset="1" lon="80.2595578" uid="1" version="1" lat="13.0824032" /><node user="OSMnx" visible="true" id="11786155917" timestamp="2026-08-18T20:44:39Z" changeset="1" lon="80.2581876" uid="1" version="1" lat="13.0793565" /><node user="OSMnx" visible="true" id="11830090751" timestamp="2026-08-18T20:44:39Z" changeset="1" lon="80.2751299" uid="1" version="1" lat="13.0736059" /><node user="OSMnx" visible="true" id="11830090752" timestamp="2026-08-18T20:44:39Z" changeset="1" lon="80.2753449" uid="1" version="1" lat="13.0736708" /><node user="OSMnx" visible="true" id="11836557917" timestamp="2026-08-18T20:44:39Z" changeset="1" lon="80.2678862" uid="1" version="1" lat="13.0937488" /><node user="OSMnx" visible="true" id="11836557918" timestamp="2026-08-18T20:44:39Z" changeset="1" lon="80.2678593" uid="1" version="1" lat="13.0933197" /><node user="OSMnx" visible="true" id="11892053898" timestamp="2026-08-18T20:44:39Z" changeset="1" lon="80.2686059" uid="1" version="1" lat="13.070234" /><node user="OSMnx" visible="true" id="11892053899" timestamp="2026-08-18T20:44:39Z" changeset="1" lon="80.2735707" uid="1" version="1" lat="13.0732924" /><node user="OSMnx" visible="true" id="11931401572" timestamp="2026-08-18T20:44:39Z" changeset="1" lon="80.2667869" uid="1" version="1" lat="13.0835021" /><node user="OSMnx" visible="true" id="11932515259" timestamp="2026-08-18T20:44:39Z" changeset="1" lon="80.2781687" uid="1" version="1" lat="13.0868004" /><node user="OSMnx" visible="true" id="11932515263" timestamp="2026-08-18T20:44:39Z" changeset="1" lon="80.277371" uid="1" version="1" lat="13.0841904" /><node user="OSMnx" visible="true" id="11932536409" timestamp="2026-08-18T20:44:39Z" changeset="1" lon="80.2664715" uid="1" version="1" lat="13.0904071" /><node user="OSMnx" visible="true" id="11934705300" timestamp="2026-08-18T20:44:39Z" changeset="1" lon="80.2585836" uid="1" version="1" lat="13.0888641" /><node user="OSMnx" visible="true" id="11936481870" timestamp="2026-08-18T20:44:39Z" changeset="1" lon="80.2746906" uid="1" version="1" lat="13.071935" /><node user="OSMnx" visible="true" id="11936481871" timestamp="2026-08-18T20:44:39Z" changeset="1" lon="80.2746871" uid="1" version="1" lat="13.071855" /><node user="OSMnx" visible="true" id="11936481872" timestamp="2026-08-18T20:44:39Z" changeset="1" lon="80.2746951" uid="1" version="1" lat="13.0718089" /><node user="OSMnx" visible="true" id="11936637469" timestamp="2026-08-18T20:44:39Z" changeset="1" lon="80.277998" uid="1" version="1" lat="13.0821094" /><node user="OSMnx" visible="true" id="11937052854" timestamp="2026-08-18T20:44:39Z" changeset="1" lon="80.2784577" uid="1" version="1" lat="13.0692713" /><node user="OSMnx" visible="true" id="11937054240" timestamp="2026-08-18T20:44:39Z" changeset="1" lon="80.2762599" uid="1" version="1" lat="13.0708182" /><node user="OSMnx" visible="true" id="11937054241" timestamp="2026-08-18T20:44:39Z" changeset="1" lon="80.27621" uid="1" version="1" lat="13.0706859" /><node user="OSMnx" visible="true" id="11939347655" timestamp="2026-08-18T20:44:39Z" changeset="1" lon="80.28452" uid="1" version="1" lat="13.0852969" /><node user="OSMnx" visible="true" id="11939353037" timestamp="2026-08-18T20:44:39Z" changeset="1" lon="80.2765861" uid="1" version="1" lat="13.0736238" /><node user="OSMnx" visible="true" id="12014896334" timestamp="2026-08-18T20:44:39Z" changeset="1" lon="80.2597682" uid="1" version="1" lat="13.0921255" /><node user="OSMnx" visible="true" id="12016139198" timestamp="2026-08-18T20:44:39Z" changeset="1" lon="80.2594772" uid="1" version="1" lat="13.0934899" /><node user="OSMnx" visible="true" id="12027826403" timestamp="2026-08-18T20:44:39Z" changeset="1" lon="80.2718985" uid="1" version="1" lat="13.0717578" /><node user="OSMnx" visible="true" id="12027982204" timestamp="2026-08-18T20:44:39Z" changeset="1" lon="80.2834728" uid="1" version="1" lat="13.0923239" /><node user="OSMnx" visible="true" id="12027982205" timestamp="2026-08-18T20:44:39Z" changeset="1" lon="80.2834819" uid="1" version="1" lat="13.0924167" /><node user="OSMnx" visible="true" id="12027982206" timestamp="2026-08-18T20:44:39Z" changeset="1" lon="80.2834819" uid="1" version="1" lat="13.0923658" /><node user="OSMnx" visible="true" id="12030548521" timestamp="2026-08-18T20:44:39Z" changeset="1" lon="80.2783915" uid="1" version="1" lat="13.0951451" /><node user="OSMnx" visible="true" id="12031030281" timestamp="2026-08-18T20:44:39Z" changeset="1" lon="80.264279" uid="1" version="1" lat="13.0711822" /><node user="OSMnx" visible="true" id="12031061508" timestamp="2026-08-18T20:44:39Z" changeset="1" lon="80.2635175" uid="1" version="1" lat="13.0704186" /><node user="OSMnx" visible="true" id="12031061509" timestamp="2026-08-18T20:44:39Z" changeset="1" lon="80.2635429" uid="1" version="1" lat="13.0704398" /><node user="OSMnx" visible="true" id="12031061510" timestamp="2026-08-18T20:44:39Z" changeset="1" lon="80.2638964" uid="1" version="1" lat="13.069437" /><node user="OSMnx" visible="true" id="12031061511" timestamp="2026-08-18T20:44:39Z" changeset="1" lon="80.2639271" uid="1" version="1" lat="13.0694643" /><node user="OSMnx" visible="true" id="12031061512" timestamp="2026-08-18T20:44:39Z" changeset="1" lon="80.2635395" uid="1" version="1" lat="13.0694311" /><node user="OSMnx" visible="true" id="12032861200" timestamp="2026-08-18T20:44:39Z" changeset="1" lon="80.263009" uid="1" version="1" lat="13.0870867" /><node user="OSMnx" visible="true" id="12032861201" timestamp="2026-08-18T20:44:39Z" changeset="1" lon="80.2626701" uid="1" version="1" lat="13.087151" /><node user="OSMnx" visible="true" id="12032861202" timestamp="2026-08-18T20:44:39Z" changeset="1" lon="80.262969" uid="1" version="1" lat="13.0865053" /><node user="OSMnx" visible="true" id="12032970925" timestamp="2026-08-18T20:44:39Z" changeset="1" lon="80.2678809" uid="1" version="1" lat="13.0908074" /><node user="OSMnx" visible="true" id="12032970926" timestamp="2026-08-18T20:44:39Z" changeset="1" lon="80.2679149" uid="1" version="1" lat="13.091487" /><node user="OSMnx" visible="true" id="12035794036" timestamp="2026-08-18T20:44:39Z" changeset="1" lon="80.2742971" uid="1" version="1" lat="13.0708764" /><node user="OSMnx" visible="true" id="12035794037" timestamp="2026-08-18T20:44:39Z" changeset="1" lon="80.274225" uid="1" version="1" lat="13.0707843" /><node user="OSMnx" visible="true" id="12035794038" timestamp="2026-08-18T20:44:39Z" changeset="1" lon="80.2741107" uid="1" version="1" lat="13.070677" /><node user="OSMnx" visible="true" id="12035794039" timestamp="2026-08-18T20:44:39Z" changeset="1" lon="80.2739918" uid="1" version="1" lat="13.0706117" /><node user="OSMnx" visible="true" id="12049256270" timestamp="2026-08-18T20:44:39Z" changeset="1" lon="80.2587188" uid="1" version="1" lat="13.080221" /><node user="OSMnx" visible="true" id="12049256277" timestamp="2026-08-18T20:44:39Z" changeset="1" lon="80.2587326" uid="1" version="1" lat="13.0800522" /><node user="OSMnx" visible="true" id="12049258285" timestamp="2026-08-18T20:44:39Z" changeset="1" lon="80.2587102" uid="1" version="1" lat="13.0802786" /><node user="OSMnx" visible="true" id="12049272698" timestamp="2026-08-18T20:44:39Z" changeset="1" lon="80.2625948" uid="1" version="1" lat="13.0801458" /><node user="OSMnx" visible="true" id="12049272709" timestamp="2026-08-18T20:44:39Z" changeset="1" lon="80.2631263" uid="1" version="1" lat="13.0802557" /><node user="OSMnx" visible="true" id="12049282804" timestamp="2026-08-18T20:44:39Z" changeset="1" lon="80.2575728" uid="1" version="1" lat="13.0757011" /><node user="OSMnx" visible="true" id="12054166761" timestamp="2026-08-18T20:44:39Z" changeset="1" lon="80.259556" uid="1" version="1" lat="13.0794123" /><node user="OSMnx" visible="true" id="12054228834" timestamp="2026-08-18T20:44:39Z" changeset="1" lon="80.2623077" uid="1" version="1" lat="13.0819801" /><node user="OSMnx" visible="true" id="12054345788" timestamp="2026-08-18T20:44:39Z" changeset="1" lon="80.2624513" uid="1" version="1" lat="13.0814291" /><node user="OSMnx" visible="true" id="12054345797" timestamp="2026-08-18T20:44:39Z" changeset="1" lon="80.2624961" uid="1" version="1" lat="13.0812663" /><node user="OSMnx" visible="true" id="12054345798" timestamp="2026-08-18T20:44:39Z" changeset="1" lon="80.2625462" uid="1" version="1" lat="13.0810978" /><node user="OSMnx" visible="true" id="12054359464" timestamp="2026-08-18T20:44:39Z" changeset="1" lon="80.2656336" uid="1" version="1" lat="13.0828801" /><node user="OSMnx" visible="true" id="12054364467" timestamp="2026-08-18T20:44:39Z" changeset="1" lon="80.2609267" uid="1" version="1" lat="13.0797562" /><node user="OSMnx" visible="true" id="12054398200" timestamp="2026-08-18T20:44:39Z" changeset="1" lon="80.2624462" uid="1" version="1" lat="13.0814488" /><node user="OSMnx" visible="true" id="12054398201" timestamp="2026-08-18T20:44:39Z" changeset="1" lon="80.262427" uid="1" version="1" lat="13.0815204" /><node user="OSMnx" visible="true" id="12067732376" timestamp="2026-08-18T20:44:39Z" changeset="1" lon="80.2662199" uid="1" version="1" lat="13.0853615" /><node user="OSMnx" visible="true" id="12096496484" timestamp="2026-08-18T20:44:39Z" changeset="1" lon="80.2752062" uid="1" version="1" lat="13.0923262" /><node user="OSMnx" visible="true" id="12110085168" timestamp="2026-08-18T20:44:39Z" changeset="1" lon="80.2691634" uid="1" version="1" lat="13.0926972" /><node user="OSMnx" visible="true" id="12121871740" timestamp="2026-08-18T20:44:39Z" changeset="1" lon="80.2574424" uid="1" version="1" lat="13.0792702" /><node user="OSMnx" visible="true" id="12121871741" timestamp="2026-08-18T20:44:39Z" changeset="1" lon="80.2574874" uid="1" version="1" lat="13.0798097" /><node user="OSMnx" visible="true" id="12121871742" timestamp="2026-08-18T20:44:39Z" changeset="1" lon="80.257528" uid="1" version="1" lat="13.0798414" /><node user="OSMnx" visible="true" id="12121871743" timestamp="2026-08-18T20:44:39Z" changeset="1" lon="80.2575719" uid="1" version="1" lat="13.0798509" /><node user="OSMnx" visible="true" id="12121871744" timestamp="2026-08-18T20:44:39Z" changeset="1" lon="80.2576321" uid="1" version="1" lat="13.0798477" /><node user="OSMnx" visible="true" id="12121871745" timestamp="2026-08-18T20:44:39Z" changeset="1" lon="80.257663" uid="1" version="1" lat="13.0798113" /><node user="OSMnx" visible="true" id="12121871746" timestamp="2026-08-18T20:44:39Z" changeset="1" lon="80.2576976" uid="1" version="1" lat="13.0792973" /><node user="OSMnx" visible="true" id="12121871747" timestamp="2026-08-18T20:44:39Z" changeset="1" lon="80.2574523" uid="1" version="1" lat="13.0793886" /><node user="OSMnx" visible="true" id="12121871748" timestamp="2026-08-18T20:44:39Z" changeset="1" lon="80.2576905" uid="1" version="1" lat="13.079402" /><node user="OSMnx" visible="true" id="12121878790" timestamp="2026-08-18T20:44:39Z" changeset="1" lon="80.2745308" uid="1" version="1" lat="13.0924749" /><node user="OSMnx" visible="true" id="12121878791" timestamp="2026-08-18T20:44:39Z" changeset="1" lon="80.2745812" uid="1" version="1" lat="13.0925378" /><node user="OSMnx" visible="true" id="12125854887" timestamp="2026-08-18T20:44:39Z" changeset="1" lon="80.2748581" uid="1" version="1" lat="13.0915288" /><node user="OSMnx" visible="true" id="12125922804" timestamp="2026-08-18T20:44:39Z" changeset="1" lon="80.2652647" uid="1" version="1" lat="13.0762953" /><node user="OSMnx" visible="true" id="12125922805" timestamp="2026-08-18T20:44:39Z" changeset="1" lon="80.2652591" uid="1" version="1" lat="13.0760837" /><node user="OSMnx" visible="true" id="12125922806" timestamp="2026-08-18T20:44:39Z" changeset="1" lon="80.2652136" uid="1" version="1" lat="13.0761191" /><node user="OSMnx" visible="true" id="12125922807" timestamp="2026-08-18T20:44:39Z" changeset="1" lon="80.2651788" uid="1" version="1" lat="13.07614" /><node user="OSMnx" visible="true" id="12125922808" timestamp="2026-08-18T20:44:39Z" changeset="1" lon="80.2651526" uid="1" version="1" lat="13.0761498" /><node user="OSMnx" visible="true" id="12125922809" timestamp="2026-08-18T20:44:39Z" changeset="1" lon="80.2651218" uid="1" version="1" lat="13.0761594" /><node user="OSMnx" visible="true" id="12126250694" timestamp="2026-08-18T20:44:39Z" changeset="1" lon="80.2669532" uid="1" version="1" lat="13.0692549" /><node user="OSMnx" visible="true" id="12126250695" timestamp="2026-08-18T20:44:39Z" changeset="1" lon="80.2670456" uid="1" version="1" lat="13.0692404" /><node user="OSMnx" visible="true" id="12126250697" timestamp="2026-08-18T20:44:39Z" changeset="1" lon="80.2660278" uid="1" version="1" lat="13.0701652" /><node user="OSMnx" visible="true" id="12126250698" timestamp="2026-08-18T20:44:39Z" changeset="1" lon="80.2657326" uid="1" version="1" lat="13.0704513" /><node user="OSMnx" visible="true" id="12126250699" timestamp="2026-08-18T20:44:39Z" changeset="1" lon="80.2624634" uid="1" version="1" lat="13.0727333" /><node user="OSMnx" visible="true" id="12126250700" timestamp="2026-08-18T20:44:39Z" changeset="1" lon="80.2635407" uid="1" version="1" lat="13.0723816" /><node user="OSMnx" visible="true" id="12126266601" timestamp="2026-08-18T20:44:39Z" changeset="1" lon="80.2638069" uid="1" version="1" lat="13.0722508" /><node user="OSMnx" visible="true" id="12126266602" timestamp="2026-08-18T20:44:39Z" changeset="1" lon="80.2651784" uid="1" version="1" lat="13.0710504" /><node user="OSMnx" visible="true" id="12126266603" timestamp="2026-08-18T20:44:39Z" changeset="1" lon="80.265603" uid="1" version="1" lat="13.0706565" /><node user="OSMnx" visible="true" id="12126266604" timestamp="2026-08-18T20:44:39Z" changeset="1" lon="80.2655304" uid="1" version="1" lat="13.0706903" /><node user="OSMnx" visible="true" id="12126266609" timestamp="2026-08-18T20:44:39Z" changeset="1" lon="80.2667506" uid="1" version="1" lat="13.0694609" /><node user="OSMnx" visible="true" id="12126266610" timestamp="2026-08-18T20:44:39Z" changeset="1" lon="80.2664796" uid="1" version="1" lat="13.069723" /><node user="OSMnx" visible="true" id="12126266611" timestamp="2026-08-18T20:44:39Z" changeset="1" lon="80.2655571" uid="1" version="1" lat="13.0706213" /><node user="OSMnx" visible="true" id="12159239075" timestamp="2026-08-18T20:44:39Z" changeset="1" lon="80.2605454" uid="1" version="1" lat="13.0867377" /><node user="OSMnx" visible="true" id="12159239077" timestamp="2026-08-18T20:44:39Z" changeset="1" lon="80.2589748" uid="1" version="1" lat="13.0869539" /><node user="OSMnx" visible="true" id="12159239085" timestamp="2026-08-18T20:44:39Z" changeset="1" lon="80.2585275" uid="1" version="1" lat="13.0870172" /><node user="OSMnx" visible="true" id="12159239086" timestamp="2026-08-18T20:44:39Z" changeset="1" lon="80.2585341" uid="1" version="1" lat="13.0870442" /><node user="OSMnx" visible="true" id="12159239087" timestamp="2026-08-18T20:44:39Z" changeset="1" lon="80.2591407" uid="1" version="1" lat="13.0872124" /><node user="OSMnx" visible="true" id="12159239088" timestamp="2026-08-18T20:44:39Z" changeset="1" lon="80.2598562" uid="1" version="1" lat="13.0874058" /><node user="OSMnx" visible="true" id="12159239089" timestamp="2026-08-18T20:44:39Z" changeset="1" lon="80.2607502" uid="1" version="1" lat="13.0876392" /><node user="OSMnx" visible="true" id="12159239094" timestamp="2026-08-18T20:44:39Z" changeset="1" lon="80.258711" uid="1" version="1" lat="13.0870887" /><node user="OSMnx" visible="true" id="12159239095" timestamp="2026-08-18T20:44:39Z" changeset="1" lon="80.2587177" uid="1" version="1" lat="13.087176" /><node user="OSMnx" visible="true" id="12159239096" timestamp="2026-08-18T20:44:39Z" changeset="1" lon="80.258911" uid="1" version="1" lat="13.087022" /><node user="OSMnx" visible="true" id="12182086108" timestamp="2026-08-18T20:44:39Z" changeset="1" lon="80.2751956" uid="1" version="1" lat="13.0955819" /><node user="OSMnx" visible="true" id="12213569492" timestamp="2026-08-18T20:44:39Z" changeset="1" lon="80.2840926" uid="1" version="1" lat="13.0758792" /><node user="OSMnx" visible="true" id="12213569519" timestamp="2026-08-18T20:44:39Z" changeset="1" lon="80.2785361" uid="1" version="1" lat="13.0784117" /><node user="OSMnx" visible="true" id="12213569520" timestamp="2026-08-18T20:44:39Z" changeset="1" lon="80.278522" uid="1" version="1" lat="13.0789831" /><node user="OSMnx" visible="true" id="12213569521" timestamp="2026-08-18T20:44:39Z" changeset="1" lon="80.2778538" uid="1" version="1" lat="13.0789417" /><node user="OSMnx" visible="true" id="12213569522" timestamp="2026-08-18T20:44:39Z" changeset="1" lon="80.2776272" uid="1" version="1" lat="13.0789472" /><node user="OSMnx" visible="true" id="12213569523" timestamp="2026-08-18T20:44:39Z" changeset="1" lon="80.2776018" uid="1" version="1" lat="13.0788148" /><node user="OSMnx" visible="true" id="12213569524" timestamp="2026-08-18T20:44:39Z" changeset="1" lon="80.2775819" uid="1" version="1" lat="13.0785059" /><node user="OSMnx" visible="true" id="12213569525" timestamp="2026-08-18T20:44:39Z" changeset="1" lon="80.277582" uid="1" version="1" lat="13.0784158" /><node user="OSMnx" visible="true" id="12213569526" timestamp="2026-08-18T20:44:39Z" changeset="1" lon="80.2780201" uid="1" version="1" lat="13.078952" /><node user="OSMnx" visible="true" id="12213569527" timestamp="2026-08-18T20:44:39Z" changeset="1" lon="80.2780151" uid="1" version="1" lat="13.0786356" /><node user="OSMnx" visible="true" id="12213569528" timestamp="2026-08-18T20:44:39Z" changeset="1" lon="80.2780184" uid="1" version="1" lat="13.0788452" /><node user="OSMnx" visible="true" id="12213569529" timestamp="2026-08-18T20:44:39Z" changeset="1" lon="80.27827" uid="1" version="1" lat="13.0788645" /><node user="OSMnx" visible="true" id="12213569530" timestamp="2026-08-18T20:44:39Z" changeset="1" lon="80.2785247" uid="1" version="1" lat="13.0788731" /><node user="OSMnx" visible="true" id="12213569531" timestamp="2026-08-18T20:44:39Z" changeset="1" lon="80.2786182" uid="1" version="1" lat="13.0790272" /><node user="OSMnx" visible="true" id="12213569532" timestamp="2026-08-18T20:44:39Z" changeset="1" lon="80.27874" uid="1" version="1" lat="13.0790244" /><node user="OSMnx" visible="true" id="12213569533" timestamp="2026-08-18T20:44:39Z" changeset="1" lon="80.2788957" uid="1" version="1" lat="13.0790299" /><node user="OSMnx" visible="true" id="12213569534" timestamp="2026-08-18T20:44:39Z" changeset="1" lon="80.2789495" uid="1" version="1" lat="13.0790162" /><node user="OSMnx" visible="true" id="12213569535" timestamp="2026-08-18T20:44:39Z" changeset="1" lon="80.2790005" uid="1" version="1" lat="13.0789307" /><node user="OSMnx" visible="true" id="12213569536" timestamp="2026-08-18T20:44:39Z" changeset="1" lon="80.2794506" uid="1" version="1" lat="13.0789251" /><node user="OSMnx" visible="true" id="12213569537" timestamp="2026-08-18T20:44:39Z" changeset="1" lon="80.279714" uid="1" version="1" lat="13.0789141" /><node user="OSMnx" visible="true" id="12213569538" timestamp="2026-08-18T20:44:39Z" changeset="1" lon="80.2801217" uid="1" version="1" lat="13.0789113" /><node user="OSMnx" visible="true" id="12213569539" timestamp="2026-08-18T20:44:39Z" changeset="1" lon="80.2801641" uid="1" version="1" lat="13.078961" /><node user="OSMnx" visible="true" id="12213569540" timestamp="2026-08-18T20:44:39Z" changeset="1" lon="80.280133" uid="1" version="1" lat="13.079063" /><node user="OSMnx" visible="true" id="12213569541" timestamp="2026-08-18T20:44:39Z" changeset="1" lon="80.2791505" uid="1" version="1" lat="13.0790327" /><node user="OSMnx" visible="true" id="12213569542" timestamp="2026-08-18T20:44:39Z" changeset="1" lon="80.2790061" uid="1" version="1" lat="13.0787624" /><node user="OSMnx" visible="true" id="12213569543" timestamp="2026-08-18T20:44:39Z" changeset="1" lon="80.278527" uid="1" version="1" lat="13.0787788" /><node user="OSMnx" visible="true" id="12213569544" timestamp="2026-08-18T20:44:39Z" changeset="1" lon="80.2790174" uid="1" version="1" lat="13.0786659" /><node user="OSMnx" visible="true" id="12213569545" timestamp="2026-08-18T20:44:39Z" changeset="1" lon="80.2796347" uid="1" version="1" lat="13.0786769" /><node user="OSMnx" visible="true" id="12213569546" timestamp="2026-08-18T20:44:39Z" changeset="1" lon="80.2802066" uid="1" version="1" lat="13.0786769" /><node user="OSMnx" visible="true" id="12213569547" timestamp="2026-08-18T20:44:39Z" changeset="1" lon="80.2802123" uid="1" version="1" lat="13.0787735" /><node user="OSMnx" visible="true" id="12213569548" timestamp="2026-08-18T20:44:39Z" changeset="1" lon="80.2801783" uid="1" version="1" lat="13.0788396" /><node user="OSMnx" visible="true" id="12213569549" timestamp="2026-08-18T20:44:39Z" changeset="1" lon="80.279629" uid="1" version="1" lat="13.0788148" /><node user="OSMnx" visible="true" id="12213569550" timestamp="2026-08-18T20:44:39Z" changeset="1" lon="80.2796179" uid="1" version="1" lat="13.0789181" /><node user="OSMnx" visible="true" id="12213569551" timestamp="2026-08-18T20:44:39Z" changeset="1" lon="80.279176" uid="1" version="1" lat="13.0787872" /><node user="OSMnx" visible="true" id="12213569552" timestamp="2026-08-18T20:44:39Z" changeset="1" lon="80.2796403" uid="1" version="1" lat="13.0785473" /><node user="OSMnx" visible="true" id="12249792467" timestamp="2026-08-18T20:44:39Z" changeset="1" lon="80.2625585" uid="1" version="1" lat="13.0761028" /><node user="OSMnx" visible="true" id="12249792468" timestamp="2026-08-18T20:44:39Z" changeset="1" lon="80.2621393" uid="1" version="1" lat="13.0760094" /><node user="OSMnx" visible="true" id="12281058947" timestamp="2026-08-18T20:44:39Z" changeset="1" lon="80.2654691" uid="1" version="1" lat="13.0765276" /><node user="OSMnx" visible="true" id="12281058948" timestamp="2026-08-18T20:44:39Z" changeset="1" lon="80.2654817" uid="1" version="1" lat="13.0765029" /><node user="OSMnx" visible="true" id="12281058949" timestamp="2026-08-18T20:44:39Z" changeset="1" lon="80.2655022" uid="1" version="1" lat="13.0764844" /><node user="OSMnx" visible="true" id="12281058950" timestamp="2026-08-18T20:44:39Z" changeset="1" lon="80.2655261" uid="1" version="1" lat="13.0764713" /><node user="OSMnx" visible="true" id="12355192884" timestamp="2026-08-18T20:44:39Z" changeset="1" lon="80.2760524" uid="1" version="1" lat="13.0817097" /><node user="OSMnx" visible="true" id="12419282611" timestamp="2026-08-18T20:44:39Z" changeset="1" lon="80.2739994" uid="1" version="1" lat="13.081637" /><node user="OSMnx" visible="true" id="12419282612" timestamp="2026-08-18T20:44:39Z" changeset="1" lon="80.2740083" uid="1" version="1" lat="13.0815287" /><node user="OSMnx" visible="true" id="12634942461" timestamp="2026-08-18T20:44:39Z" changeset="1" lon="80.2593442" uid="1" version="1" lat="13.0758214" /><node user="OSMnx" visible="true" id="12634942462" timestamp="2026-08-18T20:44:39Z" changeset="1" lon="80.2593995" uid="1" version="1" lat="13.0757595" /><node user="OSMnx" visible="true" id="12695799877" timestamp="2026-08-18T20:44:39Z" changeset="1" lon="80.2655125" uid="1" version="1" lat="13.0707087" /><node user="OSMnx" visible="true" id="12695850873" timestamp="2026-08-18T20:44:39Z" changeset="1" lon="80.2755401" uid="1" version="1" lat="13.0880399" /><node user="OSMnx" visible="true" id="12706486481" timestamp="2026-08-18T20:44:39Z" changeset="1" lon="80.2622197" uid="1" version="1" lat="13.0728145" /><node user="OSMnx" visible="true" id="12706519218" timestamp="2026-08-18T20:44:39Z" changeset="1" lon="80.2694304" uid="1" version="1" lat="13.0921308" /><node user="OSMnx" visible="true" id="12706519219" timestamp="2026-08-18T20:44:39Z" changeset="1" lon="80.2695202" uid="1" version="1" lat="13.0921719" /><node user="OSMnx" visible="true" id="12706519220" timestamp="2026-08-18T20:44:39Z" changeset="1" lon="80.2695173" uid="1" version="1" lat="13.0922579" /><node user="OSMnx" visible="true" id="12706519221" timestamp="2026-08-18T20:44:39Z" changeset="1" lon="80.269518" uid="1" version="1" lat="13.0921553" /><node user="OSMnx" visible="true" id="12706519222" timestamp="2026-08-18T20:44:39Z" changeset="1" lon="80.2693565" uid="1" version="1" lat="13.0923344" /><node user="OSMnx" visible="true" id="12717900614" timestamp="2026-08-18T20:44:39Z" changeset="1" lon="80.2569471" uid="1" version="1" lat="13.0792164" /><node user="OSMnx" visible="true" id="12718161001" timestamp="2026-08-18T20:44:39Z" changeset="1" lon="80.2581851" uid="1" version="1" lat="13.0753066" /><node user="OSMnx" visible="true" id="12740774712" timestamp="2026-08-18T20:44:39Z" changeset="1" lon="80.2820599" uid="1" version="1" lat="13.0790639" /><node user="OSMnx" visible="true" id="12740774713" timestamp="2026-08-18T20:44:39Z" changeset="1" lon="80.2821343" uid="1" version="1" lat="13.078981" /><node user="OSMnx" visible="true" id="12740774714" timestamp="2026-08-18T20:44:39Z" changeset="1" lon="80.2819911" uid="1" version="1" lat="13.078985" /><node user="OSMnx" visible="true" id="12740774715" timestamp="2026-08-18T20:44:39Z" changeset="1" lon="80.2820623" uid="1" version="1" lat="13.0789113" /><node user="OSMnx" visible="true" id="12740854703" timestamp="2026-08-18T20:44:39Z" changeset="1" lon="80.2573049" uid="1" version="1" lat="13.0747456" /><node user="OSMnx" visible="true" id="12740854704" timestamp="2026-08-18T20:44:39Z" changeset="1" lon="80.2573608" uid="1" version="1" lat="13.0747643" /><node user="OSMnx" visible="true" id="12740854705" timestamp="2026-08-18T20:44:39Z" changeset="1" lon="80.2574591" uid="1" version="1" lat="13.0747608" /><node user="OSMnx" visible="true" id="12740854706" timestamp="2026-08-18T20:44:39Z" changeset="1" lon="80.2573507" uid="1" version="1" lat="13.0747271" /><node user="OSMnx" visible="true" id="12740854707" timestamp="2026-08-18T20:44:39Z" changeset="1" lon="80.2574155" uid="1" version="1" lat="13.074719" /><node user="OSMnx" visible="true" id="12741847703" timestamp="2026-08-18T20:44:39Z" changeset="1" lon="80.2712211" uid="1" version="1" lat="13.0692666" /><node user="OSMnx" visible="true" id="12757036703" timestamp="2026-08-18T20:44:39Z" changeset="1" lon="80.2715555" uid="1" version="1" lat="13.0924504" /><node user="OSMnx" visible="true" id="12757036704" timestamp="2026-08-18T20:44:39Z" changeset="1" lon="80.27147" uid="1" version="1" lat="13.0924808" /><node user="OSMnx" visible="true" id="12757036705" timestamp="2026-08-18T20:44:39Z" changeset="1" lon="80.2712627" uid="1" version="1" lat="13.0923399" /><node user="OSMnx" visible="true" id="12757036706" timestamp="2026-08-18T20:44:39Z" changeset="1" lon="80.2710731" uid="1" version="1" lat="13.0922638" /><node user="OSMnx" visible="true" id="12757036707" timestamp="2026-08-18T20:44:39Z" changeset="1" lon="80.2707161" uid="1" version="1" lat="13.0922086" /><node user="OSMnx" visible="true" id="12757036708" timestamp="2026-08-18T20:44:39Z" changeset="1" lon="80.2703395" uid="1" version="1" lat="13.0922139" /><node user="OSMnx" visible="true" id="12757036709" timestamp="2026-08-18T20:44:39Z" changeset="1" lon="80.2702033" uid="1" version="1" lat="13.0922816" /><node user="OSMnx" visible="true" id="12757036710" timestamp="2026-08-18T20:44:39Z" changeset="1" lon="80.2705807" uid="1" version="1" lat="13.0923101" /><node user="OSMnx" visible="true" id="12757036711" timestamp="2026-08-18T20:44:39Z" changeset="1" lon="80.2705742" uid="1" version="1" lat="13.0924182" /><node user="OSMnx" visible="true" id="12757036712" timestamp="2026-08-18T20:44:39Z" changeset="1" lon="80.2702207" uid="1" version="1" lat="13.0923958" /><node user="OSMnx" visible="true" id="12757036713" timestamp="2026-08-18T20:44:39Z" changeset="1" lon="80.2702586" uid="1" version="1" lat="13.0925316" /><node user="OSMnx" visible="true" id="12757036714" timestamp="2026-08-18T20:44:39Z" changeset="1" lon="80.270297" uid="1" version="1" lat="13.0926468" /><node user="OSMnx" visible="true" id="12757036715" timestamp="2026-08-18T20:44:39Z" changeset="1" lon="80.2703457" uid="1" version="1" lat="13.0926967" /><node user="OSMnx" visible="true" id="12757036716" timestamp="2026-08-18T20:44:39Z" changeset="1" lon="80.2704727" uid="1" version="1" lat="13.0927122" /><node user="OSMnx" visible="true" id="12757036717" timestamp="2026-08-18T20:44:39Z" changeset="1" lon="80.2705991" uid="1" version="1" lat="13.0927114" /><node user="OSMnx" visible="true" id="12757036718" timestamp="2026-08-18T20:44:39Z" changeset="1" lon="80.2707048" uid="1" version="1" lat="13.0927242" /><node user="OSMnx" visible="true" id="12757036719" timestamp="2026-08-18T20:44:39Z" changeset="1" lon="80.2707795" uid="1" version="1" lat="13.0927617" /><node user="OSMnx" visible="true" id="12757036720" timestamp="2026-08-18T20:44:39Z" changeset="1" lon="80.2708408" uid="1" version="1" lat="13.0928224" /><node user="OSMnx" visible="true" id="12757036721" timestamp="2026-08-18T20:44:39Z" changeset="1" lon="80.2709263" uid="1" version="1" lat="13.0928728" /><node user="OSMnx" visible="true" id="12757036722" timestamp="2026-08-18T20:44:39Z" changeset="1" lon="80.2710174" uid="1" version="1" lat="13.0928983" /><node user="OSMnx" visible="true" id="12757036723" timestamp="2026-08-18T20:44:39Z" changeset="1" lon="80.2711281" uid="1" version="1" lat="13.0929547" /><node user="OSMnx" visible="true" id="12757036724" timestamp="2026-08-18T20:44:39Z" changeset="1" lon="80.2712674" uid="1" version="1" lat="13.0930323" /><node user="OSMnx" visible="true" id="12757036725" timestamp="2026-08-18T20:44:39Z" changeset="1" lon="80.271423" uid="1" version="1" lat="13.0930623" /><node user="OSMnx" visible="true" id="12757036726" timestamp="2026-08-18T20:44:39Z" changeset="1" lon="80.271584" uid="1" version="1" lat="13.0930981" /><node user="OSMnx" visible="true" id="12757036727" timestamp="2026-08-18T20:44:39Z" changeset="1" lon="80.2716994" uid="1" version="1" lat="13.0931849" /><node user="OSMnx" visible="true" id="12757036728" timestamp="2026-08-18T20:44:39Z" changeset="1" lon="80.2718122" uid="1" version="1" lat="13.0932652" /><node user="OSMnx" visible="true" id="12757036729" timestamp="2026-08-18T20:44:39Z" changeset="1" lon="80.2718843" uid="1" version="1" lat="13.0933444" /><node user="OSMnx" visible="true" id="12757286693" timestamp="2026-08-18T20:44:39Z" changeset="1" lon="80.2625869" uid="1" version="1" lat="13.0759151" /><node user="OSMnx" visible="true" id="12757286694" timestamp="2026-08-18T20:44:39Z" changeset="1" lon="80.2626282" uid="1" version="1" lat="13.0756426" /><node user="OSMnx" visible="true" id="12839667619" timestamp="2026-08-18T20:44:39Z" changeset="1" lon="80.2641626" uid="1" version="1" lat="13.0764805" /><node user="OSMnx" visible="true" id="12839667620" timestamp="2026-08-18T20:44:39Z" changeset="1" lon="80.2641499" uid="1" version="1" lat="13.0765971" /><node user="OSMnx" visible="true" id="12839667621" timestamp="2026-08-18T20:44:39Z" changeset="1" lon="80.2641279" uid="1" version="1" lat="13.0767614" /><node user="OSMnx" visible="true" id="12839667622" timestamp="2026-08-18T20:44:39Z" changeset="1" lon="80.2641091" uid="1" version="1" lat="13.0769164" /><node user="OSMnx" visible="true" id="12839667623" timestamp="2026-08-18T20:44:39Z" changeset="1" lon="80.2640833" uid="1" version="1" lat="13.0770724" /><node user="OSMnx" visible="true" id="12839667624" timestamp="2026-08-18T20:44:39Z" changeset="1" lon="80.264069" uid="1" version="1" lat="13.0771812" /><node user="OSMnx" visible="true" id="12839667625" timestamp="2026-08-18T20:44:39Z" changeset="1" lon="80.2640463" uid="1" version="1" lat="13.0772697" /><node user="OSMnx" visible="true" id="12839667626" timestamp="2026-08-18T20:44:39Z" changeset="1" lon="80.2640112" uid="1" version="1" lat="13.0773542" /><node user="OSMnx" visible="true" id="12839667627" timestamp="2026-08-18T20:44:39Z" changeset="1" lon="80.2639808" uid="1" version="1" lat="13.077398" /><node user="OSMnx" visible="true" id="12839667628" timestamp="2026-08-18T20:44:39Z" changeset="1" lon="80.2639219" uid="1" version="1" lat="13.077472" /><node user="OSMnx" visible="true" id="12839667629" timestamp="2026-08-18T20:44:39Z" changeset="1" lon="80.2638048" uid="1" version="1" lat="13.0776243" /><node user="OSMnx" visible="true" id="12839667630" timestamp="2026-08-18T20:44:39Z" changeset="1" lon="80.2636935" uid="1" version="1" lat="13.0777593" /><node user="OSMnx" visible="true" id="12839667631" timestamp="2026-08-18T20:44:39Z" changeset="1" lon="80.2635703" uid="1" version="1" lat="13.0779191" /><node user="OSMnx" visible="true" id="12839667632" timestamp="2026-08-18T20:44:39Z" changeset="1" lon="80.2634597" uid="1" version="1" lat="13.0780444" /><node user="OSMnx" visible="true" id="12839667633" timestamp="2026-08-18T20:44:39Z" changeset="1" lon="80.2633896" uid="1" version="1" lat="13.078111" /><node user="OSMnx" visible="true" id="12839667634" timestamp="2026-08-18T20:44:39Z" changeset="1" lon="80.2641313" uid="1" version="1" lat="13.0769553" /><node user="OSMnx" visible="true" id="12901254878" timestamp="2026-08-18T20:44:39Z" changeset="1" lon="80.2779462" uid="1" version="1" lat="13.0819884" /><node user="OSMnx" visible="true" id="12953584992" timestamp="2026-08-18T20:44:39Z" changeset="1" lon="80.283237" uid="1" version="1" lat="13.0767275" /><node user="OSMnx" visible="true" id="12955637715" timestamp="2026-08-18T20:44:39Z" changeset="1" lon="80.258054" uid="1" version="1" lat="13.0831222" /><node user="OSMnx" visible="true" id="13047578139" timestamp="2026-08-18T20:44:39Z" changeset="1" lon="80.2603326" uid="1" version="1" lat="13.0769263" /><node user="OSMnx" visible="true" id="13047578140" timestamp="2026-08-18T20:44:39Z" changeset="1" lon="80.2608264" uid="1" version="1" lat="13.0773101" /><node user="OSMnx" visible="true" id="13047578141" timestamp="2026-08-18T20:44:39Z" changeset="1" lon="80.2603606" uid="1" version="1" lat="13.0768805" /><node user="OSMnx" visible="true" id="13047578142" timestamp="2026-08-18T20:44:39Z" changeset="1" lon="80.2603544" uid="1" version="1" lat="13.0769497" /><node user="OSMnx" visible="true" id="13047578143" timestamp="2026-08-18T20:44:39Z" changeset="1" lon="80.2605638" uid="1" version="1" lat="13.0771747" /><node user="OSMnx" visible="true" id="13047578155" timestamp="2026-08-18T20:44:39Z" changeset="1" lon="80.2607829" uid="1" version="1" lat="13.0772859" /><node user="OSMnx" visible="true" id="13287150420" timestamp="2026-08-18T20:44:39Z" changeset="1" lon="80.2641349" uid="1" version="1" lat="13.0767093" /><node user="OSMnx" visible="true" id="13287150421" timestamp="2026-08-18T20:44:39Z" changeset="1" lon="80.2642329" uid="1" version="1" lat="13.0763361" /><node user="OSMnx" visible="true" id="13298854275" timestamp="2026-08-18T20:44:39Z" changeset="1" lon="80.2586153" uid="1" version="1" lat="13.0897674" /><node user="OSMnx" visible="true" id="13337811005" timestamp="2026-08-18T20:44:39Z" changeset="1" lon="80.2696818" uid="1" version="1" lat="13.0922011" /><node user="OSMnx" visible="true" id="13337811006" timestamp="2026-08-18T20:44:39Z" changeset="1" lon="80.2695973" uid="1" version="1" lat="13.0921605" /><node user="OSMnx" visible="true" id="13337811007" timestamp="2026-08-18T20:44:39Z" changeset="1" lon="80.2695545" uid="1" version="1" lat="13.0921345" /><node user="OSMnx" visible="true" id="13337811008" timestamp="2026-08-18T20:44:39Z" changeset="1" lon="80.2695114" uid="1" version="1" lat="13.0921043" /><node user="OSMnx" visible="true" id="13337811009" timestamp="2026-08-18T20:44:39Z" changeset="1" lon="80.2695029" uid="1" version="1" lat="13.0920391" /><node user="OSMnx" visible="true" id="13337811010" timestamp="2026-08-18T20:44:39Z" changeset="1" lon="80.2695067" uid="1" version="1" lat="13.0920682" /><node user="OSMnx" visible="true" id="13337811021" timestamp="2026-08-18T20:44:39Z" changeset="1" lon="80.2694895" uid="1" version="1" lat="13.0919356" /><node user="OSMnx" visible="true" id="13418025228" timestamp="2026-08-18T20:44:39Z" changeset="1" lon="80.267579" uid="1" version="1" lat="13.0927791" /><node user="OSMnx" visible="true" id="13432318288" timestamp="2026-08-18T20:44:39Z" changeset="1" lon="80.2594808" uid="1" version="1" lat="13.0758218" /><node user="OSMnx" visible="true" id="13432318289" timestamp="2026-08-18T20:44:39Z" changeset="1" lon="80.2594329" uid="1" version="1" lat="13.0758861" /><node user="OSMnx" visible="true" id="13542815599" timestamp="2026-08-18T20:44:39Z" changeset="1" lon="80.2612441" uid="1" version="1" lat="13.0710249" /><node user="OSMnx" visible="true" id="13765882159" timestamp="2026-08-18T20:44:39Z" changeset="1" lon="80.2689082" uid="1" version="1" lat="13.0788046" /><node user="OSMnx" visible="true" id="13765882160" timestamp="2026-08-18T20:44:39Z" changeset="1" lon="80.2689197" uid="1" version="1" lat="13.0789506" /><node user="OSMnx" visible="true" id="13765886374" timestamp="2026-08-18T20:44:39Z" changeset="1" lon="80.2622238" uid="1" version="1" lat="13.0742685" /><node user="OSMnx" visible="true" id="13773576033" timestamp="2026-08-18T20:44:39Z" changeset="1" lon="80.2719415" uid="1" version="1" lat="13.0836297" /><node user="OSMnx" visible="true" id="13773576034" timestamp="2026-08-18T20:44:39Z" changeset="1" lon="80.2720105" uid="1" version="1" lat="13.0836142" /><node user="OSMnx" visible="true" id="13773576035" timestamp="2026-08-18T20:44:39Z" changeset="1" lon="80.2720669" uid="1" version="1" lat="13.0835747" /><node user="OSMnx" visible="true" id="13773576036" timestamp="2026-08-18T20:44:39Z" changeset="1" lon="80.2710206" uid="1" version="1" lat="13.0835758" /><node user="OSMnx" visible="true" id="13773576037" timestamp="2026-08-18T20:44:39Z" changeset="1" lon="80.2710487" uid="1" version="1" lat="13.0835628" /><node user="OSMnx" visible="true" id="13793191381" timestamp="2026-08-18T20:44:39Z" changeset="1" lon="80.2585407" uid="1" version="1" lat="13.0824601" /><node user="OSMnx" visible="true" id="13807668473" timestamp="2026-08-18T20:44:39Z" changeset="1" lon="80.2586066" uid="1" version="1" lat="13.0894158" /><node user="OSMnx" visible="true" id="13858134437" timestamp="2026-08-18T20:44:39Z" changeset="1" lon="80.2593542" uid="1" version="1" lat="13.094359" /><node user="OSMnx" visible="true" id="13858134438" timestamp="2026-08-18T20:44:39Z" changeset="1" lon="80.2593645" uid="1" version="1" lat="13.0941855" /><node user="OSMnx" visible="true" id="13858134439" timestamp="2026-08-18T20:44:39Z" changeset="1" lon="80.2595131" uid="1" version="1" lat="13.0941936" /><node user="OSMnx" visible="true" id="13858134440" timestamp="2026-08-18T20:44:39Z" changeset="1" lon="80.2595338" uid="1" version="1" lat="13.0939481" /><node user="OSMnx" visible="true" id="13858195226" timestamp="2026-08-18T20:44:39Z" changeset="1" lon="80.2588794" uid="1" version="1" lat="13.0937707" /><node user="OSMnx" visible="true" id="13858195227" timestamp="2026-08-18T20:44:39Z" changeset="1" lon="80.2599905" uid="1" version="1" lat="13.0938512" /><node user="OSMnx" visible="true" id="13880733731" timestamp="2026-08-18T20:44:39Z" changeset="1" lon="80.2570019" uid="1" version="1" lat="13.069655" /><node user="OSMnx" visible="true" id="13880733732" timestamp="2026-08-18T20:44:39Z" changeset="1" lon="80.2572925" uid="1" version="1" lat="13.0699469" /><node user="OSMnx" visible="true" id="13880733733" timestamp="2026-08-18T20:44:39Z" changeset="1" lon="80.2574767" uid="1" version="1" lat="13.0701809" /><node user="OSMnx" visible="true" id="13880733734" timestamp="2026-08-18T20:44:39Z" changeset="1" lon="80.2575582" uid="1" version="1" lat="13.0702043" /><node user="OSMnx" visible="true" id="13880733735" timestamp="2026-08-18T20:44:39Z" changeset="1" lon="80.2580951" uid="1" version="1" lat="13.070701" /><node user="OSMnx" visible="true" id="13880733736" timestamp="2026-08-18T20:44:39Z" changeset="1" lon="80.258488" uid="1" version="1" lat="13.0710907" /><node user="OSMnx" visible="true" id="13880733737" timestamp="2026-08-18T20:44:39Z" changeset="1" lon="80.2607724" uid="1" version="1" lat="13.0732915" /><node user="OSMnx" visible="true" id="13880733738" timestamp="2026-08-18T20:44:39Z" changeset="1" lon="80.2599148" uid="1" version="1" lat="13.0724299" /><node user="OSMnx" visible="true" id="13880733739" timestamp="2026-08-18T20:44:39Z" changeset="1" lon="80.2604869" uid="1" version="1" lat="13.0729107" /><node user="OSMnx" visible="true" id="13880733740" timestamp="2026-08-18T20:44:39Z" changeset="1" lon="80.2609502" uid="1" version="1" lat="13.0731887" /><node user="OSMnx" visible="true" id="13880733741" timestamp="2026-08-18T20:44:39Z" changeset="1" lon="80.2609283" uid="1" version="1" lat="13.0731729" /><node user="OSMnx" visible="true" id="13880733742" timestamp="2026-08-18T20:44:39Z" changeset="1" lon="80.2584878" uid="1" version="1" lat="13.0710239" /><node user="OSMnx" visible="true" id="13880733743" timestamp="2026-08-18T20:44:39Z" changeset="1" lon="80.2584632" uid="1" version="1" lat="13.0710661" /><node user="OSMnx" visible="true" id="13880733744" timestamp="2026-08-18T20:44:39Z" changeset="1" lon="80.258015" uid="1" version="1" lat="13.0705669" /><node user="OSMnx" visible="true" id="13880733745" timestamp="2026-08-18T20:44:39Z" changeset="1" lon="80.257317" uid="1" version="1" lat="13.0699052" /><node user="OSMnx" visible="true" id="13880733746" timestamp="2026-08-18T20:44:39Z" changeset="1" lon="80.2569322" uid="1" version="1" lat="13.0695165" /><node user="OSMnx" visible="true" id="13880733752" timestamp="2026-08-18T20:44:39Z" changeset="1" lon="80.2585059" uid="1" version="1" lat="13.0710396" /><node user="OSMnx" visible="true" id="13880733753" timestamp="2026-08-18T20:44:39Z" changeset="1" lon="80.2584476" uid="1" version="1" lat="13.070985" /><node user="OSMnx" visible="true" id="13880733754" timestamp="2026-08-18T20:44:39Z" changeset="1" lon="80.2584185" uid="1" version="1" lat="13.0710218" /><node user="OSMnx" visible="true" id="13880733755" timestamp="2026-08-18T20:44:39Z" changeset="1" lon="80.260774" uid="1" version="1" lat="13.0732315" /><node user="OSMnx" visible="true" id="13880733756" timestamp="2026-08-18T20:44:39Z" changeset="1" lon="80.2606908" uid="1" version="1" lat="13.0730811" /><node user="OSMnx" visible="true" id="13880733757" timestamp="2026-08-18T20:44:39Z" changeset="1" lon="80.2608436" uid="1" version="1" lat="13.0731145" /><node user="OSMnx" visible="true" id="13880733758" timestamp="2026-08-18T20:44:39Z" changeset="1" lon="80.2608683" uid="1" version="1" lat="13.0733683" /><node user="OSMnx" visible="true" id="13880733759" timestamp="2026-08-18T20:44:39Z" changeset="1" lon="80.2596887" uid="1" version="1" lat="13.0738224" /><node user="OSMnx" visible="true" id="13880733760" timestamp="2026-08-18T20:44:39Z" changeset="1" lon="80.2599936" uid="1" version="1" lat="13.0736443" /><node user="OSMnx" visible="true" id="13880733761" timestamp="2026-08-18T20:44:39Z" changeset="1" lon="80.2603886" uid="1" version="1" lat="13.0734596" /><node user="OSMnx" visible="true" id="13880733762" timestamp="2026-08-18T20:44:39Z" changeset="1" lon="80.2607687" uid="1" version="1" lat="13.0732604" /><node user="OSMnx" visible="true" id="13880733763" timestamp="2026-08-18T20:44:39Z" changeset="1" lon="80.2607453" uid="1" version="1" lat="13.0731586" /><node user="OSMnx" visible="true" id="13880733764" timestamp="2026-08-18T20:44:39Z" changeset="1" lon="80.2607482" uid="1" version="1" lat="13.073392" /><node user="OSMnx" visible="true" id="13880733765" timestamp="2026-08-18T20:44:39Z" changeset="1" lon="80.2581156" uid="1" version="1" lat="13.0755339" /><node user="OSMnx" visible="true" id="13900467091" timestamp="2026-08-18T20:44:39Z" changeset="1" lon="80.257218" uid="1" version="1" lat="13.0747618" /><node user="OSMnx" visible="true" id="13900467092" timestamp="2026-08-18T20:44:39Z" changeset="1" lon="80.2573539" uid="1" version="1" lat="13.0752271" /><node user="OSMnx" visible="true" id="13903632048" timestamp="2026-08-18T20:44:39Z" changeset="1" lon="80.2576295" uid="1" version="1" lat="13.086747" /><node user="OSMnx" visible="true" id="13903632049" timestamp="2026-08-18T20:44:39Z" changeset="1" lon="80.2582145" uid="1" version="1" lat="13.0869243" /><node user="OSMnx" visible="true" id="13903632050" timestamp="2026-08-18T20:44:39Z" changeset="1" lon="80.2584838" uid="1" version="1" lat="13.0867199" /><node user="OSMnx" visible="true" id="13903632051" timestamp="2026-08-18T20:44:39Z" changeset="1" lon="80.2598484" uid="1" version="1" lat="13.0868538" /><node user="OSMnx" visible="true" id="13961503013" timestamp="2026-08-18T20:44:39Z" changeset="1" lon="80.2586108" uid="1" version="1" lat="13.0924702" /><node user="OSMnx" visible="true" id="13961931892" timestamp="2026-08-18T20:44:39Z" changeset="1" lon="80.2661552" uid="1" version="1" lat="13.0853712" /><node user="OSMnx" visible="true" id="13966808854" timestamp="2026-08-18T20:44:39Z" changeset="1" lon="80.2744802" uid="1" version="1" lat="13.0711354" /><node user="OSMnx" visible="true" id="13966808855" timestamp="2026-08-18T20:44:39Z" changeset="1" lon="80.2743412" uid="1" version="1" lat="13.0712267" /><node user="OSMnx" visible="true" id="14001638083" timestamp="2026-08-18T20:44:39Z" changeset="1" lon="80.2610864" uid="1" version="1" lat="13.070951" /><node user="OSMnx" visible="true" id="14019532377" timestamp="2026-08-18T20:44:39Z" changeset="1" lon="80.2692267" uid="1" version="1" lat="13.0871265" /><node user="OSMnx" visible="true" id="14041248739" timestamp="2026-08-18T20:44:39Z" changeset="1" lon="80.2760635" uid="1" version="1" lat="13.0779653" /><node user="OSMnx" visible="true" id="14041248757" timestamp="2026-08-18T20:44:39Z" changeset="1" lon="80.2744507" uid="1" version="1" lat="13.0760809" /><node user="OSMnx" visible="true" id="14041248758" timestamp="2026-08-18T20:44:39Z" changeset="1" lon="80.2745382" uid="1" version="1" lat="13.0755772" /><node user="OSMnx" visible="true" id="14041248761" timestamp="2026-08-18T20:44:39Z" changeset="1" lon="80.275386" uid="1" version="1" lat="13.0730063" /><node user="OSMnx" visible="true" id="14041248762" timestamp="2026-08-18T20:44:39Z" changeset="1" lon="80.2749006" uid="1" version="1" lat="13.0743462" /><node user="OSMnx" visible="true" id="14091868766" timestamp="2026-08-18T20:44:39Z" changeset="1" lon="80.2667336" uid="1" version="1" lat="13.0909721" /><node user="OSMnx" visible="true" id="14091868768" timestamp="2026-08-18T20:44:39Z" changeset="1" lon="80.2666048" uid="1" version="1" lat="13.0909795" /><node user="OSMnx" visible="true" id="14091868769" timestamp="2026-08-18T20:44:39Z" changeset="1" lon="80.2678984" uid="1" version="1" lat="13.0912195" /><node user="OSMnx" visible="true" id="14102453275" timestamp="2026-08-18T20:44:39Z" changeset="1" lon="80.2761686" uid="1" version="1" lat="13.0828621" /><way user="OSMnx" visible="true" uid="1" version="1" id="4717427" timestamp="2026-08-18T20:44:39Z" changeset="1"><nd ref="2271543426" /><nd ref="303284181" /><nd ref="247435315" /><nd ref="247435314" /><nd ref="303283585" /><tag k="ref" v="NH4" /><tag k="oneway" v="yes" /><tag k="highway" v="primary" /><tag k="name" v="Muthuswamy Road" /></way><way user="OSMnx" visible="true" uid="1" version="1" id="22965159" timestamp="2026-08-18T20:44:39Z" changeset="1"><nd ref="247437530" /><nd ref="11036960830" /><nd ref="9504474774" /><nd ref="5401053981" /><nd ref="309062017" /><nd ref="2241832936" /><nd ref="247437529" /><tag k="oneway" v="yes" /><tag k="highway" v="secondary" /><tag k="name" v="Pallavan Salai" /></way><way user="OSMnx" visible="true" uid="1" version="1" id="22965221" timestamp="2026-08-18T20:44:39Z" changeset="1"><nd ref="247438022" /><nd ref="258915897" /><nd ref="258916263" /><nd ref="3496934150" /><nd ref="258915978" /><nd ref="258915901" /><nd ref="258916090" /><nd ref="3496441304" /><nd ref="258916132" /><nd ref="258916115" /><nd ref="247438113" /><tag k="oneway" v="yes" /><tag k="highway" v="residential" /><tag k="name" v="Elephant Gate Road" /></way><way user="OSMnx" visible="true" uid="1" version="1" id="22965268" timestamp="2026-08-18T20:44:39Z" changeset="1"><nd ref="310505827" /><nd ref="9989783625" /><nd ref="9989783623" /><nd ref="9989783624" /><nd ref="9989783626" /><nd ref="247435679" /><nd ref="9989783629" /><nd ref="9913682290" /><nd ref="9989783628" /><nd ref="9989783627" /><nd ref="247438580" /><nd ref="9989783631" /><nd ref="9989783632" /><nd ref="247438581" /><nd ref="9989783633" /><nd ref="9989783638" /><nd ref="9989783634" /><nd ref="9989783637" /><nd ref="9989783635" /><nd ref="9989783636" /><nd ref="9989783630" /><nd ref="247438583" /><nd ref="247438584" /><tag k="oneway" v="yes" /><tag k="highway" v="secondary" /><tag k="name" v="Rattan Bazaar Road" /></way><way user="OSMnx" visible="true" uid="1" version="1" id="22965366" timestamp="2026-08-18T20:44:39Z" changeset="1"><nd ref="247438584" /><nd ref="247438585" /><nd ref="247438586" /><nd ref="247438587" /><nd ref="2397809017" /><nd ref="247438588" /><nd ref="5562445714" /><nd ref="247438589" /><nd ref="310505387" /><tag k="oneway" v="yes" /><tag k="highway" v="secondary" /><tag k="name" v="Evening Bazaar Road" /></way><way user="OSMnx" visible="true" uid="1" version="1" id="22965394" timestamp="2026-08-18T20:44:39Z" changeset="1"><nd ref="310505815" /><nd ref="258891050" /><nd ref="258891078" /><nd ref="247435874" /><nd ref="247435875" /><nd ref="258890805" /><nd ref="258890801" /><nd ref="247435876" /><nd ref="258890835" /><nd ref="600643487" /><nd ref="2271478323" /><tag k="oneway" v="yes" /><tag k="highway" v="tertiary" /><tag k="name" v="Rasappa Chetty Street" /></way><way user="OSMnx" visible="true" uid="1" version="1" id="22965414" timestamp="2026-08-18T20:44:39Z" changeset="1"><nd ref="310505822" /><nd ref="320962434" /><nd ref="5562445713" /><nd ref="2397809014" /><nd ref="310505821" /><nd ref="310505820" /><nd ref="310505819" /><nd ref="310505818" /><nd ref="310505817" /><nd ref="310505816" /><nd ref="310505815" /><tag k="oneway" v="yes" /><tag k="highway" v="secondary" /><tag k="name" v="Evening Bazaar Road" /></way><way user="OSMnx" visible="true" uid="1" version="1" id="22965429" timestamp="2026-08-18T20:44:39Z" changeset="1"><nd ref="5289829971" /><nd ref="5289829979" /><nd ref="11041710856" /><nd ref="5289829972" /><nd ref="5289829982" /><nd ref="5289829981" /><nd ref="258890817" /><nd ref="247439424" /><tag k="oneway" v="yes" /><tag k="highway" v="residential" /><tag k="name" v="Issac Street" /></way><way user="OSMnx" visible="true" uid="1" version="1" id="23030560" timestamp="2026-08-18T20:44:39Z" changeset="1"><nd ref="248467915" /><nd ref="12741847703" /><tag k="oneway" v="no" /><tag k="highway" v="residential" /><tag k="name" v="Narasingapuram Street" /></way><way user="OSMnx" visible="true" uid="1" version="1" id="23030563" timestamp="2026-08-18T20:44:39Z" changeset="1"><nd ref="248468472" /><nd ref="11622048949" /><nd ref="248468456" /><nd ref="248467987" /><nd ref="248468221" /><nd ref="9189159047" /><nd ref="248468408" /><nd ref="243325387" /><tag k="oneway" v="no" /><tag k="highway" v="residential" /><tag k="name" v="Swami Naicken Street" /></way><way user="OSMnx" visible="true" uid="1" version="1" id="23030564" timestamp="2026-08-18T20:44:39Z" changeset="1"><nd ref="2241832853" /><nd ref="2241832844" /><nd ref="248468724" /><nd ref="248467983" /><tag k="oneway" v="no" /><tag k="highway" v="residential" /></way><way user="OSMnx" visible="true" uid="1" version="1" id="23030568" timestamp="2026-08-18T20:44:39Z" changeset="1"><nd ref="248468200" /><nd ref="248468201" /><nd ref="248467936" /><tag k="oneway" v="no" /><tag k="highway" v="residential" /><tag k="name" v="Atthipattan Street" /></way><way user="OSMnx" visible="true" uid="1" version="1" id="23030569" timestamp="2026-08-18T20:44:39Z" changeset="1"><nd ref="248468215" /><nd ref="248468216" /><nd ref="248468217" /><nd ref="248468218" /><nd ref="248468219" /><nd ref="248468120" /><tag k="oneway" v="no" /><tag k="highway" v="residential" /></way><way user="OSMnx" visible="true" uid="1" version="1" id="23030570" timestamp="2026-08-18T20:44:39Z" changeset="1"><nd ref="248468193" /><nd ref="248468222" /><nd ref="2241833415" /><nd ref="1279325400" /><nd ref="248468223" /><nd ref="248468224" /><nd ref="11416769659" /><nd ref="248468226" /><tag k="oneway" v="no" /><tag k="highway" v="residential" /><tag k="name" v="Laffond Street" /></way><way user="OSMnx" visible="true" uid="1" version="1" id="23030571" timestamp="2026-08-18T20:44:39Z" changeset="1"><nd ref="248467985" /><nd ref="248468480" /><nd ref="248467983" /><nd ref="248467982" /><nd ref="248467981" /><nd ref="248467968" /><nd ref="248468295" /><nd ref="248467966" /><nd ref="367869387" /><nd ref="248467926" /><tag k="oneway" v="no" /><tag k="highway" v="residential" /><tag k="name" v="Singanna Street Part A" /></way><way user="OSMnx" visible="true" uid="1" version="1" id="23030576" timestamp="2026-08-18T20:44:39Z" changeset="1"><nd ref="248468241" /><nd ref="11416742886" /><nd ref="11416742887" /><nd ref="11416742885" /><nd ref="248468271" /><tag k="oneway" v="no" /><tag k="highway" v="residential" /><tag k="name" v="Kalavai Street" /></way><way user="OSMnx" visible="true" uid="1" version="1" id="23030577" timestamp="2026-08-18T20:44:39Z" changeset="1"><nd ref="248468216" /><nd ref="248467993" /><nd ref="317155229" /><nd ref="248468275" /><nd ref="317155207" /><nd ref="248468761" /><tag k="oneway" v="no" /><tag k="highway" v="residential" /><tag k="name" v="Ayya Mudali Street" /></way><way user="OSMnx" visible="true" uid="1" version="1" id="23030578" timestamp="2026-08-18T20:44:39Z" changeset="1"><nd ref="248468114" /><nd ref="248468281" /><nd ref="2241832850" /><nd ref="248468282" /><nd ref="317155227" /><nd ref="317155228" /><nd ref="317155229" /><tag k="oneway" v="no" /><tag k="highway" v="residential" /></way><way user="OSMnx" visible="true" uid="1" version="1" id="23030580" timestamp="2026-08-18T20:44:39Z" changeset="1"><nd ref="248468085" /><nd ref="248468291" /><nd ref="248468771" /><nd ref="248468285" /><nd ref="317155347" /><nd ref="248468218" /><nd ref="248468361" /><tag k="oneway" v="no" /><tag k="highway" v="residential" /><tag k="name" v="Nyniappan Street" /></way><way user="OSMnx" visible="true" uid="1" version="1" id="23030581" timestamp="2026-08-18T20:44:39Z" changeset="1"><nd ref="248468284" /><nd ref="248468285" /><tag k="oneway" v="no" /><tag k="highway" v="residential" /><tag k="name" v="Nagamani Street" /></way><way user="OSMnx" visible="true" uid="1" version="1" id="23030582" timestamp="2026-08-18T20:44:39Z" changeset="1"><nd ref="248468291" /><nd ref="2241832928" /><tag k="oneway" v="no" /><tag k="highway" v="residential" /><tag k="name" v="Devaraj Sarang Lane" /></way><way user="OSMnx" visible="true" uid="1" version="1" id="23030584" timestamp="2026-08-18T20:44:39Z" changeset="1"><nd ref="248468211" /><nd ref="248468293" /><nd ref="248468635" /><nd ref="248468743" /><nd ref="248468614" /><nd ref="248468540" /><tag k="oneway" v="no" /><tag k="highway" v="residential" /></way><way user="OSMnx" visible="true" uid="1" version="1" id="23030585" timestamp="2026-08-18T20:44:39Z" changeset="1"><nd ref="248467937" /><nd ref="367869639" /><nd ref="248468294" /><nd ref="248468295" /><tag k="oneway" v="no" /><tag k="highway" v="residential" /><tag k="name" v="Sivaprakasam Street" /></way><way user="OSMnx" visible="true" uid="1" version="1" id="23030586" timestamp="2026-08-18T20:44:39Z" changeset="1"><nd ref="248468307" /><nd ref="248468308" /><nd ref="248468309" /><nd ref="248468310" /><nd ref="248468311" /><tag k="oneway" v="no" /><tag k="highway" v="living_street" /><tag k="name" v="Meeyan 2nd Street" /></way><way user="OSMnx" visible="true" uid="1" version="1" id="23030587" timestamp="2026-08-18T20:44:39Z" changeset="1"><nd ref="248468118" /><nd ref="2241833030" /><nd ref="248468312" /><nd ref="248468313" /><nd ref="2241833025" /><nd ref="248468314" /><nd ref="248468315" /><nd ref="248468316" /><tag k="oneway" v="no" /><tag k="highway" v="residential" /></way><way user="OSMnx" visible="true" uid="1" version="1" id="23030588" timestamp="2026-08-18T20:44:39Z" changeset="1"><nd ref="248468314" /><nd ref="248468219" /><nd ref="243325386" /><tag k="oneway" v="no" /><tag k="highway" v="residential" /></way><way user="OSMnx" visible="true" uid="1" version="1" id="23030589" timestamp="2026-08-18T20:44:39Z" changeset="1"><nd ref="248468273" /><nd ref="248468329" /><nd ref="248468351" /><nd ref="248468326" /><tag k="oneway" v="no" /><tag k="highway" v="residential" /><tag k="name" v="Mangapathi Street" /></way><way user="OSMnx" visible="true" uid="1" version="1" id="23030591" timestamp="2026-08-18T20:44:39Z" changeset="1"><nd ref="248468331" /><nd ref="317148380" /><nd ref="9189159050" /><nd ref="248468334" /><nd ref="317151733" /><nd ref="266204154" /><nd ref="248468165" /><tag k="oneway" v="no" /><tag k="highway" v="residential" /></way><way user="OSMnx" visible="true" uid="1" version="1" id="23030593" timestamp="2026-08-18T20:44:39Z" changeset="1"><nd ref="248468270" /><nd ref="2241833830" /><nd ref="248468347" /><nd ref="317148377" /><nd ref="248468773" /><nd ref="248468334" /><nd ref="248468351" /><tag k="oneway" v="no" /><tag k="highway" v="residential" /><tag k="name" v="Balakrishna Street" /></way><way user="OSMnx" visible="true" uid="1" version="1" id="23030594" timestamp="2026-08-18T20:44:39Z" changeset="1"><nd ref="248468378" /><nd ref="248468395" /><tag k="oneway" v="no" /><tag k="highway" v="residential" /></way><way user="OSMnx" visible="true" uid="1" version="1" id="23030595" timestamp="2026-08-18T20:44:39Z" changeset="1"><nd ref="248468408" /><nd ref="248468242" /><nd ref="248468405" /><tag k="oneway" v="no" /><tag k="highway" v="residential" /><tag k="name" v="Arunchalam Street" /></way><way user="OSMnx" visible="true" uid="1" version="1" id="23030596" timestamp="2026-08-18T20:44:39Z" changeset="1"><nd ref="248468411" /><nd ref="248468442" /><nd ref="248468453" /><tag k="oneway" v="no" /><tag k="highway" v="residential" /><tag k="name" v="Vennkatesan Street" /></way><way user="OSMnx" visible="true" uid="1" version="1" id="23030598" timestamp="2026-08-18T20:44:39Z" changeset="1"><nd ref="248468197" /><nd ref="11416610631" /><nd ref="248468478" /><nd ref="248468223" /><tag k="oneway" v="no" /><tag k="highway" v="residential" /><tag k="name" v="Laffond Lane" /></way><way user="OSMnx" visible="true" uid="1" version="1" id="23030599" timestamp="2026-08-18T20:44:39Z" changeset="1"><nd ref="248468480" /><nd ref="248468485" /><nd ref="248468482" /><tag k="oneway" v="no" /><tag k="highway" v="residential" /></way><way user="OSMnx" visible="true" uid="1" version="1" id="23030601" timestamp="2026-08-18T20:44:39Z" changeset="1"><nd ref="248467917" /><nd ref="367869310" /><nd ref="248468204" /><nd ref="248468715" /><tag k="oneway" v="no" /><tag k="highway" v="residential" /><tag k="name" v="Hussain Sahib Street" /></way><way user="OSMnx" visible="true" uid="1" version="1" id="23030602" timestamp="2026-08-18T20:44:39Z" changeset="1"><nd ref="248468644" /><nd ref="11274513922" /><tag k="oneway" v="no" /><tag k="highway" v="residential" /></way><way user="OSMnx" visible="true" uid="1" version="1" id="23030603" timestamp="2026-08-18T20:44:39Z" changeset="1"><nd ref="248468657" /><nd ref="3672835982" /><nd ref="248468703" /><tag k="oneway" v="no" /><tag k="highway" v="residential" /></way><way user="OSMnx" visible="true" uid="1" version="1" id="23030604" timestamp="2026-08-18T20:44:39Z" changeset="1"><nd ref="367869383" /><nd ref="248468209" /><nd ref="248468705" /><nd ref="248468294" /><nd ref="2241930213" /><nd ref="248468728" /><tag k="oneway" v="no" /><tag k="highway" v="residential" /><tag k="name" v="Usman Khan Street" /></way><way user="OSMnx" visible="true" uid="1" version="1" id="23030605" timestamp="2026-08-18T20:44:39Z" changeset="1"><nd ref="248468705" /><nd ref="248468715" /><nd ref="367869636" /><nd ref="248468712" /><tag k="oneway" v="no" /><tag k="highway" v="residential" /><tag k="name" v="Seeyaliamman Koil Street" /></way><way user="OSMnx" visible="true" uid="1" version="1" id="23030606" timestamp="2026-08-18T20:44:39Z" changeset="1"><nd ref="12027826403" /><nd ref="248468726" /><nd ref="248468728" /><nd ref="2241832818" /><nd ref="248468731" /><nd ref="248467981" /><tag k="oneway" v="no" /><tag k="highway" v="residential" /><tag k="name" v="Sivaprakasam Street" /></way><way user="OSMnx" visible="true" uid="1" version="1" id="23030610" timestamp="2026-08-18T20:44:39Z" changeset="1"><nd ref="248468763" /><nd ref="248468771" /><tag k="oneway" v="no" /><tag k="highway" v="residential" /><tag k="name" v="Sadasivam lane" /></way><way user="OSMnx" visible="true" uid="1" version="1" id="23030611" timestamp="2026-08-18T20:44:39Z" changeset="1"><nd ref="248468773" /><nd ref="248468775" /><nd ref="248468777" /><tag k="oneway" v="no" /><tag k="highway" v="residential" /></way><way user="OSMnx" visible="true" uid="1" version="1" id="23030612" timestamp="2026-08-18T20:44:39Z" changeset="1"><nd ref="248468247" /><nd ref="13765882160" /><nd ref="13765882159" /><nd ref="2241833844" /><nd ref="248468793" /><nd ref="2241833576" /><nd ref="248468794" /><nd ref="3672835985" /><nd ref="2241833491" /><nd ref="317148376" /><nd ref="317148380" /><tag k="oneway" v="no" /><tag k="highway" v="residential" /><tag k="name" v="Padavatamman Koil" /></way><way user="OSMnx" visible="true" uid="1" version="1" id="23030613" timestamp="2026-08-18T20:44:39Z" changeset="1"><nd ref="248468793" /><nd ref="248468796" /><nd ref="248468797" /><nd ref="2241833833" /><nd ref="2241833880" /><tag k="oneway" v="no" /><tag k="highway" v="residential" /></way><way user="OSMnx" visible="true" uid="1" version="1" id="23030614" timestamp="2026-08-18T20:44:39Z" changeset="1"><nd ref="248468246" /><nd ref="11416746956" /><nd ref="11416746957" /><nd ref="248468798" /><nd ref="248468799" /><nd ref="3672835986" /><nd ref="11416746955" /><nd ref="11416746954" /><nd ref="11416746953" /><nd ref="248468800" /><tag k="oneway" v="no" /><tag k="highway" v="residential" /></way><way user="OSMnx" visible="true" uid="1" version="1" id="23030618" timestamp="2026-08-18T20:44:39Z" changeset="1"><nd ref="248468937" /><nd ref="6805026513" /><tag k="oneway" v="yes" /><tag k="highway" v="secondary" /><tag k="name" v="Montieth Road" /></way><way user="OSMnx" visible="true" uid="1" version="1" id="23030625" timestamp="2026-08-18T20:44:39Z" changeset="1"><nd ref="2197639829" /><nd ref="248468947" /><nd ref="2482080923" /><nd ref="248468948" /><tag k="oneway" v="no" /><tag k="highway" v="residential" /><tag k="name" v="Mothibaba Lane" /></way><way user="OSMnx" visible="true" uid="1" version="1" id="23030626" timestamp="2026-08-18T20:44:39Z" changeset="1"><nd ref="266204548" /><nd ref="248468952" /><tag k="oneway" v="no" /><tag k="highway" v="residential" /><tag k="name" v="Thulasingam Street" /></way><way user="OSMnx" visible="true" uid="1" version="1" id="23030627" timestamp="2026-08-18T20:44:39Z" changeset="1"><nd ref="266204552" /><nd ref="266204375" /><nd ref="266204372" /><nd ref="266204374" /><nd ref="1280328277" /><nd ref="248467513" /><tag k="oneway" v="no" /><tag k="highway" v="living_street" /></way><way user="OSMnx" visible="true" uid="1" version="1" id="23030888" timestamp="2026-08-18T20:44:39Z" changeset="1"><nd ref="10290876812" /><nd ref="248468883" /><nd ref="11764764446" /><nd ref="11764764458" /><tag k="oneway" v="yes" /><tag k="lanes" v="2" /><tag k="highway" v="tertiary" /><tag k="name" v="Rukmani Lakshmipathi Road" /></way><way user="OSMnx" visible="true" uid="1" version="1" id="23037605" timestamp="2026-08-18T20:44:39Z" changeset="1"><nd ref="248468275" /><nd ref="248468276" /><nd ref="248468113" /><tag k="oneway" v="no" /><tag k="highway" v="residential" /><tag k="name" v="Palli Street" /></way><way user="OSMnx" visible="true" uid="1" version="1" id="23066181" timestamp="2026-08-18T20:44:39Z" changeset="1"><nd ref="2487062535" /><nd ref="266205031" /><tag k="oneway" v="no" /><tag k="highway" v="secondary" /><tag k="name" v="Halls Road" /></way><way user="OSMnx" visible="true" uid="1" version="1" id="23110267" timestamp="2026-08-18T20:44:39Z" changeset="1"><nd ref="248468109" /><nd ref="248468213" /><nd ref="248468761" /><nd ref="248468752" /><nd ref="248467986" /><nd ref="248468482" /><nd ref="248468215" /><nd ref="243325387" /><tag k="oneway" v="no" /><tag k="highway" v="residential" /></way><way user="OSMnx" visible="true" uid="1" version="1" id="23468550" timestamp="2026-08-18T20:44:39Z" changeset="1"><nd ref="254149398" /><nd ref="11496699191" /><nd ref="254149405" /><nd ref="603480709" /><nd ref="254149408" /><nd ref="11496743266" /><nd ref="254149411" /><nd ref="11496743267" /><tag k="oneway" v="no" /><tag k="highway" v="residential" /><tag k="name" v="Water Basin Street" /></way><way user="OSMnx" visible="true" uid="1" version="1" id="23468554" timestamp="2026-08-18T20:44:39Z" changeset="1"><nd ref="247436720" /><nd ref="603480712" /><nd ref="254149413" /><nd ref="254149612" /><nd ref="254149581" /><nd ref="254149394" /><nd ref="254149717" /><nd ref="254149426" /><nd ref="254149723" /><nd ref="254142013" /><nd ref="258916105" /><nd ref="254149414" /><nd ref="247438111" /><nd ref="258916451" /><nd ref="254149415" /><tag k="oneway" v="no" /><tag k="highway" v="residential" /><tag k="name" v="Anna Pillai Street" /></way><way user="OSMnx" visible="true" uid="1" version="1" id="23468557" timestamp="2026-08-18T20:44:39Z" changeset="1"><nd ref="258917025" /><nd ref="258916994" /><nd ref="2269513927" /><nd ref="256347029" /><nd ref="258917539" /><nd ref="256347030" /><tag k="oneway" v="no" /><tag k="highway" v="residential" /><tag k="name" v="Thatha Muthiappan Street 2" /></way><way user="OSMnx" visible="true" uid="1" version="1" id="23468565" timestamp="2026-08-18T20:44:39Z" changeset="1"><nd ref="254149414" /><nd ref="10933856327" /><nd ref="10933856322" /><nd ref="10933856323" /><nd ref="10933856324" /><nd ref="10933856325" /><nd ref="10933856326" /><nd ref="254141877" /><tag k="oneway" v="no" /><tag k="highway" v="living_street" /><tag k="name" v="Vinayaga Street" /></way><way user="OSMnx" visible="true" uid="1" version="1" id="23468568" timestamp="2026-08-18T20:44:39Z" changeset="1"><nd ref="254142001" /><nd ref="9913682375" /><nd ref="254149379" /><tag k="oneway" v="no" /><tag k="highway" v="residential" /><tag k="name" v="Tandavaraya Street" /></way><way user="OSMnx" visible="true" uid="1" version="1" id="23468569" timestamp="2026-08-18T20:44:39Z" changeset="1"><nd ref="254149426" /><nd ref="254149425" /><tag k="oneway" v="no" /><tag k="highway" v="living_street" /><tag k="name" v="Nalanna Street" /></way><way user="OSMnx" visible="true" uid="1" version="1" id="23468572" timestamp="2026-08-18T20:44:39Z" changeset="1"><nd ref="254149443" /><nd ref="11774804589" /><nd ref="254149444" /><nd ref="11655342286" /><tag k="oneway" v="no" /><tag k="highway" v="residential" /><tag k="name" v="Arunachala Street" /></way><way user="OSMnx" visible="true" uid="1" version="1" id="23468576" timestamp="2026-08-18T20:44:39Z" changeset="1"><nd ref="2271487880" /><nd ref="254149542" /><nd ref="603480737" /><nd ref="254149516" /><nd ref="254149614" /><nd ref="254149538" /><tag k="oneway" v="no" /><tag k="highway" v="residential" /><tag k="name" v="4th Lane" /></way><way user="OSMnx" visible="true" uid="1" version="1" id="23468577" timestamp="2026-08-18T20:44:39Z" changeset="1"><nd ref="2271487878" /><nd ref="603480739" /><nd ref="254149532" /><nd ref="254149605" /><nd ref="254149534" /><tag k="oneway" v="no" /><tag k="highway" v="residential" /><tag k="name" v="5th Lane" /></way><way user="OSMnx" visible="true" uid="1" version="1" id="23468582" timestamp="2026-08-18T20:44:39Z" changeset="1"><nd ref="254149580" /><nd ref="254149538" /><nd ref="254149534" /><nd ref="254149581" /><tag k="oneway" v="no" /><tag k="highway" v="residential" /><tag k="name" v="3rd Lane" /></way><way user="OSMnx" visible="true" uid="1" version="1" id="23468584" timestamp="2026-08-18T20:44:39Z" changeset="1"><nd ref="2271487877" /><nd ref="603480713" /><nd ref="254149603" /><nd ref="254149604" /><tag k="oneway" v="no" /><tag k="highway" v="residential" /><tag k="name" v="6th Lane" /></way><way user="OSMnx" visible="true" uid="1" version="1" id="23468585" timestamp="2026-08-18T20:44:39Z" changeset="1"><nd ref="254149605" /><nd ref="254149604" /><nd ref="254149612" /><tag k="oneway" v="no" /><tag k="highway" v="residential" /><tag k="name" v="2nd Lane" /></way><way user="OSMnx" visible="true" uid="1" version="1" id="23468602" timestamp="2026-08-18T20:44:39Z" changeset="1"><nd ref="254149717" /><nd ref="3671711890" /><nd ref="254149740" /><nd ref="3671711887" /><nd ref="3671711886" /><nd ref="258976036" /><tag k="oneway" v="no" /><tag k="highway" v="residential" /><tag k="name" v="Chandrappan Street" /></way><way user="OSMnx" visible="true" uid="1" version="1" id="23468603" timestamp="2026-08-18T20:44:39Z" changeset="1"><nd ref="254149723" /><nd ref="254149725" /><nd ref="3672798678" /><nd ref="3671711888" /><nd ref="603480716" /><tag k="oneway" v="no" /><tag k="highway" v="residential" /><tag k="name" v="Ayyah Street" /></way><way user="OSMnx" visible="true" uid="1" version="1" id="23499296" timestamp="2026-08-18T20:44:39Z" changeset="1"><nd ref="304918740" /><nd ref="30037239" /><nd ref="254491175" /><nd ref="12049256277" /><nd ref="384526144" /><nd ref="12049256270" /><nd ref="12049258285" /><nd ref="9189159100" /><nd ref="2177107371" /><nd ref="9189159102" /><nd ref="254491177" /><nd ref="11593745846" /><nd ref="369875180" /><nd ref="254491151" /><nd ref="254491178" /><nd ref="13793191381" /><nd ref="254491179" /><nd ref="9189159105" /><nd ref="2486873672" /><nd ref="254491182" /><nd ref="2177107374" /><nd ref="254491183" /><nd ref="11593757541" /><nd ref="11593737287" /><nd ref="11235849576" /><nd ref="13903632050" /><nd ref="254491184" /><tag k="oneway" v="no" /><tag k="highway" v="secondary" /><tag k="name" v="Ritherdon Road" /></way><way user="OSMnx" visible="true" uid="1" version="1" id="23499297" timestamp="2026-08-18T20:44:39Z" changeset="1"><nd ref="11043966078" /><nd ref="11043966066" /><nd ref="11043966067" /><nd ref="254491279" /><nd ref="254491159" /><tag k="oneway" v="yes" /><tag k="highway" v="tertiary" /><tag k="name" v="Vepery Church Road" /></way><way user="OSMnx" visible="true" uid="1" version="1" id="23499298" timestamp="2026-08-18T20:44:39Z" changeset="1"><nd ref="249075325" /><nd ref="333218962" /><nd ref="254491302" /><tag k="oneway" v="yes" /><tag k="highway" v="secondary_link" /></way><way user="OSMnx" visible="true" uid="1" version="1" id="23499970" timestamp="2026-08-18T20:44:39Z" changeset="1"><nd ref="5461093584" /><nd ref="10201011121" /><nd ref="10201011108" /><nd ref="10201011019" /><nd ref="320967297" /><nd ref="10201011107" /><nd ref="10201011106" /><nd ref="320967286" /><nd ref="10201035925" /><nd ref="10201035926" /><nd ref="10201035927" /><nd ref="10201035963" /><nd ref="10201035928" /><nd ref="10201035929" /><nd ref="10201036044" /><nd ref="10201035930" /><nd ref="9818700179" /><nd ref="10201036116" /><nd ref="9818700180" /><nd ref="10201035931" /><nd ref="303283553" /><nd ref="5461586538" /><nd ref="11039309366" /><nd ref="10255079056" /><nd ref="9572798764" /><nd ref="12419282611" /><nd ref="10255079063" /><nd ref="11039312050" /><nd ref="10255079050" /><nd ref="7680692821" /><tag k="ref" v="SHU86" /><tag k="oneway" v="yes" /><tag k="highway" v="primary" /><tag k="name" v="General Hospital Road" /></way><way user="OSMnx" visible="true" uid="1" version="1" id="23499972" timestamp="2026-08-18T20:44:39Z" changeset="1"><nd ref="254498037" /><nd ref="9187378817" /><nd ref="254498044" /><nd ref="11363763117" /><nd ref="11780149021" /><nd ref="254497384" /><nd ref="11721802787" /><nd ref="254498045" /><nd ref="11738947097" /><nd ref="254497394" /><nd ref="249075328" /><tag k="oneway" v="no" /><tag k="highway" v="tertiary" /><tag k="name" v="Avadhanam Papier Road" /></way><way user="OSMnx" visible="true" uid="1" version="1" id="23499974" timestamp="2026-08-18T20:44:39Z" changeset="1"><nd ref="254497407" /><nd ref="254497409" /><nd ref="10277860546" /><nd ref="14019532377" /><nd ref="344485928" /><nd ref="254497410" /><nd ref="344485924" /><nd ref="254497436" /><tag k="oneway" v="no" /><tag k="highway" v="tertiary" /><tag k="name" v="Baker Street" /></way><way user="OSMnx" visible="true" uid="1" version="1" id="23499976" timestamp="2026-08-18T20:44:39Z" changeset="1"><nd ref="254497449" /><nd ref="9187378784" /><nd ref="254497450" /><nd ref="254497452" /><nd ref="304918664" /><nd ref="2269919998" /><nd ref="610410435" /><nd ref="333204279" /><nd ref="11931401572" /><nd ref="610410462" /><nd ref="610410466" /><tag k="oneway" v="no" /><tag k="highway" v="tertiary" /><tag k="name" v="Naval Hospital Road" /></way><way user="OSMnx" visible="true" uid="1" version="1" id="23499978" timestamp="2026-08-18T20:44:39Z" changeset="1"><nd ref="254497450" /><nd ref="2269919997" /><nd ref="2269919996" /><nd ref="254497451" /><nd ref="254497662" /><nd ref="2269919999" /><nd ref="333204314" /><nd ref="333204305" /><nd ref="333204293" /><nd ref="2177107375" /><nd ref="333204285" /><nd ref="254497437" /><tag k="oneway" v="no" /><tag k="highway" v="residential" /><tag k="name" v="Barracks Road" /></way><way user="OSMnx" visible="true" uid="1" version="1" id="23499979" timestamp="2026-08-18T20:44:39Z" changeset="1"><nd ref="254497452" /><nd ref="254497485" /><nd ref="254497539" /><nd ref="333204238" /><nd ref="254497540" /><tag k="oneway" v="no" /><tag k="highway" v="residential" /><tag k="name" v="Mattukara Veerabadran Street" /></way><way user="OSMnx" visible="true" uid="1" version="1" id="23499980" timestamp="2026-08-18T20:44:39Z" changeset="1"><nd ref="333204244" /><nd ref="254497546" /><nd ref="254497618" /><tag k="oneway" v="no" /><tag k="highway" v="residential" /><tag k="name" v="Macfar Lane" /></way><way user="OSMnx" visible="true" uid="1" version="1" id="23499982" timestamp="2026-08-18T20:44:39Z" changeset="1"><nd ref="254497448" /><nd ref="254497563" /><nd ref="254497570" /><nd ref="254497576" /><tag k="oneway" v="no" /><tag k="highway" v="residential" /><tag k="name" v="Kumarappa Chetty Street" /></way><way user="OSMnx" visible="true" uid="1" version="1" id="23499983" timestamp="2026-08-18T20:44:39Z" changeset="1"><nd ref="254497582" /><nd ref="3600413621" /><nd ref="254497576" /><nd ref="254497588" /><tag k="oneway" v="no" /><tag k="highway" v="residential" /><tag k="name" v="Rama Pillai Street" /></way><way user="OSMnx" visible="true" uid="1" version="1" id="23499984" timestamp="2026-08-18T20:44:39Z" changeset="1"><nd ref="254497595" /><nd ref="254497596" /><nd ref="5362867019" /><nd ref="5362867016" /><nd ref="254497597" /><nd ref="254497593" /><nd ref="254497598" /><nd ref="254497606" /><nd ref="254497607" /><tag k="oneway" v="no" /><tag k="highway" v="residential" /></way><way user="OSMnx" visible="true" uid="1" version="1" id="23499986" timestamp="2026-08-18T20:44:39Z" changeset="1"><nd ref="254497607" /><nd ref="254497614" /><nd ref="254497615" /><nd ref="9187378778" /><nd ref="9187378780" /><nd ref="254497618" /><tag k="oneway" v="no" /><tag k="highway" v="residential" /></way><way user="OSMnx" visible="true" uid="1" version="1" id="23499988" timestamp="2026-08-18T20:44:39Z" changeset="1"><nd ref="254497485" /><nd ref="9187378783" /><nd ref="254497620" /><tag k="oneway" v="no" /><tag k="highway" v="living_street" /><tag k="name" v="Tiruvengeda Mudali Street" /></way><way user="OSMnx" visible="true" uid="1" version="1" id="23499989" timestamp="2026-08-18T20:44:39Z" changeset="1"><nd ref="254497539" /><nd ref="9187378781" /><nd ref="254497627" /><tag k="oneway" v="no" /><tag k="highway" v="residential" /><tag k="name" v="Cudappah Rangarachetti Street" /></way><way user="OSMnx" visible="true" uid="1" version="1" id="23499991" timestamp="2026-08-18T20:44:39Z" changeset="1"><nd ref="254497640" /><nd ref="254497657" /><nd ref="3724238183" /><nd ref="254497645" /><tag k="oneway" v="no" /><tag k="highway" v="residential" /><tag k="name" v="Muthu Gramani Street" /></way><way user="OSMnx" visible="true" uid="1" version="1" id="23499992" timestamp="2026-08-18T20:44:39Z" changeset="1"><nd ref="254497657" /><nd ref="254497596" /><nd ref="9187378785" /><nd ref="258915889" /><nd ref="254497639" /><nd ref="258902911" /><nd ref="254497658" /><tag k="oneway" v="no" /><tag k="highway" v="residential" /><tag k="name" v="Varasidhi Vinayakar Koil Street" /></way><way user="OSMnx" visible="true" uid="1" version="1" id="23499993" timestamp="2026-08-18T20:44:39Z" changeset="1"><nd ref="304918664" /><nd ref="254497662" /><tag k="oneway" v="no" /><tag k="highway" v="living_street" /><tag k="name" v="Naval Hospital 6th Street" /></way><way user="OSMnx" visible="true" uid="1" version="1" id="23499994" timestamp="2026-08-18T20:44:39Z" changeset="1"><nd ref="254491168" /><nd ref="254497672" /><nd ref="254497665" /><nd ref="2486635753" /><nd ref="2486635744" /><nd ref="254497671" /><nd ref="254497670" /><nd ref="254497669" /><nd ref="254497668" /><nd ref="11047802812" /><nd ref="11047802813" /><nd ref="5460627724" /><nd ref="254497667" /><nd ref="254497666" /><tag k="oneway" v="yes" /><tag k="highway" v="residential" /><tag k="name" v="Atkinson Road" /></way><way user="OSMnx" visible="true" uid="1" version="1" id="23499995" timestamp="2026-08-18T20:44:39Z" changeset="1"><nd ref="254497672" /><nd ref="11047802059" /><nd ref="2269920005" /><nd ref="254497687" /><tag k="oneway" v="no" /><tag k="highway" v="residential" /><tag k="name" v="Briethams Road" /></way><way user="OSMnx" visible="true" uid="1" version="1" id="23499997" timestamp="2026-08-18T20:44:39Z" changeset="1"><nd ref="254497396" /><nd ref="254497722" /><nd ref="11738947106" /><nd ref="254497721" /><nd ref="254497730" /><nd ref="11770642529" /><nd ref="254497731" /><nd ref="254497733" /><nd ref="2491497222" /><nd ref="11407760004" /><nd ref="610963192" /><nd ref="344485903" /><nd ref="11738947103" /><nd ref="254497739" /><nd ref="254497740" /><nd ref="610410408" /><nd ref="610410410" /><nd ref="11770642530" /><nd ref="11363608878" /><nd ref="254497744" /><tag k="oneway" v="no" /><tag k="highway" v="tertiary" /><tag k="name" v="V V koil Street 2" /></way><way user="OSMnx" visible="true" uid="1" version="1" id="23500001" timestamp="2026-08-18T20:44:39Z" changeset="1"><nd ref="11363763117" /><nd ref="11363763121" /><nd ref="11363763120" /><nd ref="11363763119" /><nd ref="11363763118" /><nd ref="254497791" /><nd ref="254497744" /><tag k="oneway" v="no" /><tag k="highway" v="residential" /><tag k="name" v="Subba Street" /></way><way user="OSMnx" visible="true" uid="1" version="1" id="23500007" timestamp="2026-08-18T20:44:39Z" changeset="1"><nd ref="254497224" /><nd ref="254497225" /><nd ref="9189159115" /><nd ref="10201877379" /><nd ref="254498027" /><nd ref="10201877388" /><nd ref="11058903225" /><nd ref="9189163019" /><nd ref="254497226" /><nd ref="9189163025" /><nd ref="254497227" /><nd ref="610410421" /><nd ref="254497228" /><nd ref="11721802852" /><nd ref="2172865446" /><nd ref="254497229" /><nd ref="254497230" /><tag k="oneway" v="no" /><tag k="lanes" v="2" /><tag k="highway" v="secondary" /><tag k="name" v="D'Mellows Salai" /></way><way user="OSMnx" visible="true" uid="1" version="1" id="23500009" timestamp="2026-08-18T20:44:39Z" changeset="1"><nd ref="254497837" /><nd ref="344492741" /><nd ref="254497991" /><nd ref="254498004" /><nd ref="344506120" /><nd ref="9910876572" /><nd ref="2491497260" /><nd ref="11593754163" /><nd ref="2270244763" /><nd ref="11593754165" /><nd ref="254498005" /><nd ref="2270244764" /><nd ref="11593745028" /><nd ref="254498008" /><nd ref="11721802856" /><nd ref="11721802857" /><nd ref="11721802855" /><nd ref="254498009" /><tag k="oneway" v="no" /><tag k="highway" v="residential" /><tag k="name" v="Kattur Nallamuthu Street" /></way><way user="OSMnx" visible="true" uid="1" version="1" id="23500012" timestamp="2026-08-18T20:44:39Z" changeset="1"><nd ref="254497222" /><nd ref="254498015" /><nd ref="13418025228" /><nd ref="254498016" /><nd ref="254498025" /><nd ref="254498017" /><nd ref="344485900" /><nd ref="254498013" /><nd ref="344506132" /><nd ref="254498018" /><nd ref="344492739" /><tag k="oneway" v="no" /><tag k="highway" v="residential" /><tag k="name" v="Chitoor Naick Street" /></way><way user="OSMnx" visible="true" uid="1" version="1" id="23500013" timestamp="2026-08-18T20:44:39Z" changeset="1"><nd ref="254497731" /><nd ref="254498024" /><nd ref="254498025" /><nd ref="254498026" /><nd ref="254497226" /><tag k="oneway" v="no" /><tag k="highway" v="residential" /><tag k="name" v="Thottikarai Kumarappa Mudali Street" /></way><way user="OSMnx" visible="true" uid="1" version="1" id="23500014" timestamp="2026-08-18T20:44:39Z" changeset="1"><nd ref="254498027" /><nd ref="254498028" /><nd ref="254498029" /><nd ref="254498026" /><nd ref="254498032" /><nd ref="344485899" /><nd ref="254498011" /><tag k="oneway" v="no" /><tag k="highway" v="residential" /><tag k="name" v="Avadi Srinivasa Street" /></way><way user="OSMnx" visible="true" uid="1" version="1" id="23500015" timestamp="2026-08-18T20:44:39Z" changeset="1"><nd ref="254498029" /><nd ref="254498016" /><nd ref="610410563" /><nd ref="2491497231" /><nd ref="254498030" /><tag k="oneway" v="no" /><tag k="highway" v="residential" /><tag k="name" v="Periyathambi Mudali Street" /></way><way user="OSMnx" visible="true" uid="1" version="1" id="23500019" timestamp="2026-08-18T20:44:39Z" changeset="1"><nd ref="254497757" /><nd ref="344485933" /><nd ref="254498039" /><nd ref="254498050" /><nd ref="254498038" /><nd ref="254498037" /><tag k="oneway" v="yes" /><tag k="highway" v="tertiary" /><tag k="name" v="Rangiah Street" /></way><way user="OSMnx" visible="true" uid="1" version="1" id="23500020" timestamp="2026-08-18T20:44:39Z" changeset="1"><nd ref="254491188" /><nd ref="10610334493" /><nd ref="254498039" /><nd ref="11721802781" /><nd ref="254498040" /><tag k="oneway" v="no" /><tag k="highway" v="residential" /><tag k="name" v="Manickam Street" /></way><way user="OSMnx" visible="true" uid="1" version="1" id="23500021" timestamp="2026-08-18T20:44:39Z" changeset="1"><nd ref="254497755" /><nd ref="344492574" /><nd ref="254498040" /><nd ref="11721802780" /><nd ref="254498043" /><nd ref="254498049" /><nd ref="254498048" /><nd ref="254498044" /><tag k="oneway" v="no" /><tag k="highway" v="residential" /><tag k="name" v="Avadana Papier 1st Lane" /></way><way user="OSMnx" visible="true" uid="1" version="1" id="23500032" timestamp="2026-08-18T20:44:39Z" changeset="1"><nd ref="2270255351" /><nd ref="11934705300" /><nd ref="254498114" /><nd ref="610963141" /><tag k="oneway" v="no" /><tag k="highway" v="residential" /><tag k="name" v="Karappa Mudali Street" /></way><way user="OSMnx" visible="true" uid="1" version="1" id="23500040" timestamp="2026-08-18T20:44:39Z" changeset="1"><nd ref="254498150" /><nd ref="254498157" /><nd ref="254498163" /><tag k="oneway" v="no" /><tag k="highway" v="residential" /><tag k="name" v="Valluvar Street" /></way><way user="OSMnx" visible="true" uid="1" version="1" id="23500047" timestamp="2026-08-18T20:44:39Z" changeset="1"><nd ref="254498194" /><nd ref="254498196" /><nd ref="2270255351" /><nd ref="610900254" /><nd ref="333218864" /><tag k="oneway" v="no" /><tag k="highway" v="residential" /><tag k="name" v="Rottler's Lane" /></way><way user="OSMnx" visible="true" uid="1" version="1" id="23500048" timestamp="2026-08-18T20:44:39Z" changeset="1"><nd ref="254498196" /><nd ref="610900264" /><nd ref="610900256" /><nd ref="610900258" /><nd ref="610900288" /><nd ref="610900293" /><nd ref="254498197" /><nd ref="610900283" /><nd ref="254498198" /><nd ref="254498200" /><tag k="oneway" v="no" /><tag k="highway" v="residential" /><tag k="name" v="Kalathiyappan Street" /></way><way user="OSMnx" visible="true" uid="1" version="1" id="23802576" timestamp="2026-08-18T20:44:39Z" changeset="1"><nd ref="12706519220" /><nd ref="12706519219" /><nd ref="12706519221" /><nd ref="13337811008" /><nd ref="13337811010" /><nd ref="13337811009" /><nd ref="13337811021" /><nd ref="254497221" /><nd ref="254497220" /><nd ref="610410569" /><nd ref="2485567682" /><tag k="oneway" v="yes" /><tag k="highway" v="secondary" /><tag k="name" v="Elephant Gate Bridge Road" /></way><way user="OSMnx" visible="true" uid="1" version="1" id="23885063" timestamp="2026-08-18T20:44:39Z" changeset="1"><nd ref="258890799" /><nd ref="9295344548" /><nd ref="9295345286" /><nd ref="9295345284" /><nd ref="9295345283" /><nd ref="600643484" /><nd ref="258890883" /><nd ref="9295362839" /><nd ref="8444938243" /><nd ref="9295362840" /><nd ref="9295362837" /><nd ref="258890941" /><nd ref="11932515259" /><nd ref="9295362838" /><nd ref="258890800" /><tag k="oneway" v="no" /><tag k="highway" v="residential" /><tag k="name" v="Ponappa Street" /></way><way user="OSMnx" visible="true" uid="1" version="1" id="23885064" timestamp="2026-08-18T20:44:39Z" changeset="1"><nd ref="258890801" /><nd ref="3671342251" /><nd ref="3671342250" /><nd ref="258890802" /><nd ref="11932515263" /><tag k="oneway" v="no" /><tag k="highway" v="living_street" /><tag k="name" v="Naniappa Street" /></way><way user="OSMnx" visible="true" uid="1" version="1" id="23885065" timestamp="2026-08-18T20:44:39Z" changeset="1"><nd ref="258890805" /><nd ref="258890806" /><tag k="oneway" v="no" /><tag k="highway" v="living_street" /><tag k="name" v="Arraik Godown Street" /></way><way user="OSMnx" visible="true" uid="1" version="1" id="23885066" timestamp="2026-08-18T20:44:39Z" changeset="1"><nd ref="258890808" /><nd ref="258890809" /><nd ref="258890877" /><nd ref="258890803" /><tag k="oneway" v="no" /><tag k="highway" v="residential" /><tag k="name" v="Kolanda Street" /></way><way user="OSMnx" visible="true" uid="1" version="1" id="23885067" timestamp="2026-08-18T20:44:39Z" changeset="1"><nd ref="258890810" /><nd ref="258890815" /><nd ref="258890811" /><nd ref="3671342248" /><tag k="oneway" v="no" /><tag k="highway" v="living_street" /><tag k="name" v="Anthony Street" /></way><way user="OSMnx" visible="true" uid="1" version="1" id="23885068" timestamp="2026-08-18T20:44:39Z" changeset="1"><nd ref="258890813" /><nd ref="258890812" /><nd ref="3671342248" /><tag k="oneway" v="no" /><tag k="highway" v="living_street" /><tag k="name" v="Pereira Street" /></way><way user="OSMnx" visible="true" uid="1" version="1" id="23885070" timestamp="2026-08-18T20:44:39Z" changeset="1"><nd ref="258890816" /><nd ref="258890818" /><nd ref="258890817" /><tag k="oneway" v="no" /><tag k="highway" v="living_street" /><tag k="name" v="Venga Street" /></way><way user="OSMnx" visible="true" uid="1" version="1" id="23885071" timestamp="2026-08-18T20:44:39Z" changeset="1"><nd ref="258890818" /><nd ref="600643473" /><nd ref="258890819" /><tag k="oneway" v="no" /><tag k="highway" v="living_street" /></way><way user="OSMnx" visible="true" uid="1" version="1" id="23885073" timestamp="2026-08-18T20:44:39Z" changeset="1"><nd ref="247439423" /><nd ref="600643491" /><nd ref="258890825" /><nd ref="310505821" /><tag k="oneway" v="no" /><tag k="highway" v="living_street" /><tag k="name" v="Peddu Street" /></way><way user="OSMnx" visible="true" uid="1" version="1" id="23885074" timestamp="2026-08-18T20:44:39Z" changeset="1"><nd ref="258890829" /><nd ref="310506634" /><nd ref="258891045" /><nd ref="258891067" /><nd ref="10772497877" /><nd ref="247435874" /><nd ref="310505903" /><nd ref="258890825" /><nd ref="600643481" /><nd ref="600643477" /><nd ref="258890827" /><tag k="oneway" v="yes" /><tag k="highway" v="residential" /><tag k="name" v="Nyniappa Naicken Street" /></way><way user="OSMnx" visible="true" uid="1" version="1" id="23885075" timestamp="2026-08-18T20:44:39Z" changeset="1"><nd ref="258890831" /><nd ref="258890848" /><nd ref="258890869" /><nd ref="2271478159" /><tag k="oneway" v="no" /><tag k="highway" v="residential" /><tag k="name" v="Mannady Street" /></way><way user="OSMnx" visible="true" uid="1" version="1" id="23885076" timestamp="2026-08-18T20:44:39Z" changeset="1"><nd ref="2271478271" /><nd ref="258890834" /><tag k="oneway" v="no" /><tag k="highway" v="residential" /><tag k="name" v="Bommu Street" /></way><way user="OSMnx" visible="true" uid="1" version="1" id="23885077" timestamp="2026-08-18T20:44:39Z" changeset="1"><nd ref="258890844" /><nd ref="258890848" /><tag k="oneway" v="no" /><tag k="highway" v="residential" /><tag k="name" v="Kalappa Street" /></way><way user="OSMnx" visible="true" uid="1" version="1" id="23885078" timestamp="2026-08-18T20:44:39Z" changeset="1"><nd ref="258890861" /><nd ref="2271478300" /><tag k="oneway" v="no" /><tag k="highway" v="residential" /><tag k="name" v="Subbu Street" /></way><way user="OSMnx" visible="true" uid="1" version="1" id="23885079" timestamp="2026-08-18T20:44:39Z" changeset="1"><nd ref="258890869" /><nd ref="258890807" /><nd ref="10742983794" /><nd ref="258890873" /><nd ref="310506630" /><tag k="oneway" v="no" /><tag k="highway" v="residential" /><tag k="name" v="Jessan Street" /></way><way user="OSMnx" visible="true" uid="1" version="1" id="23885080" timestamp="2026-08-18T20:44:39Z" changeset="1"><nd ref="258890883" /><nd ref="258890936" /><nd ref="258890931" /><nd ref="258890894" /><tag k="oneway" v="no" /><tag k="highway" v="residential" /><tag k="name" v="Sivaram Street" /></way><way user="OSMnx" visible="true" uid="1" version="1" id="23885082" timestamp="2026-08-18T20:44:39Z" changeset="1"><nd ref="258890907" /><nd ref="258890914" /><nd ref="258890920" /><nd ref="258890922" /><tag k="oneway" v="no" /><tag k="highway" v="residential" /><tag k="name" v="Hanumantharayar Koil Street" /></way><way user="OSMnx" visible="true" uid="1" version="1" id="23885085" timestamp="2026-08-18T20:44:39Z" changeset="1"><nd ref="258890931" /><nd ref="3681672607" /><nd ref="258890934" /><nd ref="11420189371" /><nd ref="11420189370" /><tag k="oneway" v="no" /><tag k="highway" v="residential" /><tag k="name" v="Amman Koil Street" /></way><way user="OSMnx" visible="true" uid="1" version="1" id="23885086" timestamp="2026-08-18T20:44:39Z" changeset="1"><nd ref="258890936" /><nd ref="258890940" /><tag k="oneway" v="no" /><tag k="highway" v="residential" /><tag k="name" v="Ravanai Street" /></way><way user="OSMnx" visible="true" uid="1" version="1" id="23885087" timestamp="2026-08-18T20:44:39Z" changeset="1"><nd ref="258890939" /><nd ref="258890940" /><nd ref="258890941" /><tag k="oneway" v="no" /><tag k="highway" v="residential" /><tag k="name" v="Kesava Street" /></way><way user="OSMnx" visible="true" uid="1" version="1" id="23885090" timestamp="2026-08-18T20:44:39Z" changeset="1"><nd ref="258890943" /><nd ref="258890939" /><nd ref="258890975" /><tag k="oneway" v="no" /><tag k="highway" v="residential" /><tag k="name" v="Ekambareswara Agraharam Street" /></way><way user="OSMnx" visible="true" uid="1" version="1" id="23885092" timestamp="2026-08-18T20:44:39Z" changeset="1"><nd ref="258891042" /><nd ref="258891043" /><tag k="oneway" v="no" /><tag k="highway" v="residential" /><tag k="name" v="SM Street" /></way><way user="OSMnx" visible="true" uid="1" version="1" id="23885093" timestamp="2026-08-18T20:44:39Z" changeset="1"><nd ref="258891044" /><nd ref="258891085" /><nd ref="258891045" /><tag k="oneway" v="no" /><tag k="highway" v="residential" /><tag k="name" v="Akkon Das Street" /></way><way user="OSMnx" visible="true" uid="1" version="1" id="23885094" timestamp="2026-08-18T20:44:39Z" changeset="1"><nd ref="258891046" /><nd ref="10796592631" /><nd ref="258891075" /><nd ref="9913682350" /><nd ref="258891093" /><nd ref="258891050" /><nd ref="310505817" /><tag k="oneway" v="no" /><tag k="highway" v="residential" /><tag k="name" v="Devaraju Mudali Street" /></way><way user="OSMnx" visible="true" uid="1" version="1" id="23885095" timestamp="2026-08-18T20:44:39Z" changeset="1"><nd ref="258891067" /><nd ref="258891076" /><nd ref="258891075" /><tag k="oneway" v="no" /><tag k="highway" v="residential" /><tag k="name" v="Ayya Pillai Street" /></way><way user="OSMnx" visible="true" uid="1" version="1" id="23885096" timestamp="2026-08-18T20:44:39Z" changeset="1"><nd ref="258891076" /><nd ref="10796560901" /><nd ref="10796560900" /><nd ref="258891077" /><nd ref="10796560899" /><nd ref="10796560902" /><nd ref="258891078" /><tag k="oneway" v="no" /><tag k="highway" v="residential" /><tag k="name" v="Venkatachala Mudali Street" /></way><way user="OSMnx" visible="true" uid="1" version="1" id="23885098" timestamp="2026-08-18T20:44:39Z" changeset="1"><nd ref="258891085" /><nd ref="10772529938" /><nd ref="258891084" /><tag k="oneway" v="no" /><tag k="highway" v="residential" /><tag k="name" v="Raghunayakulu Street" /></way><way user="OSMnx" visible="true" uid="1" version="1" id="23885100" timestamp="2026-08-18T20:44:39Z" changeset="1"><nd ref="303284253" /><nd ref="10918138010" /><nd ref="10918138011" /><nd ref="10918138012" /><nd ref="247437536" /><nd ref="10918138015" /><nd ref="10918138013" /><nd ref="10918138014" /><nd ref="259183474" /><nd ref="10918138016" /><nd ref="10918138017" /><nd ref="303284272" /><nd ref="247437535" /><nd ref="10918138018" /><nd ref="10918138019" /><nd ref="10918138020" /><nd ref="10918138021" /><nd ref="247437534" /><nd ref="309061499" /><nd ref="10918138022" /><nd ref="247437533" /><nd ref="309061485" /><nd ref="247437532" /><nd ref="10918138025" /><nd ref="10918138023" /><nd ref="10918138024" /><nd ref="2241833558" /><nd ref="10918138027" /><nd ref="10918138028" /><nd ref="10918138029" /><nd ref="10918138030" /><nd ref="10918138031" /><nd ref="10918138032" /><nd ref="10918138033" /><nd ref="10918138026" /><tag k="oneway" v="yes" /><tag k="bridge" v="yes" /><tag k="highway" v="secondary" /><tag k="name" v="Stanley Viaduct" /></way><way user="OSMnx" visible="true" uid="1" version="1" id="23885104" timestamp="2026-08-18T20:44:39Z" changeset="1"><nd ref="303283553" /><nd ref="11039573879" /><nd ref="5461586118" /><nd ref="5461586526" /><nd ref="5461586524" /><tag k="oneway" v="no" /><tag k="highway" v="tertiary" /></way><way user="OSMnx" visible="true" uid="1" version="1" id="23887916" timestamp="2026-08-18T20:44:39Z" changeset="1"><nd ref="254497597" /><nd ref="9187378786" /><nd ref="258902886" /><tag k="oneway" v="no" /><tag k="highway" v="residential" /></way><way user="OSMnx" visible="true" uid="1" version="1" id="23887920" timestamp="2026-08-18T20:44:39Z" changeset="1"><nd ref="258902886" /><nd ref="254497594" /><nd ref="2269919994" /><nd ref="258902887" /><nd ref="258902905" /><nd ref="254497630" /><tag k="oneway" v="no" /><tag k="highway" v="residential" /><tag k="name" v="Thoppai Pillai Street" /></way><way user="OSMnx" visible="true" uid="1" version="1" id="23887922" timestamp="2026-08-18T20:44:39Z" changeset="1"><nd ref="258902911" /><nd ref="258902912" /><tag k="oneway" v="no" /><tag k="highway" v="living_street" /></way><way user="OSMnx" visible="true" uid="1" version="1" id="23887925" timestamp="2026-08-18T20:44:39Z" changeset="1"><nd ref="254497570" /><nd ref="258902915" /><tag k="oneway" v="no" /><tag k="highway" v="residential" /><tag k="name" v="Nabikhan Street" /></way><way user="OSMnx" visible="true" uid="1" version="1" id="23887928" timestamp="2026-08-18T20:44:39Z" changeset="1"><nd ref="258915883" /><nd ref="258915878" /><nd ref="258915889" /><tag k="oneway" v="no" /><tag k="highway" v="residential" /><tag k="name" v="Selvam Street" /></way><way user="OSMnx" visible="true" uid="1" version="1" id="23887932" timestamp="2026-08-18T20:44:39Z" changeset="1"><nd ref="258916563" /><nd ref="258916558" /><nd ref="10936848891" /><nd ref="10936848890" /><nd ref="10936848889" /><nd ref="10936848888" /><nd ref="258916554" /><nd ref="258916549" /><nd ref="10936848887" /><nd ref="10936848886" /><nd ref="10936848885" /><nd ref="258916542" /><nd ref="10936848866" /><nd ref="10936848867" /><nd ref="10936848868" /><nd ref="10936848869" /><nd ref="10936848871" /><nd ref="10936848870" /><nd ref="258916496" /><tag k="oneway" v="no" /><tag k="highway" v="tertiary" /><tag k="name" v="Audiappa Naicken Street" /></way><way user="OSMnx" visible="true" uid="1" version="1" id="23887933" timestamp="2026-08-18T20:44:39Z" changeset="1"><nd ref="258915968" /><nd ref="258915973" /><nd ref="258915978" /><nd ref="3671773268" /><nd ref="258915983" /><nd ref="11655555224" /><nd ref="11655555225" /><nd ref="258915988" /><nd ref="247435685" /><tag k="oneway" v="no" /><tag k="highway" v="residential" /><tag k="name" v="Kalathi Naickeni Street" /></way><way user="OSMnx" visible="true" uid="1" version="1" id="23887936" timestamp="2026-08-18T20:44:39Z" changeset="1"><nd ref="258890914" /><nd ref="258915997" /><tag k="oneway" v="no" /><tag k="highway" v="living_street" /><tag k="name" v="Thulasingam Street" /></way><way user="OSMnx" visible="true" uid="1" version="1" id="23887937" timestamp="2026-08-18T20:44:39Z" changeset="1"><nd ref="3496205378" /><nd ref="3496205377" /><tag k="oneway" v="no" /><tag k="highway" v="living_street" /></way><way user="OSMnx" visible="true" uid="1" version="1" id="23887943" timestamp="2026-08-18T20:44:39Z" changeset="1"><nd ref="3496205379" /><nd ref="3496205380" /><tag k="oneway" v="no" /><tag k="highway" v="living_street" /><tag k="name" v="Chinna Naicken Street" /></way><way user="OSMnx" visible="true" uid="1" version="1" id="23887948" timestamp="2026-08-18T20:44:39Z" changeset="1"><nd ref="258916110" /><nd ref="258916115" /><tag k="oneway" v="no" /><tag k="highway" v="residential" /><tag k="name" v="Vinayaka Street" /></way><way user="OSMnx" visible="true" uid="1" version="1" id="23887950" timestamp="2026-08-18T20:44:39Z" changeset="1"><nd ref="258915917" /><nd ref="11655575128" /><nd ref="258916132" /><tag k="oneway" v="no" /><tag k="highway" v="residential" /><tag k="name" v="Ramanuja Street" /></way><way user="OSMnx" visible="true" uid="1" version="1" id="23887951" timestamp="2026-08-18T20:44:39Z" changeset="1"><nd ref="258916137" /><nd ref="3671773275" /><nd ref="258915901" /><nd ref="3671773266" /><nd ref="258916152" /><nd ref="258916142" /><nd ref="258916147" /><tag k="oneway" v="no" /><tag k="highway" v="residential" /><tag k="name" v="Erulappan Street" /></way><way user="OSMnx" visible="true" uid="1" version="1" id="23887954" timestamp="2026-08-18T20:44:39Z" changeset="1"><nd ref="258916170" /><nd ref="3681672619" /><nd ref="3496934150" /><nd ref="3671342254" /><nd ref="3496934152" /><tag k="oneway" v="no" /><tag k="highway" v="residential" /><tag k="name" v="Mangappan Street" /></way><way user="OSMnx" visible="true" uid="1" version="1" id="23887957" timestamp="2026-08-18T20:44:39Z" changeset="1"><nd ref="258916257" /><nd ref="258916263" /><nd ref="258916269" /><tag k="oneway" v="no" /><tag k="highway" v="residential" /><tag k="name" v="Kondappa Street" /></way><way user="OSMnx" visible="true" uid="1" version="1" id="23887958" timestamp="2026-08-18T20:44:39Z" changeset="1"><nd ref="258915933" /><nd ref="258915897" /><nd ref="258916276" /><tag k="oneway" v="no" /><tag k="highway" v="residential" /><tag k="name" v="Murugappan Street" /></way><way user="OSMnx" visible="true" uid="1" version="1" id="23887961" timestamp="2026-08-18T20:44:39Z" changeset="1"><nd ref="258916298" /><nd ref="258916304" /><nd ref="258916313" /><tag k="oneway" v="no" /><tag k="highway" v="living_street" /><tag k="name" v="Venkatarayan Lane" /></way><way user="OSMnx" visible="true" uid="1" version="1" id="23887962" timestamp="2026-08-18T20:44:39Z" changeset="1"><nd ref="258916320" /><nd ref="258916313" /><nd ref="258915992" /><nd ref="310506631" /><tag k="oneway" v="no" /><tag k="highway" v="residential" /><tag k="name" v="Venkatarayan Street" /></way><way user="OSMnx" visible="true" uid="1" version="1" id="23887963" timestamp="2026-08-18T20:44:39Z" changeset="1"><nd ref="2271478390" /><nd ref="258916382" /><nd ref="258916433" /><tag k="oneway" v="no" /><tag k="highway" v="living_street" /><tag k="name" v="Yella Kandappan Street" /></way><way user="OSMnx" visible="true" uid="1" version="1" id="23887964" timestamp="2026-08-18T20:44:39Z" changeset="1"><nd ref="258916398" /><nd ref="258890922" /><tag k="oneway" v="no" /><tag k="highway" v="living_street" /></way><way user="OSMnx" visible="true" uid="1" version="1" id="23887965" timestamp="2026-08-18T20:44:39Z" changeset="1"><nd ref="258916373" /><nd ref="11419972983" /><nd ref="11419972984" /><nd ref="11419972986" /><nd ref="11419972985" /><nd ref="11419972987" /><nd ref="258916366" /><tag k="oneway" v="no" /><tag k="highway" v="residential" /><tag k="name" v="Ponappan Lane" /></way><way user="OSMnx" visible="true" uid="1" version="1" id="23887969" timestamp="2026-08-18T20:44:39Z" changeset="1"><nd ref="258916456" /><nd ref="10973661155" /><nd ref="3681672622" /><nd ref="9913682371" /><nd ref="3672798657" /><nd ref="3672798656" /><nd ref="3672798655" /><nd ref="258916461" /><nd ref="3671773255" /><nd ref="3681672609" /><nd ref="3671773248" /><nd ref="258916486" /><tag k="oneway" v="no" /><tag k="highway" v="living_street" /><tag k="name" v="Perumal Mudaly Street 1" /></way><way user="OSMnx" visible="true" uid="1" version="1" id="23887972" timestamp="2026-08-18T20:44:39Z" changeset="1"><nd ref="2271478118" /><nd ref="11420066457" /><nd ref="310506630" /><nd ref="258890803" /><nd ref="5289829983" /><nd ref="5289829984" /><nd ref="5289829982" /><tag k="oneway" v="yes" /><tag k="highway" v="residential" /><tag k="name" v="Stringer Street" /></way><way user="OSMnx" visible="true" uid="1" version="1" id="23887974" timestamp="2026-08-18T20:44:39Z" changeset="1"><nd ref="258915942" /><nd ref="600643488" /><nd ref="258915938" /><tag k="oneway" v="yes" /><tag k="highway" v="tertiary" /></way><way user="OSMnx" visible="true" uid="1" version="1" id="23887975" timestamp="2026-08-18T20:44:39Z" changeset="1"><nd ref="254149422" /><nd ref="254149750" /><nd ref="258917683" /><tag k="oneway" v="no" /><tag k="highway" v="residential" /><tag k="name" v="Narayana Mudali Street 3" /></way><way user="OSMnx" visible="true" uid="1" version="1" id="23887983" timestamp="2026-08-18T20:44:39Z" changeset="1"><nd ref="258916542" /><nd ref="258916702" /><nd ref="10794998597" /><nd ref="10794998596" /><nd ref="258916699" /><nd ref="10794998595" /><nd ref="10794998594" /><nd ref="258916694" /><tag k="oneway" v="yes" /><tag k="highway" v="residential" /><tag k="name" v="Godown Street" /></way><way user="OSMnx" visible="true" uid="1" version="1" id="23887989" timestamp="2026-08-18T20:44:39Z" changeset="1"><nd ref="3672805765" /><nd ref="9913682372" /><tag k="oneway" v="no" /><tag k="highway" v="residential" /><tag k="name" v="Arumugam Street" /></way><way user="OSMnx" visible="true" uid="1" version="1" id="23887990" timestamp="2026-08-18T20:44:39Z" changeset="1"><nd ref="10946110256" /><nd ref="258916784" /><tag k="oneway" v="no" /><tag k="highway" v="residential" /><tag k="name" v="Ramakrishna Street" /></way><way user="OSMnx" visible="true" uid="1" version="1" id="23887991" timestamp="2026-08-18T20:44:39Z" changeset="1"><nd ref="258916792" /><nd ref="3672798681" /><nd ref="10945919487" /><nd ref="258916800" /><tag k="oneway" v="no" /><tag k="highway" v="residential" /></way><way user="OSMnx" visible="true" uid="1" version="1" id="23887992" timestamp="2026-08-18T20:44:39Z" changeset="1"><nd ref="258916554" /><nd ref="12027982204" /><nd ref="12027982206" /><nd ref="12027982205" /><nd ref="258916833" /><nd ref="2486218918" /><nd ref="10933187078" /><nd ref="258916844" /><nd ref="10933187064" /><nd ref="258916849" /><nd ref="256347029" /><nd ref="5939143271" /><nd ref="3672805764" /><tag k="oneway" v="no" /><tag k="highway" v="residential" /><tag k="name" v="Acharappan Street" /></way><way user="OSMnx" visible="true" uid="1" version="1" id="23887997" timestamp="2026-08-18T20:44:39Z" changeset="1"><nd ref="3672805766" /><nd ref="258916989" /><nd ref="10943525774" /><nd ref="3672805761" /><nd ref="258916994" /><tag k="oneway" v="no" /><tag k="highway" v="living_street" /><tag k="name" v="Buddi Street" /></way><way user="OSMnx" visible="true" uid="1" version="1" id="23887999" timestamp="2026-08-18T20:44:39Z" changeset="1"><nd ref="3672805760" /><nd ref="258917025" /><tag k="oneway" v="no" /><tag k="highway" v="living_street" /></way><way user="OSMnx" visible="true" uid="1" version="1" id="23888006" timestamp="2026-08-18T20:44:39Z" changeset="1"><nd ref="258917086" /><nd ref="3671773274" /><nd ref="3671773270" /><nd ref="3671773265" /><nd ref="258917103" /><tag k="oneway" v="no" /><tag k="highway" v="living_street" /><tag k="name" v="Reddy Raman Street" /></way><way user="OSMnx" visible="true" uid="1" version="1" id="23888008" timestamp="2026-08-18T20:44:39Z" changeset="1"><nd ref="258917201" /><nd ref="10772841149" /><nd ref="10795032221" /><nd ref="258917132" /><nd ref="10795032220" /><nd ref="10795032219" /><nd ref="10795032218" /><nd ref="10795032217" /><nd ref="258917137" /><nd ref="258917142" /><tag k="oneway" v="no" /><tag k="highway" v="living_street" /><tag k="name" v="Uthandi Street" /></way><way user="OSMnx" visible="true" uid="1" version="1" id="23888009" timestamp="2026-08-18T20:44:39Z" changeset="1"><nd ref="258917187" /><nd ref="10794998601" /><nd ref="10772841041" /><nd ref="3671773249" /><nd ref="10794998600" /><nd ref="3671773257" /><nd ref="3671773259" /><nd ref="10794998599" /><nd ref="10794998598" /><nd ref="258917201" /><tag k="oneway" v="no" /><tag k="highway" v="residential" /><tag k="name" v="Guruvappan Street" /></way><way user="OSMnx" visible="true" uid="1" version="1" id="23888012" timestamp="2026-08-18T20:44:39Z" changeset="1"><nd ref="258916563" /><nd ref="10795032216" /><nd ref="258917242" /><nd ref="9989843699" /><nd ref="9989891430" /><nd ref="3671773253" /><nd ref="9989891462" /><nd ref="600643518" /><nd ref="10758209874" /><nd ref="310505808" /><tag k="oneway" v="no" /><tag k="highway" v="residential" /><tag k="name" v="Anderson Street" /></way><way user="OSMnx" visible="true" uid="1" version="1" id="23888035" timestamp="2026-08-18T20:44:39Z" changeset="1"><nd ref="258916823" /><nd ref="10945734019" /><nd ref="10945734020" /><nd ref="258917544" /><tag k="oneway" v="no" /><tag k="highway" v="living_street" /><tag k="name" v="Kumarappa Maistry Street" /></way><way user="OSMnx" visible="true" uid="1" version="1" id="23888036" timestamp="2026-08-18T20:44:39Z" changeset="1"><nd ref="258917550" /><nd ref="3672798663" /><nd ref="3672798664" /><nd ref="3672798671" /><nd ref="254149417" /><tag k="oneway" v="no" /><tag k="highway" v="living_street" /><tag k="name" v="Chinna Thambi Mudali Street" /></way><way user="OSMnx" visible="true" uid="1" version="1" id="23888041" timestamp="2026-08-18T20:44:39Z" changeset="1"><nd ref="254149750" /><nd ref="258917819" /><tag k="oneway" v="no" /><tag k="highway" v="living_street" /><tag k="name" v="Somasundara Mudali Street" /></way><way user="OSMnx" visible="true" uid="1" version="1" id="23888054" timestamp="2026-08-18T20:44:39Z" changeset="1"><nd ref="258917819" /><nd ref="3672805767" /><tag k="oneway" v="no" /><tag k="highway" v="residential" /><tag k="name" v="Karuppan Street" /></way><way user="OSMnx" visible="true" uid="1" version="1" id="23892261" timestamp="2026-08-18T20:44:39Z" changeset="1"><nd ref="258969899" /><nd ref="258969905" /><nd ref="11420120719" /><nd ref="11420120718" /><nd ref="258969906" /><nd ref="2214510196" /><tag k="oneway" v="no" /><tag k="highway" v="residential" /></way><way user="OSMnx" visible="true" uid="1" version="1" id="23892262" timestamp="2026-08-18T20:44:39Z" changeset="1"><nd ref="11292812957" /><nd ref="11292812952" /><nd ref="7153909003" /><nd ref="12110085168" /><nd ref="11292812958" /><nd ref="9926980747" /><nd ref="12706519220" /><tag k="oneway" v="yes" /><tag k="highway" v="secondary" /><tag k="name" v="Basin Bridge Road" /></way><way user="OSMnx" visible="true" uid="1" version="1" id="23892841" timestamp="2026-08-18T20:44:39Z" changeset="1"><nd ref="258976003" /><nd ref="258976010" /><nd ref="2271489066" /><tag k="oneway" v="no" /><tag k="highway" v="residential" /><tag k="name" v="wood warf road" /></way><way user="OSMnx" visible="true" uid="1" version="1" id="23892842" timestamp="2026-08-18T20:44:39Z" changeset="1"><nd ref="258976010" /><nd ref="258976028" /><nd ref="2271478467" /><tag k="oneway" v="no" /><tag k="highway" v="living_street" /></way><way user="OSMnx" visible="true" uid="1" version="1" id="23892858" timestamp="2026-08-18T20:44:39Z" changeset="1"><nd ref="254149403" /><nd ref="10139566148" /><nd ref="2269846630" /><nd ref="258915959" /><nd ref="600643490" /><nd ref="258915963" /><tag k="oneway" v="no" /><tag k="highway" v="residential" /><tag k="name" v="Audiappa Street" /></way><way user="OSMnx" visible="true" uid="1" version="1" id="23892859" timestamp="2026-08-18T20:44:39Z" changeset="1"><nd ref="254149403" /><nd ref="10139581952" /><nd ref="258915968" /><nd ref="10139581953" /><nd ref="10139581954" /><nd ref="3496934152" /><nd ref="10139581957" /><nd ref="10139581958" /><nd ref="10139581959" /><nd ref="10139581960" /><nd ref="258916257" /><nd ref="10139581956" /><nd ref="10139581955" /><nd ref="600643489" /><nd ref="258915933" /><nd ref="258915942" /><nd ref="10120269399" /><nd ref="10120269400" /><nd ref="258915947" /><nd ref="2271487875" /><tag k="oneway" v="yes" /><tag k="highway" v="tertiary" /><tag k="name" v="Ramanan Street" /></way><way user="OSMnx" visible="true" uid="1" version="1" id="23892860" timestamp="2026-08-18T20:44:39Z" changeset="1"><nd ref="254497896" /><nd ref="11061375547" /><nd ref="254497897" /><nd ref="254497898" /><nd ref="10277778750" /><tag k="oneway" v="no" /><tag k="highway" v="secondary" /><tag k="name" v="Basin Bridge Road" /></way><way user="OSMnx" visible="true" uid="1" version="1" id="23970229" timestamp="2026-08-18T20:44:39Z" changeset="1"><nd ref="303283585" /><nd ref="30037398" /><nd ref="303283783" /><tag k="ref" v="SHU86" /><tag k="oneway" v="yes" /><tag k="highway" v="primary" /><tag k="name" v="General Hospital Road" /></way><way user="OSMnx" visible="true" uid="1" version="1" id="24483895" timestamp="2026-08-18T20:44:39Z" changeset="1"><nd ref="266204154" /><nd ref="248468777" /><nd ref="317151790" /><nd ref="317151764" /><tag k="oneway" v="no" /><tag k="highway" v="residential" /></way><way user="OSMnx" visible="true" uid="1" version="1" id="24483896" timestamp="2026-08-18T20:44:39Z" changeset="1"><nd ref="266204155" /><nd ref="266204551" /><nd ref="266204159" /><tag k="oneway" v="no" /><tag k="highway" v="residential" /><tag k="name" v="Shiyali Street" /></way><way user="OSMnx" visible="true" uid="1" version="1" id="24483897" timestamp="2026-08-18T20:44:39Z" changeset="1"><nd ref="266204165" /><nd ref="266204546" /><nd ref="266204170" /><tag k="oneway" v="no" /><tag k="highway" v="residential" /><tag k="name" v="Thiru Venkatam Street" /></way><way user="OSMnx" visible="true" uid="1" version="1" id="24483898" timestamp="2026-08-18T20:44:39Z" changeset="1"><nd ref="248468883" /><nd ref="266204177" /><nd ref="266204185" /><nd ref="10137228465" /><nd ref="266204488" /><nd ref="11041536448" /><nd ref="248468957" /><tag k="oneway" v="no" /><tag k="highway" v="residential" /></way><way user="OSMnx" visible="true" uid="1" version="1" id="24483899" timestamp="2026-08-18T20:44:39Z" changeset="1"><nd ref="266204313" /><nd ref="266204288" /><nd ref="266204297" /><nd ref="266204277" /><nd ref="266204260" /><nd ref="266204262" /><nd ref="266204272" /><nd ref="266204190" /><tag k="oneway" v="no" /><tag k="highway" v="living_street" /><tag k="name" v="Transport Lane" /></way><way user="OSMnx" visible="true" uid="1" version="1" id="24483900" timestamp="2026-08-18T20:44:39Z" changeset="1"><nd ref="266204191" /><nd ref="2198125455" /><nd ref="11764764432" /><nd ref="266204192" /><nd ref="266204193" /><tag k="oneway" v="no" /><tag k="highway" v="residential" /><tag k="name" v="Basha Avenue" /></way><way user="OSMnx" visible="true" uid="1" version="1" id="24483901" timestamp="2026-08-18T20:44:39Z" changeset="1"><nd ref="266204194" /><nd ref="12031030281" /><nd ref="266204192" /><nd ref="2198125456" /><nd ref="266204195" /><tag k="oneway" v="no" /><tag k="highway" v="residential" /></way><way user="OSMnx" visible="true" uid="1" version="1" id="24483902" timestamp="2026-08-18T20:44:39Z" changeset="1"><nd ref="266204198" /><nd ref="266204195" /><tag k="oneway" v="no" /><tag k="highway" v="residential" /><tag k="name" v="Veerabadhran Street" /></way><way user="OSMnx" visible="true" uid="1" version="1" id="24483906" timestamp="2026-08-18T20:44:39Z" changeset="1"><nd ref="266204210" /><nd ref="12126250694" /><tag k="oneway" v="no" /><tag k="highway" v="residential" /></way><way user="OSMnx" visible="true" uid="1" version="1" id="24483907" timestamp="2026-08-18T20:44:39Z" changeset="1"><nd ref="12126250697" /><nd ref="266204213" /><nd ref="266204210" /><tag k="oneway" v="no" /><tag k="highway" v="living_street" /><tag k="name" v="Nagappan Street" /></way><way user="OSMnx" visible="true" uid="1" version="1" id="24483915" timestamp="2026-08-18T20:44:39Z" changeset="1"><nd ref="266204257" /><nd ref="3672829578" /><nd ref="3672829579" /><nd ref="266204260" /><tag k="oneway" v="no" /><tag k="highway" v="living_street" /></way><way user="OSMnx" visible="true" uid="1" version="1" id="24483916" timestamp="2026-08-18T20:44:39Z" changeset="1"><nd ref="266204261" /><nd ref="3682183597" /><nd ref="3672829580" /><nd ref="266204262" /><tag k="oneway" v="no" /><tag k="highway" v="living_street" /></way><way user="OSMnx" visible="true" uid="1" version="1" id="24483917" timestamp="2026-08-18T20:44:39Z" changeset="1"><nd ref="266204263" /><nd ref="2241930071" /><nd ref="11764764435" /><nd ref="266204272" /><tag k="oneway" v="no" /><tag k="highway" v="living_street" /></way><way user="OSMnx" visible="true" uid="1" version="1" id="24483918" timestamp="2026-08-18T20:44:39Z" changeset="1"><nd ref="266204275" /><nd ref="3672829574" /><nd ref="266204277" /><tag k="oneway" v="no" /><tag k="highway" v="living_street" /></way><way user="OSMnx" visible="true" uid="1" version="1" id="24483919" timestamp="2026-08-18T20:44:39Z" changeset="1"><nd ref="266204281" /><nd ref="266204288" /><tag k="oneway" v="no" /><tag k="highway" v="living_street" /></way><way user="OSMnx" visible="true" uid="1" version="1" id="24483920" timestamp="2026-08-18T20:44:39Z" changeset="1"><nd ref="266204290" /><nd ref="3672829572" /><nd ref="3672829573" /><nd ref="266204297" /><tag k="oneway" v="no" /><tag k="highway" v="living_street" /></way><way user="OSMnx" visible="true" uid="1" version="1" id="24483922" timestamp="2026-08-18T20:44:39Z" changeset="1"><nd ref="266204304" /><nd ref="3672829570" /><nd ref="3672829571" /><nd ref="266204313" /><tag k="oneway" v="no" /><tag k="highway" v="living_street" /></way><way user="OSMnx" visible="true" uid="1" version="1" id="24483923" timestamp="2026-08-18T20:44:39Z" changeset="1"><nd ref="248468822" /><nd ref="266204376" /><nd ref="266204326" /><nd ref="266204346" /><nd ref="266204372" /><tag k="oneway" v="no" /><tag k="highway" v="living_street" /></way><way user="OSMnx" visible="true" uid="1" version="1" id="24483924" timestamp="2026-08-18T20:44:39Z" changeset="1"><nd ref="266204376" /><nd ref="3672829583" /><nd ref="266204552" /><nd ref="266205067" /><nd ref="266204381" /><nd ref="266204383" /><tag k="oneway" v="no" /><tag k="highway" v="living_street" /></way><way user="OSMnx" visible="true" uid="1" version="1" id="24483925" timestamp="2026-08-18T20:44:39Z" changeset="1"><nd ref="12126266602" /><nd ref="3682184122" /><nd ref="266204383" /><nd ref="7030702544" /><nd ref="266204408" /><nd ref="2241930178" /><nd ref="266204409" /><nd ref="266204410" /><nd ref="2241930168" /><nd ref="266204411" /><nd ref="2241930174" /><nd ref="266204414" /><nd ref="266204415" /><tag k="oneway" v="no" /><tag k="highway" v="residential" /></way><way user="OSMnx" visible="true" uid="1" version="1" id="24483926" timestamp="2026-08-18T20:44:39Z" changeset="1"><nd ref="266204408" /><nd ref="266204390" /><tag k="oneway" v="no" /><tag k="highway" v="residential" /></way><way user="OSMnx" visible="true" uid="1" version="1" id="24483927" timestamp="2026-08-18T20:44:39Z" changeset="1"><nd ref="266204402" /><nd ref="266204404" /><nd ref="266204405" /><nd ref="266205067" /><tag k="oneway" v="no" /><tag k="highway" v="residential" /><tag k="name" v="Ayyasamy Street" /></way><way user="OSMnx" visible="true" uid="1" version="1" id="24483929" timestamp="2026-08-18T20:44:39Z" changeset="1"><nd ref="266204424" /><nd ref="266204423" /><nd ref="266204417" /><nd ref="266204416" /><nd ref="266204415" /><nd ref="11782581939" /><nd ref="248468824" /><tag k="oneway" v="no" /><tag k="highway" v="residential" /><tag k="name" v="C.P. Mudali Street" /></way><way user="OSMnx" visible="true" uid="1" version="1" id="24483931" timestamp="2026-08-18T20:44:39Z" changeset="1"><nd ref="2241930050" /><nd ref="266204423" /><nd ref="3672829577" /><nd ref="3672829576" /><nd ref="266204427" /><nd ref="3672829575" /><nd ref="266204430" /><tag k="oneway" v="no" /><tag k="highway" v="residential" /><tag k="name" v="Venkatachala Street" /></way><way user="OSMnx" visible="true" uid="1" version="1" id="24483933" timestamp="2026-08-18T20:44:39Z" changeset="1"><nd ref="266204417" /><nd ref="266204434" /><nd ref="266204435" /><nd ref="266204436" /><nd ref="248467510" /><tag k="oneway" v="no" /><tag k="highway" v="residential" /></way><way user="OSMnx" visible="true" uid="1" version="1" id="24483936" timestamp="2026-08-18T20:44:39Z" changeset="1"><nd ref="1280328273" /><nd ref="266204438" /><nd ref="266204439" /><tag k="oneway" v="no" /><tag k="highway" v="living_street" /></way><way user="OSMnx" visible="true" uid="1" version="1" id="24483938" timestamp="2026-08-18T20:44:39Z" changeset="1"><nd ref="266204381" /><nd ref="266204441" /><nd ref="266204440" /><nd ref="266204439" /><tag k="oneway" v="no" /><tag k="highway" v="living_street" /><tag k="name" v="Eagappan Lane" /></way><way user="OSMnx" visible="true" uid="1" version="1" id="24483939" timestamp="2026-08-18T20:44:39Z" changeset="1"><nd ref="266204442" /><nd ref="7018666157" /><nd ref="2241930429" /><nd ref="2241930427" /><nd ref="9189159060" /><nd ref="266204443" /><tag k="oneway" v="no" /><tag k="highway" v="residential" /></way><way user="OSMnx" visible="true" uid="1" version="1" id="24483940" timestamp="2026-08-18T20:44:39Z" changeset="1"><nd ref="10942180827" /><nd ref="3682187027" /><nd ref="266204479" /><nd ref="3682187003" /><nd ref="3682186999" /><nd ref="266204468" /><tag k="oneway" v="no" /><tag k="highway" v="living_street" /></way><way user="OSMnx" visible="true" uid="1" version="1" id="24483941" timestamp="2026-08-18T20:44:39Z" changeset="1"><nd ref="248468818" /><nd ref="11764764399" /><nd ref="266204469" /><nd ref="2241930459" /><nd ref="2241930458" /><tag k="oneway" v="no" /><tag k="highway" v="living_street" /></way><way user="OSMnx" visible="true" uid="1" version="1" id="24483943" timestamp="2026-08-18T20:44:39Z" changeset="1"><nd ref="248468820" /><nd ref="3682186772" /><nd ref="3682186774" /><nd ref="11764764398" /><nd ref="266204470" /><tag k="oneway" v="no" /><tag k="highway" v="living_street" /></way><way user="OSMnx" visible="true" uid="1" version="1" id="24483955" timestamp="2026-08-18T20:44:39Z" changeset="1"><nd ref="266204546" /><nd ref="266204551" /><nd ref="266204548" /><tag k="oneway" v="no" /><tag k="highway" v="residential" /></way><way user="OSMnx" visible="true" uid="1" version="1" id="24483990" timestamp="2026-08-18T20:44:39Z" changeset="1"><nd ref="266204840" /><nd ref="3682187037" /><nd ref="3682187051" /><nd ref="1280647013" /><tag k="oneway" v="no" /><tag k="highway" v="residential" /></way><way user="OSMnx" visible="true" uid="1" version="1" id="24484001" timestamp="2026-08-18T20:44:39Z" changeset="1"><nd ref="266204988" /><nd ref="266205001" /><nd ref="1280646823" /><tag k="oneway" v="no" /><tag k="highway" v="residential" /></way><way user="OSMnx" visible="true" uid="1" version="1" id="24484003" timestamp="2026-08-18T20:44:39Z" changeset="1"><nd ref="266204840" /><nd ref="13900467092" /><nd ref="3672829585" /><nd ref="13900467091" /><tag k="oneway" v="no" /><tag k="highway" v="living_street" /></way><way user="OSMnx" visible="true" uid="1" version="1" id="24484005" timestamp="2026-08-18T20:44:39Z" changeset="1"><nd ref="266205031" /><nd ref="1212083248" /><nd ref="266205032" /><tag k="oneway" v="no" /><tag k="highway" v="residential" /><tag k="name" v="Narayana M Street" /></way><way user="OSMnx" visible="true" uid="1" version="1" id="24484024" timestamp="2026-08-18T20:44:39Z" changeset="1"><nd ref="248467513" /><nd ref="266204170" /><nd ref="1280328280" /><nd ref="266204159" /><nd ref="266204194" /><nd ref="248468952" /><nd ref="248468957" /><tag k="oneway" v="no" /><tag k="highway" v="residential" /><tag k="name" v="Manickam Street" /></way><way user="OSMnx" visible="true" uid="1" version="1" id="26491967" timestamp="2026-08-18T20:44:39Z" changeset="1"><nd ref="2214510127" /><nd ref="254497196" /><tag k="oneway" v="yes" /><tag k="highway" v="secondary" /><tag k="name" v="Vepery High Road" /></way><way user="OSMnx" visible="true" uid="1" version="1" id="26492551" timestamp="2026-08-18T20:44:39Z" changeset="1"><nd ref="243325389" /><nd ref="6851625298" /><nd ref="11892053899" /><nd ref="243325390" /><nd ref="2241832826" /><tag k="oneway" v="no" /><tag k="highway" v="secondary" /><tag k="name" v="Deputy Mayor Kabalamurthy Road" /></way><way user="OSMnx" visible="true" uid="1" version="1" id="26492555" timestamp="2026-08-18T20:44:39Z" changeset="1"><nd ref="248468101" /><nd ref="11274513921" /><nd ref="248468102" /><nd ref="11613260523" /><nd ref="248468104" /><nd ref="248467931" /><nd ref="248468109" /><nd ref="248468110" /><nd ref="248468111" /><nd ref="248468112" /><nd ref="248468113" /><nd ref="248468114" /><nd ref="248468115" /><nd ref="248468087" /><nd ref="248468116" /><nd ref="248468117" /><nd ref="248468118" /><nd ref="248468119" /><nd ref="248468120" /><nd ref="248468124" /><nd ref="248468132" /><tag k="oneway" v="no" /><tag k="highway" v="tertiary" /><tag k="name" v="West Cooum River Road" /></way><way user="OSMnx" visible="true" uid="1" version="1" id="26492556" timestamp="2026-08-18T20:44:39Z" changeset="1"><nd ref="248467520" /><nd ref="11040947770" /><nd ref="11780188510" /><nd ref="248467515" /><nd ref="12126250700" /><nd ref="248467514" /><nd ref="12126266601" /><nd ref="9189193681" /><nd ref="11041556298" /><nd ref="248467513" /><nd ref="248467512" /><nd ref="248467511" /><nd ref="1280328281" /><nd ref="266204193" /><nd ref="266204439" /><nd ref="12126266602" /><nd ref="266204198" /><nd ref="12695799877" /><nd ref="12126266604" /><tag k="oneway" v="no" /><tag k="lanes" v="1" /><tag k="highway" v="secondary" /><tag k="name" v="Adithanar Road" /></way><way user="OSMnx" visible="true" uid="1" version="1" id="26550573" timestamp="2026-08-18T20:44:39Z" changeset="1"><nd ref="254491144" /><nd ref="2486635733" /><nd ref="254491145" /><nd ref="254491149" /><nd ref="11047694903" /><nd ref="254491150" /><nd ref="11047694901" /><nd ref="254491151" /><tag k="oneway" v="no" /><tag k="highway" v="residential" /><tag k="name" v="Valliammal Road" /></way><way user="OSMnx" visible="true" uid="1" version="1" id="26550579" timestamp="2026-08-18T20:44:39Z" changeset="1"><nd ref="344492738" /><nd ref="254491195" /><nd ref="2270244765" /><nd ref="2270244767" /><nd ref="2270244769" /><nd ref="344454437" /><nd ref="2270244773" /><nd ref="9930944815" /><nd ref="10024325378" /><tag k="oneway" v="no" /><tag k="lanes" v="2" /><tag k="highway" v="secondary" /><tag k="name" v="Perambur Barracks Salai" /></way><way user="OSMnx" visible="true" uid="1" version="1" id="27229361" timestamp="2026-08-18T20:44:39Z" changeset="1"><nd ref="333218970" /><nd ref="333218976" /><nd ref="254491302" /><nd ref="254491298" /><nd ref="12032861200" /><nd ref="12032861202" /><nd ref="254498067" /><nd ref="2214510235" /><nd ref="254491155" /><tag k="oneway" v="yes" /><tag k="highway" v="secondary" /><tag k="name" v="EVK Sampath Salai" /></way><way user="OSMnx" visible="true" uid="1" version="1" id="27618295" timestamp="2026-08-18T20:44:39Z" changeset="1"><nd ref="10201011144" /><nd ref="10201011143" /><nd ref="10201011142" /><nd ref="10201011124" /><nd ref="258890784" /><nd ref="10201011122" /><nd ref="258915883" /><nd ref="254497595" /><nd ref="254497640" /><nd ref="11037144100" /><nd ref="254497582" /><nd ref="258902915" /><tag k="oneway" v="yes" /><tag k="lanes" v="2" /><tag k="highway" v="secondary" /><tag k="name" v="Raja Muthiah Road" /></way><way user="OSMnx" visible="true" uid="1" version="1" id="27618321" timestamp="2026-08-18T20:44:39Z" changeset="1"><nd ref="2271543367" /><nd ref="303283792" /><nd ref="303283789" /><nd ref="303283785" /><nd ref="1109158608" /><nd ref="303283783" /><tag k="ref" v="SHU86" /><tag k="oneway" v="yes" /><tag k="highway" v="primary" /><tag k="name" v="Muthuswamy Road" /></way><way user="OSMnx" visible="true" uid="1" version="1" id="27618349" timestamp="2026-08-18T20:44:39Z" changeset="1"><nd ref="2397809020" /><nd ref="2397809023" /><nd ref="303284173" /><nd ref="9913682279" /><nd ref="9913682306" /><nd ref="9913682307" /><nd ref="9913682298" /><nd ref="9187378773" /><nd ref="9913682293" /><nd ref="11126814463" /><nd ref="9913682264" /><nd ref="9913682284" /><nd ref="247435872" /><nd ref="247438584" /><tag k="oneway" v="no" /><tag k="highway" v="tertiary" /><tag k="name" v="Frazer Bridge Road" /></way><way user="OSMnx" visible="true" uid="1" version="1" id="27618351" timestamp="2026-08-18T20:44:39Z" changeset="1"><nd ref="2271543110" /><nd ref="2271543116" /><nd ref="12953584992" /><nd ref="2271543123" /><nd ref="2271543132" /><nd ref="9572798781" /><nd ref="9572798780" /><nd ref="12740774715" /><nd ref="9572798777" /><tag k="oneway" v="yes" /><tag k="highway" v="primary" /><tag k="name" v="Muthuswamy Road" /></way><way user="OSMnx" visible="true" uid="1" version="1" id="27618360" timestamp="2026-08-18T20:44:39Z" changeset="1"><nd ref="9572798768" /><nd ref="11286115184" /><nd ref="303284253" /><tag k="oneway" v="yes" /><tag k="highway" v="secondary" /><tag k="name" v="Pallavan Salai" /></way><way user="OSMnx" visible="true" uid="1" version="1" id="27768785" timestamp="2026-08-18T20:44:39Z" changeset="1"><nd ref="248467585" /><nd ref="304916244" /><nd ref="2197640158" /><nd ref="304918757" /><tag k="oneway" v="yes" /><tag k="highway" v="secondary" /></way><way user="OSMnx" visible="true" uid="1" version="1" id="27768977" timestamp="2026-08-18T20:44:39Z" changeset="1"><nd ref="11495672485" /><nd ref="11495672484" /><nd ref="11495672483" /><nd ref="11495672482" /><nd ref="11495672481" /><nd ref="11495672480" /><nd ref="11495672479" /><nd ref="11495672478" /><nd ref="11495672477" /><nd ref="248467578" /><tag k="oneway" v="yes" /><tag k="lanes" v="2" /><tag k="highway" v="secondary" /><tag k="name" v="Taravath Madhavan Nair Bridge Road" /></way><way user="OSMnx" visible="true" uid="1" version="1" id="27768979" timestamp="2026-08-18T20:44:39Z" changeset="1"><nd ref="304918793" /><nd ref="10201011132" /><nd ref="304918778" /><nd ref="10201011131" /><nd ref="10201011130" /><nd ref="304918766" /><nd ref="304918764" /><nd ref="304918760" /><nd ref="2197652486" /><tag k="ref" v="SHU86" /><tag k="oneway" v="yes" /><tag k="lanes" v="2" /><tag k="highway" v="primary" /><tag k="name" v="EVR Periyar Salai" /></way><way user="OSMnx" visible="true" uid="1" version="1" id="27768980" timestamp="2026-08-18T20:44:39Z" changeset="1"><nd ref="304918752" /><nd ref="30037236" /><nd ref="11047679504" /><nd ref="11047789199" /><nd ref="11047787485" /><nd ref="12054345798" /><nd ref="12054345797" /><nd ref="254491152" /><nd ref="12054345788" /><nd ref="12054398200" /><nd ref="11047786864" /><nd ref="12054398201" /><nd ref="9187378789" /><nd ref="12054228834" /><nd ref="2486635736" /><nd ref="11047781052" /><nd ref="254491153" /><nd ref="2486635746" /><nd ref="355981906" /><nd ref="11047781061" /><nd ref="254491154" /><tag k="oneway" v="no" /><tag k="highway" v="tertiary" /><tag k="name" v="EVK Sampath Salai" /></way><way user="OSMnx" visible="true" uid="1" version="1" id="28138953" timestamp="2026-08-18T20:44:39Z" changeset="1"><nd ref="309061751" /><nd ref="9293301217" /><tag k="ref" v="SHU88" /><tag k="oneway" v="yes" /><tag k="bridge" v="yes" /><tag k="highway" v="primary" /><tag k="name" v="Periyar Bridge" /></way><way user="OSMnx" visible="true" uid="1" version="1" id="28138955" timestamp="2026-08-18T20:44:39Z" changeset="1"><nd ref="9293301217" /><nd ref="309061742" /><nd ref="966544068" /><tag k="ref" v="SHU88" /><tag k="oneway" v="yes" /><tag k="highway" v="primary" /><tag k="name" v="Anna Salai" /></way><way user="OSMnx" visible="true" uid="1" version="1" id="28138957" timestamp="2026-08-18T20:44:39Z" changeset="1"><nd ref="309061743" /><nd ref="309061750" /><tag k="ref" v="SHU88" /><tag k="oneway" v="yes" /><tag k="bridge" v="yes" /><tag k="highway" v="primary" /><tag k="name" v="Periyar Bridge" /></way><way user="OSMnx" visible="true" uid="1" version="1" id="28138958" timestamp="2026-08-18T20:44:39Z" changeset="1"><nd ref="309061752" /><nd ref="9576053001" /><nd ref="309061758" /><nd ref="9576053000" /><nd ref="309061753" /><tag k="oneway" v="yes" /><tag k="highway" v="primary_link" /></way><way user="OSMnx" visible="true" uid="1" version="1" id="28138960" timestamp="2026-08-18T20:44:39Z" changeset="1"><nd ref="309061755" /><nd ref="9576052998" /><nd ref="309061760" /><nd ref="9576052999" /><nd ref="309061756" /><tag k="oneway" v="yes" /><tag k="highway" v="primary_link" /></way><way user="OSMnx" visible="true" uid="1" version="1" id="28138961" timestamp="2026-08-18T20:44:39Z" changeset="1"><nd ref="309061767" /><nd ref="317995431" /><tag k="ref" v="SHU88" /><tag k="oneway" v="yes" /><tag k="bridge" v="yes" /><tag k="highway" v="primary" /><tag k="name" v="Quaid-e-Milleth Bridge" /></way><way user="OSMnx" visible="true" uid="1" version="1" id="28138962" timestamp="2026-08-18T20:44:39Z" changeset="1"><nd ref="309061766" /><nd ref="319158977" /><nd ref="317615774" /><nd ref="309061627" /><nd ref="309061756" /><nd ref="9576052997" /><nd ref="309061632" /><nd ref="309061752" /><nd ref="309061633" /><nd ref="10285990999" /><nd ref="11939353037" /><nd ref="309061637" /><tag k="ref" v="SHU88" /><tag k="oneway" v="yes" /><tag k="highway" v="primary" /><tag k="name" v="Anna Salai" /></way><way user="OSMnx" visible="true" uid="1" version="1" id="28138965" timestamp="2026-08-18T20:44:39Z" changeset="1"><nd ref="309062017" /><nd ref="309062018" /><nd ref="2241832946" /><nd ref="309062019" /><nd ref="309062020" /><tag k="oneway" v="yes" /><tag k="highway" v="primary_link" /></way><way user="OSMnx" visible="true" uid="1" version="1" id="28138973" timestamp="2026-08-18T20:44:39Z" changeset="1"><nd ref="247692736" /><nd ref="258991722" /><nd ref="13966808854" /><nd ref="12035794036" /><nd ref="12035794037" /><nd ref="12035794038" /><nd ref="12035794039" /><tag k="oneway" v="yes" /><tag k="highway" v="tertiary" /></way><way user="OSMnx" visible="true" uid="1" version="1" id="28152147" timestamp="2026-08-18T20:44:39Z" changeset="1"><nd ref="243325386" /><nd ref="248468361" /><nd ref="248468274" /><nd ref="248468245" /><nd ref="243325387" /><nd ref="248468453" /><nd ref="248467985" /><tag k="oneway" v="no" /><tag k="highway" v="secondary" /><tag k="name" v="Arunachalam Street" /></way><way user="OSMnx" visible="true" uid="1" version="1" id="28275718" timestamp="2026-08-18T20:44:39Z" changeset="1"><nd ref="247439444" /><nd ref="9989783622" /><nd ref="258916694" /><nd ref="9989783668" /><nd ref="258917187" /><nd ref="9989783667" /><nd ref="310505825" /><nd ref="9989783666" /><nd ref="9989783665" /><nd ref="310505810" /><nd ref="9989783664" /><nd ref="9989783663" /><nd ref="9989783662" /><nd ref="9989783661" /><nd ref="310505809" /><nd ref="310505808" /><nd ref="9872392643" /><nd ref="310505807" /><tag k="oneway" v="yes" /><tag k="highway" v="secondary" /><tag k="name" v="Netaji Subhash Chandra Bose Road" /></way><way user="OSMnx" visible="true" uid="1" version="1" id="28275782" timestamp="2026-08-18T20:44:39Z" changeset="1"><nd ref="247435682" /><nd ref="10936848892" /><nd ref="10936848893" /><nd ref="10936848894" /><nd ref="258915997" /><nd ref="3496934149" /><nd ref="247435684" /><nd ref="2269042583" /><nd ref="258916147" /><nd ref="247435685" /><nd ref="258916170" /><nd ref="258916298" /><nd ref="258916269" /><nd ref="258916276" /><nd ref="2271478415" /><tag k="oneway" v="yes" /><tag k="highway" v="tertiary" /><tag k="name" v="Netaji Subhash Chandra Bose Road" /></way><way user="OSMnx" visible="true" uid="1" version="1" id="28275789" timestamp="2026-08-18T20:44:39Z" changeset="1"><nd ref="310505809" /><nd ref="10758209879" /><nd ref="3671773244" /><nd ref="600643520" /><nd ref="10794998602" /><nd ref="258916938" /><nd ref="3671773251" /><nd ref="3671773252" /><nd ref="10795032208" /><nd ref="3671773256" /><nd ref="10795032209" /><nd ref="10795032207" /><nd ref="10795032210" /><nd ref="10758035617" /><nd ref="10795032211" /><nd ref="10795032206" /><nd ref="10795032205" /><nd ref="10795032212" /><nd ref="258916943" /><nd ref="10795032213" /><nd ref="10794998604" /><nd ref="10795032214" /><nd ref="10794998603" /><nd ref="10795032215" /><nd ref="3671773258" /><nd ref="258916949" /><nd ref="9913682364" /><nd ref="10758190939" /><nd ref="258916558" /><tag k="oneway" v="no" /><tag k="highway" v="living_street" /><tag k="name" v="Malaya Peruma Chetty Street" /></way><way user="OSMnx" visible="true" uid="1" version="1" id="28275802" timestamp="2026-08-18T20:44:39Z" changeset="1"><nd ref="310505819" /><nd ref="310505903" /><tag k="oneway" v="no" /><tag k="highway" v="living_street" /><tag k="name" v="GUJILI STREET" /></way><way user="OSMnx" visible="true" uid="1" version="1" id="28275901" timestamp="2026-08-18T20:44:39Z" changeset="1"><nd ref="258916366" /><nd ref="11419972982" /><nd ref="11419972988" /><nd ref="11419972981" /><tag k="oneway" v="no" /><tag k="highway" v="residential" /><tag k="name" v="Badari Garden Lane" /></way><way user="OSMnx" visible="true" uid="1" version="1" id="28275903" timestamp="2026-08-18T20:44:39Z" changeset="1"><nd ref="258916408" /><nd ref="258916412" /><nd ref="2271478381" /><tag k="oneway" v="no" /><tag k="highway" v="living_street" /><tag k="name" v="Nannayan Street" /></way><way user="OSMnx" visible="true" uid="1" version="1" id="28275904" timestamp="2026-08-18T20:44:39Z" changeset="1"><nd ref="258890922" /><nd ref="258890925" /><nd ref="3722974967" /><nd ref="3722974966" /><nd ref="258890926" /><nd ref="3681672608" /><nd ref="310506632" /><nd ref="258890927" /><nd ref="2271478371" /><tag k="oneway" v="no" /><tag k="highway" v="residential" /><tag k="name" v="Edapalaiyam Street" /></way><way user="OSMnx" visible="true" uid="1" version="1" id="28275906" timestamp="2026-08-18T20:44:39Z" changeset="1"><nd ref="310506634" /><nd ref="2269042573" /><nd ref="310506635" /><tag k="oneway" v="no" /><tag k="highway" v="living_street" /><tag k="name" v="Gengaraman Street" /></way><way user="OSMnx" visible="true" uid="1" version="1" id="28275908" timestamp="2026-08-18T20:44:39Z" changeset="1"><nd ref="10913742890" /><nd ref="11655487098" /><nd ref="258916095" /><nd ref="11655487097" /><nd ref="603480716" /><nd ref="10913194839" /><nd ref="11655487099" /><nd ref="258916100" /><nd ref="11655487100" /><nd ref="258916628" /><nd ref="254149739" /><nd ref="258916105" /><tag k="oneway" v="no" /><tag k="highway" v="residential" /><tag k="name" v="Palappan Street" /></way><way user="OSMnx" visible="true" uid="1" version="1" id="28342679" timestamp="2026-08-18T20:44:39Z" changeset="1"><nd ref="254497410" /><nd ref="9187378812" /><nd ref="9187378805" /><nd ref="9187378808" /><nd ref="9189159114" /><nd ref="11420001944" /><nd ref="311286998" /><nd ref="11420050767" /><nd ref="311286999" /><nd ref="254497398" /><tag k="oneway" v="no" /><tag k="highway" v="residential" /><tag k="name" v="Sami Pillai Street" /></way><way user="OSMnx" visible="true" uid="1" version="1" id="28763253" timestamp="2026-08-18T20:44:39Z" changeset="1"><nd ref="248468271" /><nd ref="248468331" /><nd ref="248468273" /><nd ref="248468405" /><nd ref="248468395" /><nd ref="248468274" /><nd ref="248468217" /><nd ref="248468284" /><nd ref="248468292" /><nd ref="248468058" /><tag k="oneway" v="no" /><tag k="highway" v="residential" /><tag k="name" v="Kalavai Street" /></way><way user="OSMnx" visible="true" uid="1" version="1" id="28846169" timestamp="2026-08-18T20:44:39Z" changeset="1"><nd ref="248468800" /><nd ref="317148365" /><nd ref="11416746960" /><nd ref="11416746959" /><nd ref="317148375" /><tag k="oneway" v="no" /><tag k="highway" v="residential" /></way><way user="OSMnx" visible="true" uid="1" version="1" id="28846540" timestamp="2026-08-18T20:44:39Z" changeset="1"><nd ref="248468239" /><nd ref="248468189" /><nd ref="248468472" /><nd ref="11622043154" /><nd ref="248468411" /><nd ref="248468231" /><nd ref="248468192" /><nd ref="11613257199" /><nd ref="248468193" /><nd ref="248468194" /><nd ref="11416688808" /><nd ref="11416688810" /><nd ref="9189159045" /><nd ref="11416688815" /><nd ref="248468195" /><nd ref="11416688817" /><nd ref="11416610638" /><nd ref="11416688818" /><nd ref="248468197" /><nd ref="11416628710" /><nd ref="11416628717" /><nd ref="248468198" /><nd ref="11416424926" /><nd ref="248468199" /><nd ref="11039950263" /><nd ref="11039950262" /><nd ref="11039950261" /><tag k="oneway" v="no" /><tag k="highway" v="tertiary" /><tag k="name" v="Deputy Mayor Kabalamurthy Road" /></way><way user="OSMnx" visible="true" uid="1" version="1" id="28846562" timestamp="2026-08-18T20:44:39Z" changeset="1"><nd ref="317148365" /><nd ref="2241833566" /><nd ref="11416746958" /><nd ref="2241833787" /><nd ref="317148366" /><tag k="oneway" v="no" /><tag k="highway" v="residential" /></way><way user="OSMnx" visible="true" uid="1" version="1" id="28846569" timestamp="2026-08-18T20:44:39Z" changeset="1"><nd ref="317148375" /><nd ref="317148376" /><nd ref="317148377" /><tag k="oneway" v="no" /><tag k="highway" v="residential" /><tag k="name" v="Lazer Street" /></way><way user="OSMnx" visible="true" uid="1" version="1" id="28846591" timestamp="2026-08-18T20:44:39Z" changeset="1"><nd ref="317151732" /><nd ref="317151733" /><tag k="oneway" v="no" /><tag k="highway" v="residential" /><tag k="name" v="Olagappa Street" /></way><way user="OSMnx" visible="true" uid="1" version="1" id="28846624" timestamp="2026-08-18T20:44:39Z" changeset="1"><nd ref="248468232" /><nd ref="248468442" /><nd ref="248467987" /><nd ref="248468233" /><tag k="oneway" v="no" /><tag k="highway" v="residential" /></way><way user="OSMnx" visible="true" uid="1" version="1" id="28903425" timestamp="2026-08-18T20:44:39Z" changeset="1"><nd ref="310505815" /><nd ref="310505814" /><nd ref="9913682339" /><nd ref="310505813" /><nd ref="9913682341" /><nd ref="9913682343" /><nd ref="600643513" /><nd ref="9989783642" /><nd ref="9989783641" /><nd ref="310505812" /><nd ref="9989783640" /><nd ref="9989783639" /><nd ref="310505824" /><nd ref="9989783649" /><nd ref="247439444" /><tag k="oneway" v="yes" /><tag k="highway" v="secondary" /><tag k="name" v="Rattan Bazaar Road" /></way><way user="OSMnx" visible="true" uid="1" version="1" id="28927273" timestamp="2026-08-18T20:44:39Z" changeset="1"><nd ref="317995430" /><nd ref="309061766" /><tag k="ref" v="SHU88" /><tag k="oneway" v="yes" /><tag k="bridge" v="yes" /><tag k="highway" v="primary" /><tag k="name" v="Quaid-e-Milleth Bridge" /></way><way user="OSMnx" visible="true" uid="1" version="1" id="29044853" timestamp="2026-08-18T20:44:39Z" changeset="1"><nd ref="13880733731" /><nd ref="13880733732" /><nd ref="13880733734" /><nd ref="13880733735" /><tag k="oneway" v="yes" /><tag k="bridge" v="yes" /><tag k="highway" v="secondary" /></way><way user="OSMnx" visible="true" uid="1" version="1" id="29116378" timestamp="2026-08-18T20:44:39Z" changeset="1"><nd ref="248468485" /><nd ref="3672835984" /><nd ref="3672835983" /><nd ref="248467988" /><tag k="oneway" v="no" /><tag k="highway" v="residential" /></way><way user="OSMnx" visible="true" uid="1" version="1" id="29116453" timestamp="2026-08-18T20:44:39Z" changeset="1"><nd ref="248467983" /><nd ref="248468657" /><nd ref="248467988" /><nd ref="248468540" /><nd ref="248467986" /><nd ref="248467993" /><nd ref="248468058" /><nd ref="248468283" /><nd ref="248468085" /><nd ref="248468324" /><nd ref="248468086" /><nd ref="248468087" /><tag k="oneway" v="no" /><tag k="highway" v="residential" /><tag k="name" v="Guruvappa Street" /></way><way user="OSMnx" visible="true" uid="1" version="1" id="29116568" timestamp="2026-08-18T20:44:39Z" changeset="1"><nd ref="248468240" /><nd ref="9189159049" /><nd ref="248468233" /><nd ref="248468241" /><nd ref="9189159048" /><nd ref="248468242" /><nd ref="248468245" /><tag k="oneway" v="no" /><tag k="highway" v="tertiary" /><tag k="name" v="Ayya Mudali Street" /></way><way user="OSMnx" visible="true" uid="1" version="1" id="29266248" timestamp="2026-08-18T20:44:39Z" changeset="1"><nd ref="30037903" /><nd ref="6819785285" /><nd ref="2489157877" /><nd ref="6819785293" /><nd ref="11782538977" /><nd ref="243325391" /><tag k="oneway" v="yes" /><tag k="highway" v="secondary" /></way><way user="OSMnx" visible="true" uid="1" version="1" id="30246111" timestamp="2026-08-18T20:44:39Z" changeset="1"><nd ref="254497639" /><nd ref="254497630" /><nd ref="254497612" /><nd ref="254497629" /><tag k="oneway" v="no" /><tag k="highway" v="residential" /><tag k="name" v="Lalakutti Street" /></way><way user="OSMnx" visible="true" uid="1" version="1" id="30246114" timestamp="2026-08-18T20:44:39Z" changeset="1"><nd ref="254497442" /><nd ref="254497551" /><nd ref="254497546" /><nd ref="254497542" /><nd ref="254497541" /><nd ref="254497540" /><nd ref="333204222" /><nd ref="2269919995" /><nd ref="333204230" /><tag k="oneway" v="no" /><tag k="highway" v="residential" /><tag k="name" v="Perianna Maistry Street" /></way><way user="OSMnx" visible="true" uid="1" version="1" id="30246116" timestamp="2026-08-18T20:44:39Z" changeset="1"><nd ref="333204238" /><nd ref="610410441" /><nd ref="9187378776" /><nd ref="333204244" /><nd ref="11487003165" /><nd ref="9187378775" /><nd ref="333204248" /><nd ref="254497441" /><nd ref="6812099433" /><tag k="oneway" v="no" /><tag k="highway" v="residential" /><tag k="name" v="Uttukattan Street" /></way><way user="OSMnx" visible="true" uid="1" version="1" id="30246118" timestamp="2026-08-18T20:44:39Z" changeset="1"><nd ref="333204248" /><nd ref="333204257" /><nd ref="333204252" /><nd ref="11420101012" /><nd ref="11420101013" /><nd ref="11420101014" /><tag k="oneway" v="no" /><tag k="highway" v="residential" /></way><way user="OSMnx" visible="true" uid="1" version="1" id="30246120" timestamp="2026-08-18T20:44:39Z" changeset="1"><nd ref="610410460" /><nd ref="610410456" /><nd ref="333204272" /><nd ref="610410438" /><nd ref="333204265" /><nd ref="610410432" /><tag k="oneway" v="no" /><tag k="highway" v="residential" /><tag k="name" v="Naval Hospital 2nd Street" /></way><way user="OSMnx" visible="true" uid="1" version="1" id="30246121" timestamp="2026-08-18T20:44:39Z" changeset="1"><nd ref="333204272" /><nd ref="333204279" /><tag k="oneway" v="no" /><tag k="highway" v="residential" /><tag k="name" v="Naval Hospital 4th Street" /></way><way user="OSMnx" visible="true" uid="1" version="1" id="30246122" timestamp="2026-08-18T20:44:39Z" changeset="1"><nd ref="333204285" /><nd ref="333204287" /><tag k="oneway" v="no" /><tag k="highway" v="residential" /></way><way user="OSMnx" visible="true" uid="1" version="1" id="30246124" timestamp="2026-08-18T20:44:39Z" changeset="1"><nd ref="333204293" /><nd ref="333204298" /><tag k="oneway" v="no" /><tag k="highway" v="residential" /></way><way user="OSMnx" visible="true" uid="1" version="1" id="30246125" timestamp="2026-08-18T20:44:39Z" changeset="1"><nd ref="333204305" /><nd ref="7045397326" /><nd ref="333204311" /><tag k="oneway" v="no" /><tag k="highway" v="residential" /></way><way user="OSMnx" visible="true" uid="1" version="1" id="30246127" timestamp="2026-08-18T20:44:39Z" changeset="1"><nd ref="11931401572" /><nd ref="333204314" /><tag k="oneway" v="no" /><tag k="highway" v="living_street" /><tag k="name" v="Naval Hospital 8th Street" /></way><way user="OSMnx" visible="true" uid="1" version="1" id="30246471" timestamp="2026-08-18T20:44:39Z" changeset="1"><nd ref="333204230" /><nd ref="254497607" /><tag k="oneway" v="no" /><tag k="highway" v="residential" /><tag k="name" v="Irusappa Mudali Street" /></way><way user="OSMnx" visible="true" uid="1" version="1" id="30247198" timestamp="2026-08-18T20:44:39Z" changeset="1"><nd ref="333218852" /><nd ref="610900268" /><nd ref="333218846" /><nd ref="249075325" /><nd ref="610410380" /><nd ref="11407760007" /><nd ref="333218970" /><tag k="oneway" v="yes" /><tag k="highway" v="secondary" /><tag k="name" v="Narayana Guru Salai" /></way><way user="OSMnx" visible="true" uid="1" version="1" id="30247200" timestamp="2026-08-18T20:44:39Z" changeset="1"><nd ref="254491155" /><nd ref="254491165" /><nd ref="2486635785" /><nd ref="11043974430" /><nd ref="254491164" /><nd ref="11043974419" /><nd ref="11043974418" /><nd ref="254491163" /><nd ref="11043974417" /><nd ref="11043917567" /><nd ref="254491162" /><nd ref="11043917553" /><nd ref="11043917552" /><nd ref="11043917551" /><nd ref="254491161" /><nd ref="254491160" /><nd ref="333218898" /><tag k="oneway" v="yes" /><tag k="highway" v="secondary" /><tag k="name" v="Jermiah Road" /></way><way user="OSMnx" visible="true" uid="1" version="1" id="30247201" timestamp="2026-08-18T20:44:39Z" changeset="1"><nd ref="249075323" /><nd ref="2485567635" /><nd ref="249075324" /><tag k="oneway" v="yes" /><tag k="bridge" v="yes" /><tag k="highway" v="secondary" /><tag k="name" v="Purasaiwalkam Flyover" /></way><way user="OSMnx" visible="true" uid="1" version="1" id="30247202" timestamp="2026-08-18T20:44:39Z" changeset="1"><nd ref="333218894" /><nd ref="12159239077" /><nd ref="254491157" /><nd ref="4001265783" /><nd ref="249075323" /><tag k="oneway" v="yes" /><tag k="bridge" v="yes" /><tag k="highway" v="secondary" /><tag k="name" v="Purasaiwalkam Flyover" /></way><way user="OSMnx" visible="true" uid="1" version="1" id="30247203" timestamp="2026-08-18T20:44:39Z" changeset="1"><nd ref="333218954" /><nd ref="333218888" /><nd ref="249075323" /><tag k="oneway" v="no" /><tag k="bridge" v="yes" /><tag k="highway" v="secondary" /><tag k="name" v="Purasaiwalkam Flyover" /></way><way user="OSMnx" visible="true" uid="1" version="1" id="30247204" timestamp="2026-08-18T20:44:39Z" changeset="1"><nd ref="333218970" /><nd ref="11043963392" /><nd ref="254498200" /><nd ref="344485925" /><nd ref="249075328" /><nd ref="254497395" /><nd ref="254497396" /><nd ref="11932536409" /><nd ref="254497397" /><nd ref="344485918" /><nd ref="254497398" /><nd ref="610410546" /><nd ref="610410543" /><nd ref="610410566" /><nd ref="254497399" /><nd ref="2485567680" /><tag k="oneway" v="no" /><tag k="highway" v="secondary" /><tag k="name" v="Narayana Guru Salai" /></way><way user="OSMnx" visible="true" uid="1" version="1" id="30247206" timestamp="2026-08-18T20:44:39Z" changeset="1"><nd ref="254491183" /><nd ref="333219035" /><nd ref="5625312408" /><nd ref="333219007" /><tag k="oneway" v="no" /><tag k="highway" v="residential" /><tag k="name" v="Lettangs road" /></way><way user="OSMnx" visible="true" uid="1" version="1" id="30247209" timestamp="2026-08-18T20:44:39Z" changeset="1"><nd ref="2269934870" /><nd ref="333219007" /><tag k="oneway" v="no" /><tag k="highway" v="residential" /><tag k="name" v="Thakker street" /></way><way user="OSMnx" visible="true" uid="1" version="1" id="30247211" timestamp="2026-08-18T20:44:39Z" changeset="1"><nd ref="333219030" /><nd ref="11235849574" /><nd ref="11593753017" /><nd ref="9189163034" /><nd ref="11593734097" /><nd ref="2269934905" /><nd ref="2269934897" /><nd ref="11593718586" /><nd ref="2269934889" /><nd ref="9189163033" /><nd ref="333219035" /><tag k="oneway" v="no" /><tag k="highway" v="residential" /></way><way user="OSMnx" visible="true" uid="1" version="1" id="30247644" timestamp="2026-08-18T20:44:39Z" changeset="1"><nd ref="254491195" /><nd ref="344454407" /><nd ref="333226183" /><nd ref="11738885162" /><nd ref="333226194" /><tag k="oneway" v="no" /><tag k="highway" v="residential" /><tag k="name" v="Satchi Street" /></way><way user="OSMnx" visible="true" uid="1" version="1" id="30977331" timestamp="2026-08-18T20:44:39Z" changeset="1"><nd ref="344454337" /><nd ref="11738947086" /><nd ref="333226194" /><tag k="oneway" v="no" /><tag k="highway" v="residential" /><tag k="name" v="Ramanujalu Garden Street" /></way><way user="OSMnx" visible="true" uid="1" version="1" id="30977340" timestamp="2026-08-18T20:44:39Z" changeset="1"><nd ref="344454399" /><nd ref="11738947082" /><nd ref="344454403" /><nd ref="344454433" /><nd ref="344454437" /><tag k="oneway" v="no" /><tag k="highway" v="residential" /></way><way user="OSMnx" visible="true" uid="1" version="1" id="30977341" timestamp="2026-08-18T20:44:39Z" changeset="1"><nd ref="344454439" /><nd ref="13961503013" /><tag k="oneway" v="no" /><tag k="highway" v="residential" /><tag k="name" v="Vallam Bangaru Chetty Street" /></way><way user="OSMnx" visible="true" uid="1" version="1" id="30977342" timestamp="2026-08-18T20:44:39Z" changeset="1"><nd ref="344454442" /><nd ref="11363847033" /><nd ref="11770642535" /><nd ref="344454452" /><nd ref="344454439" /><tag k="oneway" v="no" /><tag k="highway" v="residential" /><tag k="name" v="Muthu Naicken Street" /></way><way user="OSMnx" visible="true" uid="1" version="1" id="30977343" timestamp="2026-08-18T20:44:39Z" changeset="1"><nd ref="11363847033" /><nd ref="11363847034" /><nd ref="11363847030" /><nd ref="11363847025" /><tag k="oneway" v="no" /><tag k="highway" v="residential" /><tag k="name" v="Kutti Chetty Street" /></way><way user="OSMnx" visible="true" uid="1" version="1" id="30977344" timestamp="2026-08-18T20:44:39Z" changeset="1"><nd ref="344454452" /><nd ref="11363847036" /><tag k="oneway" v="no" /><tag k="highway" v="residential" /></way><way user="OSMnx" visible="true" uid="1" version="1" id="30979549" timestamp="2026-08-18T20:44:39Z" changeset="1"><nd ref="254491191" /><nd ref="9187378819" /><nd ref="12016139198" /><nd ref="9189163028" /><nd ref="254497758" /><nd ref="610963194" /><nd ref="10696301471" /><nd ref="610963195" /><nd ref="344492699" /><nd ref="344492650" /><nd ref="344492605" /><nd ref="254497759" /><nd ref="254497760" /><nd ref="254497761" /><tag k="oneway" v="no" /><tag k="highway" v="tertiary" /><tag k="name" v="Astabujam Naicken Street" /></way><way user="OSMnx" visible="true" uid="1" version="1" id="30979551" timestamp="2026-08-18T20:44:39Z" changeset="1"><nd ref="254498046" /><nd ref="11721452161" /><nd ref="11721452162" /><nd ref="2270255354" /><nd ref="2270255355" /><nd ref="2270255356" /><nd ref="2270255357" /><nd ref="610963187" /><nd ref="254497791" /><tag k="oneway" v="no" /><tag k="highway" v="residential" /><tag k="name" v="Kuruvam Kulam Street" /></way><way user="OSMnx" visible="true" uid="1" version="1" id="30980490" timestamp="2026-08-18T20:44:39Z" changeset="1"><nd ref="254498030" /><nd ref="254498024" /><nd ref="254498031" /><tag k="oneway" v="no" /><tag k="highway" v="residential" /><tag k="name" v="Anandakrishna Iyer Street" /></way><way user="OSMnx" visible="true" uid="1" version="1" id="30980492" timestamp="2026-08-18T20:44:39Z" changeset="1"><nd ref="344485899" /><nd ref="344485900" /><nd ref="9187378814" /><nd ref="344485901" /><tag k="oneway" v="no" /><tag k="highway" v="residential" /><tag k="name" v="Alathur Subramanya Achari Street" /></way><way user="OSMnx" visible="true" uid="1" version="1" id="30980494" timestamp="2026-08-18T20:44:39Z" changeset="1"><nd ref="344485902" /><nd ref="344485901" /><nd ref="344485905" /><nd ref="11257148958" /><tag k="oneway" v="no" /><tag k="highway" v="residential" /></way><way user="OSMnx" visible="true" uid="1" version="1" id="30980495" timestamp="2026-08-18T20:44:39Z" changeset="1"><nd ref="254497730" /><nd ref="2270240111" /><nd ref="14091868768" /><nd ref="14091868766" /><nd ref="344485906" /><tag k="oneway" v="no" /><tag k="highway" v="residential" /></way><way user="OSMnx" visible="true" uid="1" version="1" id="30980496" timestamp="2026-08-18T20:44:39Z" changeset="1"><nd ref="254497397" /><nd ref="344485907" /><nd ref="344485906" /><tag k="oneway" v="no" /><tag k="highway" v="residential" /></way><way user="OSMnx" visible="true" uid="1" version="1" id="30980497" timestamp="2026-08-18T20:44:39Z" changeset="1"><nd ref="344485907" /><nd ref="344485916" /><nd ref="12032970925" /><nd ref="344485908" /><nd ref="344485914" /><tag k="oneway" v="no" /><tag k="highway" v="living_street" /><tag k="name" v="Choolai High Rd" /></way><way user="OSMnx" visible="true" uid="1" version="1" id="30980498" timestamp="2026-08-18T20:44:39Z" changeset="1"><nd ref="12032970925" /><nd ref="14091868769" /><nd ref="12032970926" /><nd ref="344485915" /><tag k="oneway" v="no" /><tag k="highway" v="residential" /><tag k="name" v="Choolai Bazar Ln" /></way><way user="OSMnx" visible="true" uid="1" version="1" id="30980500" timestamp="2026-08-18T20:44:39Z" changeset="1"><nd ref="344485918" /><nd ref="344485919" /><nd ref="9189159113" /><nd ref="9187378811" /><nd ref="610410506" /><nd ref="9187378804" /><nd ref="344485920" /><tag k="oneway" v="no" /><tag k="highway" v="residential" /><tag k="name" v="Kandappa Mudali Street" /></way><way user="OSMnx" visible="true" uid="1" version="1" id="30980502" timestamp="2026-08-18T20:44:39Z" changeset="1"><nd ref="254497719" /><nd ref="9189159111" /><nd ref="344485922" /><nd ref="344485920" /><nd ref="344485921" /><tag k="oneway" v="no" /><tag k="highway" v="residential" /><tag k="name" v="Kandappa Mudali Street" /></way><way user="OSMnx" visible="true" uid="1" version="1" id="30980503" timestamp="2026-08-18T20:44:39Z" changeset="1"><nd ref="344485922" /><nd ref="344485924" /><tag k="oneway" v="no" /><tag k="highway" v="residential" /><tag k="name" v="Nellu Challadai Street" /></way><way user="OSMnx" visible="true" uid="1" version="1" id="30980504" timestamp="2026-08-18T20:44:39Z" changeset="1"><nd ref="344485925" /><nd ref="254497720" /><nd ref="344485926" /><nd ref="344485919" /><nd ref="311286999" /><tag k="oneway" v="no" /><tag k="highway" v="residential" /><tag k="name" v="Vathiar Kandan Street" /></way><way user="OSMnx" visible="true" uid="1" version="1" id="30980505" timestamp="2026-08-18T20:44:39Z" changeset="1"><nd ref="344485926" /><nd ref="9189159112" /><nd ref="344485927" /><nd ref="610410506" /><tag k="oneway" v="no" /><tag k="highway" v="residential" /><tag k="name" v="Arani Muthu Street" /></way><way user="OSMnx" visible="true" uid="1" version="1" id="30980508" timestamp="2026-08-18T20:44:39Z" changeset="1"><nd ref="12014896334" /><nd ref="344485933" /><nd ref="344492574" /><tag k="oneway" v="no" /><tag k="highway" v="residential" /><tag k="name" v="Nammalwar Street" /></way><way user="OSMnx" visible="true" uid="1" version="1" id="30981160" timestamp="2026-08-18T20:44:39Z" changeset="1"><nd ref="344492596" /><nd ref="3671575827" /><nd ref="254497760" /><tag k="oneway" v="no" /><tag k="highway" v="residential" /></way><way user="OSMnx" visible="true" uid="1" version="1" id="30981161" timestamp="2026-08-18T20:44:39Z" changeset="1"><nd ref="344492605" /><nd ref="344492627" /><tag k="oneway" v="no" /><tag k="highway" v="residential" /></way><way user="OSMnx" visible="true" uid="1" version="1" id="30981162" timestamp="2026-08-18T20:44:39Z" changeset="1"><nd ref="344492650" /><nd ref="344492660" /><tag k="oneway" v="no" /><tag k="highway" v="residential" /><tag k="name" v="Sidddhalu Chetty Lane" /></way><way user="OSMnx" visible="true" uid="1" version="1" id="30981163" timestamp="2026-08-18T20:44:39Z" changeset="1"><nd ref="344492678" /><nd ref="3724205610" /><nd ref="3671575828" /><nd ref="344492699" /><tag k="oneway" v="no" /><tag k="highway" v="residential" /><tag k="name" v="Kancheepuram Muniswamy Street" /></way><way user="OSMnx" visible="true" uid="1" version="1" id="30981165" timestamp="2026-08-18T20:44:39Z" changeset="1"><nd ref="344492736" /><nd ref="344492748" /><nd ref="610963202" /><nd ref="610963180" /><tag k="oneway" v="no" /><tag k="highway" v="residential" /><tag k="name" v="KM Garden Street" /></way><way user="OSMnx" visible="true" uid="1" version="1" id="30981167" timestamp="2026-08-18T20:44:39Z" changeset="1"><nd ref="254498018" /><nd ref="254498019" /><tag k="oneway" v="no" /><tag k="highway" v="residential" /></way><way user="OSMnx" visible="true" uid="1" version="1" id="30981169" timestamp="2026-08-18T20:44:39Z" changeset="1"><nd ref="344492741" /><nd ref="344492742" /><nd ref="2270244756" /><nd ref="11257148959" /><nd ref="2270244755" /><nd ref="344492740" /><tag k="oneway" v="no" /><tag k="highway" v="residential" /></way><way user="OSMnx" visible="true" uid="1" version="1" id="30981170" timestamp="2026-08-18T20:44:39Z" changeset="1"><nd ref="254498004" /><nd ref="11721820270" /><nd ref="11721820271" /><nd ref="344492743" /><tag k="oneway" v="no" /><tag k="highway" v="living_street" /></way><way user="OSMnx" visible="true" uid="1" version="1" id="30981172" timestamp="2026-08-18T20:44:39Z" changeset="1"><nd ref="344492745" /><nd ref="2172865438" /><nd ref="2172865436" /><nd ref="2172865434" /><tag k="oneway" v="no" /><tag k="highway" v="residential" /></way><way user="OSMnx" visible="true" uid="1" version="1" id="30981174" timestamp="2026-08-18T20:44:39Z" changeset="1"><nd ref="7051244629" /><nd ref="11064517109" /><nd ref="7051244628" /><nd ref="9930949529" /><nd ref="10213527379" /><nd ref="344492750" /><tag k="oneway" v="no" /><tag k="highway" v="residential" /></way><way user="OSMnx" visible="true" uid="1" version="1" id="30981175" timestamp="2026-08-18T20:44:39Z" changeset="1"><nd ref="344492750" /><nd ref="11363907651" /><nd ref="344492751" /><nd ref="254497848" /><tag k="oneway" v="no" /><tag k="highway" v="residential" /></way><way user="OSMnx" visible="true" uid="1" version="1" id="30982261" timestamp="2026-08-18T20:44:39Z" changeset="1"><nd ref="344506120" /><nd ref="2491497254" /><nd ref="11721452142" /><nd ref="344506122" /><tag k="oneway" v="no" /><tag k="highway" v="residential" /></way><way user="OSMnx" visible="true" uid="1" version="1" id="30982263" timestamp="2026-08-18T20:44:39Z" changeset="1"><nd ref="344506132" /><nd ref="344506125" /><nd ref="344506123" /><nd ref="11721802858" /><nd ref="254498008" /><tag k="oneway" v="no" /><tag k="highway" v="residential" /><tag k="name" v="D'Mellows Lane" /></way><way user="OSMnx" visible="true" uid="1" version="1" id="30982265" timestamp="2026-08-18T20:44:39Z" changeset="1"><nd ref="344506123" /><nd ref="2491497251" /><nd ref="344506124" /><tag k="oneway" v="no" /><tag k="highway" v="residential" /></way><way user="OSMnx" visible="true" uid="1" version="1" id="30982266" timestamp="2026-08-18T20:44:39Z" changeset="1"><nd ref="344506138" /><nd ref="3723064406" /><nd ref="11721452141" /><nd ref="344506122" /><tag k="oneway" v="no" /><tag k="highway" v="residential" /></way><way user="OSMnx" visible="true" uid="1" version="1" id="31762974" timestamp="2026-08-18T20:44:39Z" changeset="1"><nd ref="309061742" /><nd ref="14041248761" /><nd ref="355549780" /><nd ref="11830090751" /><nd ref="14041248762" /><nd ref="355549784" /><nd ref="1279325397" /><nd ref="14041248758" /><nd ref="14041248757" /><nd ref="2241833392" /><nd ref="2241833418" /><nd ref="2241833426" /><tag k="oneway" v="no" /><tag k="highway" v="residential" /></way><way user="OSMnx" visible="true" uid="1" version="1" id="31796036" timestamp="2026-08-18T20:44:39Z" changeset="1"><nd ref="11786145621" /><nd ref="254491178" /><tag k="oneway" v="no" /><tag k="highway" v="residential" /></way><way user="OSMnx" visible="true" uid="1" version="1" id="32589385" timestamp="2026-08-18T20:44:39Z" changeset="1"><nd ref="248467912" /><nd ref="367869131" /><nd ref="248467935" /><nd ref="248467915" /><nd ref="248467917" /><nd ref="248467921" /><nd ref="248467926" /><nd ref="248468644" /><nd ref="248467931" /><tag k="oneway" v="no" /><tag k="highway" v="residential" /><tag k="name" v="Wallers Road" /></way><way user="OSMnx" visible="true" uid="1" version="1" id="32589390" timestamp="2026-08-18T20:44:39Z" changeset="1"><nd ref="248467966" /><nd ref="248468210" /><nd ref="248468211" /><nd ref="248468212" /><nd ref="248468109" /><tag k="oneway" v="no" /><tag k="highway" v="residential" /><tag k="name" v="Atthipattan Street" /></way><way user="OSMnx" visible="true" uid="1" version="1" id="32648128" timestamp="2026-08-18T20:44:39Z" changeset="1"><nd ref="2197639884" /><nd ref="266204447" /><nd ref="10942180826" /><nd ref="10942180819" /><nd ref="266204482" /><nd ref="248467908" /><nd ref="11780216059" /><nd ref="11764764431" /><nd ref="11780216061" /><nd ref="2197639855" /><nd ref="10945643924" /><nd ref="2197639825" /><nd ref="2197639820" /><nd ref="10945643925" /><nd ref="2197639817" /><nd ref="10945638499" /><tag k="oneway" v="yes" /><tag k="highway" v="secondary" /><tag k="name" v="Pantheon Road" /></way><way user="OSMnx" visible="true" uid="1" version="1" id="32690390" timestamp="2026-08-18T20:44:39Z" changeset="1"><nd ref="248468201" /><nd ref="367869131" /><tag k="oneway" v="no" /><tag k="highway" v="residential" /><tag k="name" v="Wallers Lane" /></way><way user="OSMnx" visible="true" uid="1" version="1" id="32690427" timestamp="2026-08-18T20:44:39Z" changeset="1"><nd ref="367869310" /><nd ref="367869383" /><nd ref="367869386" /><nd ref="3724594529" /><nd ref="3724594530" /><nd ref="367869387" /><tag k="oneway" v="no" /><tag k="highway" v="residential" /><tag k="name" v="Hussain Sahib Lane" /></way><way user="OSMnx" visible="true" uid="1" version="1" id="32690463" timestamp="2026-08-18T20:44:39Z" changeset="1"><nd ref="367869636" /><nd ref="367869639" /><tag k="oneway" v="no" /><tag k="highway" v="residential" /><tag k="name" v="Seeyaliamman Koil Lane" /></way><way user="OSMnx" visible="true" uid="1" version="1" id="32827291" timestamp="2026-08-18T20:44:39Z" changeset="1"><nd ref="369875180" /><nd ref="369875200" /><nd ref="2269919983" /><nd ref="11593774036" /><nd ref="11593774037" /><nd ref="11593774038" /><nd ref="11593774040" /><nd ref="11593774039" /><tag k="oneway" v="no" /><tag k="highway" v="residential" /></way><way user="OSMnx" visible="true" uid="1" version="1" id="33625352" timestamp="2026-08-18T20:44:39Z" changeset="1"><nd ref="5744866563" /><nd ref="13880733733" /><nd ref="10307952078" /><nd ref="11764780382" /><nd ref="2197639714" /><nd ref="13880733743" /><tag k="oneway" v="yes" /><tag k="highway" v="secondary_link" /></way><way user="OSMnx" visible="true" uid="1" version="1" id="47107730" timestamp="2026-08-18T20:44:39Z" changeset="1"><nd ref="600643472" /><nd ref="600643473" /><tag k="oneway" v="no" /><tag k="highway" v="living_street" /><tag k="name" v="Sivaram Street" /></way><way user="OSMnx" visible="true" uid="1" version="1" id="47107733" timestamp="2026-08-18T20:44:39Z" changeset="1"><nd ref="258916007" /><nd ref="3496205378" /><nd ref="258916021" /><nd ref="9913682360" /><nd ref="258916057" /><tag k="oneway" v="no" /><tag k="highway" v="living_street" /><tag k="name" v="Thulasingam Street" /></way><way user="OSMnx" visible="true" uid="1" version="1" id="47107734" timestamp="2026-08-18T20:44:39Z" changeset="1"><nd ref="258917142" /><nd ref="258917206" /><nd ref="258917150" /><nd ref="3671773254" /><nd ref="3671773250" /><nd ref="3671773247" /><nd ref="3671773246" /><nd ref="3671773241" /><nd ref="310505810" /><tag k="oneway" v="no" /><tag k="highway" v="living_street" /><tag k="name" v="Badriah Street" /></way><way user="OSMnx" visible="true" uid="1" version="1" id="47107735" timestamp="2026-08-18T20:44:39Z" changeset="1"><nd ref="600643484" /><nd ref="600643487" /><tag k="oneway" v="no" /><tag k="highway" v="living_street" /><tag k="name" v="Tanappa Street" /></way><way user="OSMnx" visible="true" uid="1" version="1" id="47107736" timestamp="2026-08-18T20:44:39Z" changeset="1"><nd ref="258890834" /><nd ref="258890861" /><nd ref="258890835" /><tag k="oneway" v="no" /><tag k="highway" v="residential" /><tag k="name" v="Bangarammai Street" /></way><way user="OSMnx" visible="true" uid="1" version="1" id="47107737" timestamp="2026-08-18T20:44:39Z" changeset="1"><nd ref="600643490" /><nd ref="600643488" /><tag k="oneway" v="no" /><tag k="highway" v="residential" /><tag k="name" v="Bommiyalayyar Street" /></way><way user="OSMnx" visible="true" uid="1" version="1" id="47107738" timestamp="2026-08-18T20:44:39Z" changeset="1"><nd ref="258915959" /><nd ref="3671711885" /><nd ref="10139566199" /><nd ref="600643489" /><tag k="oneway" v="no" /><tag k="highway" v="residential" /><tag k="name" v="Vaikuntavathiyar Street" /></way><way user="OSMnx" visible="true" uid="1" version="1" id="47107739" timestamp="2026-08-18T20:44:39Z" changeset="1"><nd ref="247435685" /><nd ref="258915992" /><tag k="oneway" v="no" /><tag k="highway" v="living_street" /><tag k="name" v="Bad Garden Street" /></way><way user="OSMnx" visible="true" uid="1" version="1" id="47107746" timestamp="2026-08-18T20:44:39Z" changeset="1"><nd ref="600643518" /><nd ref="600643520" /><tag k="oneway" v="no" /><tag k="highway" v="living_street" /><tag k="name" v="Anderson Lane" /></way><way user="OSMnx" visible="true" uid="1" version="1" id="47107747" timestamp="2026-08-18T20:44:39Z" changeset="1"><nd ref="3494512814" /><nd ref="258916071" /><tag k="oneway" v="no" /><tag k="highway" v="living_street" /><tag k="name" v="Periya Naicken Street" /></way><way user="OSMnx" visible="true" uid="1" version="1" id="47415245" timestamp="2026-08-18T20:44:39Z" changeset="1"><nd ref="3681672735" /><nd ref="3671711893" /><nd ref="254149364" /><nd ref="3681672734" /><nd ref="254149379" /><nd ref="254149380" /><nd ref="254149385" /><nd ref="254149394" /><tag k="oneway" v="no" /><tag k="highway" v="residential" /><tag k="name" v="Perumal Koil Garden Street" /></way><way user="OSMnx" visible="true" uid="1" version="1" id="47415246" timestamp="2026-08-18T20:44:39Z" changeset="1"><nd ref="603480737" /><nd ref="603480739" /><nd ref="603480713" /><nd ref="603480712" /><tag k="oneway" v="no" /><tag k="highway" v="residential" /></way><way user="OSMnx" visible="true" uid="1" version="1" id="47415247" timestamp="2026-08-18T20:44:39Z" changeset="1"><nd ref="254149413" /><nd ref="254149603" /><nd ref="254149532" /><nd ref="254149516" /><nd ref="254149547" /><tag k="oneway" v="no" /><tag k="highway" v="residential" /><tag k="name" v="Anna Pillai 1st Lane" /></way><way user="OSMnx" visible="true" uid="1" version="1" id="47415251" timestamp="2026-08-18T20:44:39Z" changeset="1"><nd ref="254149394" /><nd ref="254149397" /><nd ref="254149398" /><nd ref="254149403" /><tag k="oneway" v="no" /><tag k="highway" v="residential" /><tag k="name" v="Trivelayan Basin Street" /></way><way user="OSMnx" visible="true" uid="1" version="1" id="47416273" timestamp="2026-08-18T20:44:39Z" changeset="1"><nd ref="258916558" /><nd ref="3672798658" /><nd ref="258916960" /><nd ref="3672798661" /><nd ref="9187378770" /><nd ref="3672798665" /><nd ref="3672798667" /><tag k="oneway" v="no" /><tag k="highway" v="living_street" /><tag k="name" v="Kandappa Chetty Street" /></way><way user="OSMnx" visible="true" uid="1" version="1" id="47416274" timestamp="2026-08-18T20:44:39Z" changeset="1"><nd ref="258917559" /><nd ref="258917563" /><tag k="oneway" v="no" /><tag k="highway" v="residential" /></way><way user="OSMnx" visible="true" uid="1" version="1" id="47416276" timestamp="2026-08-18T20:44:39Z" changeset="1"><nd ref="603499106" /><nd ref="3672798672" /><nd ref="603499103" /><nd ref="603499105" /><tag k="oneway" v="no" /><tag k="highway" v="living_street" /><tag k="name" v="Varada Muthiappan Lane" /></way><way user="OSMnx" visible="true" uid="1" version="1" id="47472641" timestamp="2026-08-18T20:44:39Z" changeset="1"><nd ref="247439426" /><nd ref="247439424" /><nd ref="258890819" /><nd ref="247439423" /><nd ref="247435875" /><nd ref="258890800" /><nd ref="258890943" /><nd ref="258891008" /><nd ref="258891044" /><nd ref="258891042" /><nd ref="310506635" /><nd ref="258890907" /><nd ref="247435682" /><tag k="oneway" v="yes" /><tag k="highway" v="residential" /><tag k="name" v="South Mint Street" /></way><way user="OSMnx" visible="true" uid="1" version="1" id="47997855" timestamp="2026-08-18T20:44:39Z" changeset="1"><nd ref="254497447" /><nd ref="9507057526" /><nd ref="258969899" /><nd ref="11420120717" /><nd ref="11420120716" /><nd ref="258969900" /><nd ref="11420120715" /><nd ref="11420120714" /><nd ref="11420120713" /><nd ref="11420120712" /><nd ref="8629128208" /><nd ref="258969903" /><tag k="oneway" v="no" /><tag k="highway" v="residential" /><tag k="name" v="Ekambara Kumaraguru Road" /></way><way user="OSMnx" visible="true" uid="1" version="1" id="47997856" timestamp="2026-08-18T20:44:39Z" changeset="1"><nd ref="254497693" /><nd ref="2214510225" /><nd ref="254497709" /><nd ref="610410364" /><nd ref="254497436" /><nd ref="254498066" /><nd ref="254497719" /><nd ref="254497720" /><nd ref="254497395" /><nd ref="254497721" /><tag k="oneway" v="no" /><tag k="highway" v="tertiary" /><tag k="name" v="Maddox Street" /></way><way user="OSMnx" visible="true" uid="1" version="1" id="47997860" timestamp="2026-08-18T20:44:39Z" changeset="1"><nd ref="610410364" /><nd ref="11618542315" /><nd ref="11618542317" /><nd ref="610410372" /><nd ref="11618542318" /><nd ref="610410356" /><tag k="oneway" v="no" /><tag k="highway" v="residential" /><tag k="name" v="Salai Street" /></way><way user="OSMnx" visible="true" uid="1" version="1" id="47997861" timestamp="2026-08-18T20:44:39Z" changeset="1"><nd ref="11618542315" /><nd ref="610410366" /><tag k="oneway" v="no" /><tag k="highway" v="residential" /><tag k="name" v="Naramban Street" /></way><way user="OSMnx" visible="true" uid="1" version="1" id="47997862" timestamp="2026-08-18T20:44:39Z" changeset="1"><nd ref="610410359" /><nd ref="2214510229" /><nd ref="610410361" /><nd ref="610410368" /><tag k="oneway" v="no" /><tag k="highway" v="residential" /><tag k="name" v="Aryan Lane" /></way><way user="OSMnx" visible="true" uid="1" version="1" id="47997863" timestamp="2026-08-18T20:44:39Z" changeset="1"><nd ref="254491279" /><nd ref="254491161" /><tag k="oneway" v="no" /><tag k="highway" v="residential" /></way><way user="OSMnx" visible="true" uid="1" version="1" id="47997866" timestamp="2026-08-18T20:44:39Z" changeset="1"><nd ref="333218976" /><nd ref="254491308" /><nd ref="254491314" /><nd ref="254491319" /><nd ref="254498061" /><nd ref="610410402" /><nd ref="2270240040" /><nd ref="254498064" /><nd ref="254498065" /><nd ref="254498066" /><tag k="oneway" v="no" /><tag k="highway" v="tertiary" /><tag k="name" v="General Collins Road" /></way><way user="OSMnx" visible="true" uid="1" version="1" id="47997867" timestamp="2026-08-18T20:44:39Z" changeset="1"><nd ref="254498032" /><nd ref="254498017" /><nd ref="9187378815" /><nd ref="254498031" /><nd ref="2491497222" /><tag k="oneway" v="no" /><tag k="highway" v="residential" /><tag k="name" v="Andiyappa Mudali Street" /></way><way user="OSMnx" visible="true" uid="1" version="1" id="47997868" timestamp="2026-08-18T20:44:39Z" changeset="1"><nd ref="254498019" /><nd ref="11721452157" /><nd ref="11721452158" /><nd ref="610410408" /><tag k="oneway" v="no" /><tag k="highway" v="residential" /></way><way user="OSMnx" visible="true" uid="1" version="1" id="47997869" timestamp="2026-08-18T20:44:39Z" changeset="1"><nd ref="254498020" /><nd ref="11363592455" /><nd ref="11363592456" /><nd ref="11363592457" /><nd ref="2491497233" /><nd ref="11363592453" /><nd ref="11363592451" /><nd ref="11363592452" /><nd ref="11770642530" /><tag k="oneway" v="no" /><tag k="highway" v="residential" /></way><way user="OSMnx" visible="true" uid="1" version="1" id="47997871" timestamp="2026-08-18T20:44:39Z" changeset="1"><nd ref="254498019" /><nd ref="254498020" /><nd ref="254498021" /><nd ref="11770642531" /><nd ref="254498022" /><nd ref="11770642534" /><nd ref="254498023" /><tag k="oneway" v="no" /><tag k="highway" v="residential" /></way><way user="OSMnx" visible="true" uid="1" version="1" id="47997873" timestamp="2026-08-18T20:44:39Z" changeset="1"><nd ref="254498022" /><nd ref="11770642532" /><nd ref="11770642533" /><nd ref="2491497232" /><tag k="oneway" v="no" /><tag k="highway" v="residential" /></way><way user="OSMnx" visible="true" uid="1" version="1" id="47997874" timestamp="2026-08-18T20:44:39Z" changeset="1"><nd ref="254497745" /><nd ref="610410404" /><tag k="oneway" v="no" /><tag k="highway" v="living_street" /></way><way user="OSMnx" visible="true" uid="1" version="1" id="47997875" timestamp="2026-08-18T20:44:39Z" changeset="1"><nd ref="254497228" /><nd ref="11721802851" /><nd ref="9189163027" /><nd ref="11721802847" /><nd ref="11721802848" /><nd ref="11721802843" /><nd ref="11721802846" /><nd ref="11721802845" /><nd ref="11721802844" /><nd ref="610410416" /><nd ref="610410419" /><tag k="oneway" v="no" /><tag k="highway" v="residential" /></way><way user="OSMnx" visible="true" uid="1" version="1" id="47997876" timestamp="2026-08-18T20:44:39Z" changeset="1"><nd ref="254497593" /><nd ref="9187378787" /><nd ref="254497594" /><tag k="oneway" v="no" /><tag k="highway" v="residential" /><tag k="name" v="Sheikh Ali Subedar Street" /></way><way user="OSMnx" visible="true" uid="1" version="1" id="47997880" timestamp="2026-08-18T20:44:39Z" changeset="1"><nd ref="254497607" /><nd ref="254497612" /><nd ref="254497613" /><tag k="oneway" v="no" /><tag k="highway" v="residential" /><tag k="name" v="Narayana Chetti Street" /></way><way user="OSMnx" visible="true" uid="1" version="1" id="47997881" timestamp="2026-08-18T20:44:39Z" changeset="1"><nd ref="610410438" /><nd ref="610410431" /><nd ref="610410435" /><tag k="oneway" v="no" /><tag k="highway" v="residential" /><tag k="name" v="Naval Hospital 5th Street" /></way><way user="OSMnx" visible="true" uid="1" version="1" id="47997882" timestamp="2026-08-18T20:44:39Z" changeset="1"><nd ref="610410456" /><nd ref="610410462" /><tag k="oneway" v="no" /><tag k="highway" v="residential" /><tag k="name" v="Naval Hospital 3rd Street" /></way><way user="OSMnx" visible="true" uid="1" version="1" id="47997883" timestamp="2026-08-18T20:44:39Z" changeset="1"><nd ref="610410466" /><nd ref="610410460" /><tag k="oneway" v="no" /><tag k="highway" v="residential" /><tag k="name" v="Naval Hospital 2nd Street" /></way><way user="OSMnx" visible="true" uid="1" version="1" id="47997885" timestamp="2026-08-18T20:44:39Z" changeset="1"><nd ref="254497618" /><nd ref="254497558" /><nd ref="254497447" /><tag k="oneway" v="no" /><tag k="highway" v="residential" /><tag k="name" v="Swamy Mudali Street" /></way><way user="OSMnx" visible="true" uid="1" version="1" id="47997887" timestamp="2026-08-18T20:44:39Z" changeset="1"><nd ref="254497588" /><nd ref="254497645" /><nd ref="254497593" /><tag k="oneway" v="no" /><tag k="highway" v="residential" /><tag k="name" v="Muthu Street" /></way><way user="OSMnx" visible="true" uid="1" version="1" id="47997888" timestamp="2026-08-18T20:44:39Z" changeset="1"><nd ref="610410526" /><nd ref="610410528" /><nd ref="11064341821" /><nd ref="610410535" /><nd ref="610410566" /><tag k="oneway" v="no" /><tag k="highway" v="residential" /></way><way user="OSMnx" visible="true" uid="1" version="1" id="47997893" timestamp="2026-08-18T20:44:39Z" changeset="1"><nd ref="610410489" /><nd ref="610410481" /><nd ref="610410483" /><tag k="oneway" v="no" /><tag k="highway" v="living_street" /><tag k="name" v="Swaminathan Lane" /></way><way user="OSMnx" visible="true" uid="1" version="1" id="47997894" timestamp="2026-08-18T20:44:39Z" changeset="1"><nd ref="610410485" /><nd ref="610410487" /><nd ref="2214510244" /><tag k="oneway" v="no" /><tag k="highway" v="living_street" /><tag k="name" v="Arunachala Pillai Lane" /></way><way user="OSMnx" visible="true" uid="1" version="1" id="47997896" timestamp="2026-08-18T20:44:39Z" changeset="1"><nd ref="12757036711" /><nd ref="610410592" /><nd ref="610410587" /><nd ref="610410589" /><nd ref="610410608" /><tag k="oneway" v="yes" /><tag k="bridge" v="yes" /><tag k="highway" v="secondary" /><tag k="name" v="Elephant Gate Bridge Road" /></way><way user="OSMnx" visible="true" uid="1" version="1" id="47997897" timestamp="2026-08-18T20:44:39Z" changeset="1"><nd ref="247438030" /><nd ref="9926980753" /><nd ref="247438032" /><nd ref="258969907" /><nd ref="247438033" /><nd ref="12757036710" /><tag k="oneway" v="yes" /><tag k="bridge" v="yes" /><tag k="highway" v="secondary" /><tag k="name" v="Elephant Gate Bridge Road" /></way><way user="OSMnx" visible="true" uid="1" version="1" id="47997898" timestamp="2026-08-18T20:44:39Z" changeset="1"><nd ref="610410615" /><nd ref="11431663709" /><nd ref="11431663708" /><nd ref="11431663707" /><nd ref="11431663706" /><nd ref="11431663705" /><nd ref="11431663704" /><nd ref="11431663703" /><nd ref="610410613" /><nd ref="11431663711" /><tag k="oneway" v="yes" /><tag k="highway" v="secondary" /><tag k="name" v="Elephant Gate Bridge Road" /></way><way user="OSMnx" visible="true" uid="1" version="1" id="47997899" timestamp="2026-08-18T20:44:39Z" changeset="1"><nd ref="610410570" /><nd ref="344485914" /><nd ref="610410573" /><nd ref="610410576" /><nd ref="610410577" /><nd ref="12706519218" /><nd ref="10277778732" /><nd ref="10277778733" /><nd ref="10277778734" /><nd ref="10277778735" /><nd ref="12706519222" /><nd ref="10277778736" /><nd ref="10277778737" /><nd ref="10277778738" /><nd ref="254497222" /><nd ref="10277778741" /><nd ref="10277778742" /><nd ref="11058719146" /><nd ref="10277778743" /><nd ref="10277778751" /><nd ref="10277778745" /><nd ref="11292812953" /><tag k="oneway" v="yes" /><tag k="highway" v="secondary" /><tag k="name" v="Elephant Gate Bridge Road" /></way><way user="OSMnx" visible="true" uid="1" version="1" id="47997900" timestamp="2026-08-18T20:44:39Z" changeset="1"><nd ref="610410576" /><nd ref="344485915" /><tag k="oneway" v="no" /><tag k="highway" v="unclassified" /></way><way user="OSMnx" visible="true" uid="1" version="1" id="47997903" timestamp="2026-08-18T20:44:39Z" changeset="1"><nd ref="610410608" /><nd ref="610410615" /><tag k="oneway" v="yes" /><tag k="bridge" v="yes" /><tag k="highway" v="secondary" /><tag k="name" v="Elephant Gate Bridge" /></way><way user="OSMnx" visible="true" uid="1" version="1" id="47997904" timestamp="2026-08-18T20:44:39Z" changeset="1"><nd ref="247438029" /><nd ref="247438030" /><tag k="oneway" v="yes" /><tag k="bridge" v="yes" /><tag k="highway" v="secondary" /><tag k="name" v="Elephant Gate Bridge" /></way><way user="OSMnx" visible="true" uid="1" version="1" id="48048689" timestamp="2026-08-18T20:44:39Z" changeset="1"><nd ref="344492751" /><nd ref="610888766" /><tag k="oneway" v="no" /><tag k="highway" v="residential" /></way><way user="OSMnx" visible="true" uid="1" version="1" id="48049856" timestamp="2026-08-18T20:44:39Z" changeset="1"><nd ref="610900256" /><nd ref="610900301" /><tag k="oneway" v="no" /><tag k="highway" v="residential" /><tag k="name" v="Dhimaraja Koil St" /></way><way user="OSMnx" visible="true" uid="1" version="1" id="48049858" timestamp="2026-08-18T20:44:39Z" changeset="1"><nd ref="610900267" /><nd ref="9189163031" /><nd ref="610900257" /><nd ref="610900258" /><tag k="oneway" v="no" /><tag k="highway" v="residential" /><tag k="name" v="Dhimaraja Koil Lane" /></way><way user="OSMnx" visible="true" uid="1" version="1" id="48049862" timestamp="2026-08-18T20:44:39Z" changeset="1"><nd ref="610900254" /><nd ref="610900255" /><nd ref="610900264" /><tag k="oneway" v="no" /><tag k="highway" v="residential" /></way><way user="OSMnx" visible="true" uid="1" version="1" id="48049868" timestamp="2026-08-18T20:44:39Z" changeset="1"><nd ref="610900283" /><nd ref="11487032285" /><nd ref="610900285" /><nd ref="610900286" /><tag k="oneway" v="no" /><tag k="highway" v="living_street" /></way><way user="OSMnx" visible="true" uid="1" version="1" id="48049871" timestamp="2026-08-18T20:44:39Z" changeset="1"><nd ref="610900271" /><nd ref="610900272" /><nd ref="610900268" /><tag k="oneway" v="no" /><tag k="highway" v="residential" /><tag k="name" v="Hunter's Lane" /></way><way user="OSMnx" visible="true" uid="1" version="1" id="48049873" timestamp="2026-08-18T20:44:39Z" changeset="1"><nd ref="254497755" /><nd ref="344492627" /><nd ref="344492660" /><nd ref="344492678" /><nd ref="254497757" /><tag k="oneway" v="no" /><tag k="highway" v="tertiary" /><tag k="name" v="Narasinga Perumal Koil Street" /></way><way user="OSMnx" visible="true" uid="1" version="1" id="48049875" timestamp="2026-08-18T20:44:39Z" changeset="1"><nd ref="254498040" /><nd ref="11721452166" /><nd ref="11721452163" /><nd ref="254498041" /><nd ref="11721452164" /><nd ref="11721452165" /><nd ref="254497747" /><tag k="oneway" v="no" /><tag k="highway" v="living_street" /><tag k="name" v="Manickam Street" /></way><way user="OSMnx" visible="true" uid="1" version="1" id="48049881" timestamp="2026-08-18T20:44:39Z" changeset="1"><nd ref="254497759" /><nd ref="254497808" /><tag k="oneway" v="no" /><tag k="highway" v="tertiary" /></way><way user="OSMnx" visible="true" uid="1" version="1" id="48057033" timestamp="2026-08-18T20:44:39Z" changeset="1"><nd ref="610963194" /><nd ref="11363783288" /><nd ref="610963197" /><nd ref="610963161" /><tag k="oneway" v="no" /><tag k="highway" v="residential" /></way><way user="OSMnx" visible="true" uid="1" version="1" id="48057034" timestamp="2026-08-18T20:44:39Z" changeset="1"><nd ref="610963174" /><nd ref="610963201" /><nd ref="610963198" /><tag k="oneway" v="no" /><tag k="highway" v="living_street" /></way><way user="OSMnx" visible="true" uid="1" version="1" id="48057035" timestamp="2026-08-18T20:44:39Z" changeset="1"><nd ref="610963199" /><nd ref="610963200" /><nd ref="610963175" /><nd ref="610963177" /><tag k="oneway" v="no" /><tag k="highway" v="living_street" /></way><way user="OSMnx" visible="true" uid="1" version="1" id="48057036" timestamp="2026-08-18T20:44:39Z" changeset="1"><nd ref="254498107" /><nd ref="11721452168" /><nd ref="254498143" /><nd ref="254498145" /><tag k="oneway" v="no" /><tag k="highway" v="residential" /><tag k="name" v="Thirumalayappa Mudali Street" /></way><way user="OSMnx" visible="true" uid="1" version="1" id="48057041" timestamp="2026-08-18T20:44:39Z" changeset="1"><nd ref="610963177" /><nd ref="610963174" /><nd ref="11064517108" /><nd ref="610963180" /><tag k="oneway" v="no" /><tag k="highway" v="living_street" /></way><way user="OSMnx" visible="true" uid="1" version="1" id="48057042" timestamp="2026-08-18T20:44:39Z" changeset="1"><nd ref="2270255360" /><nd ref="2270255361" /><nd ref="11721802783" /><nd ref="11721802784" /><nd ref="11721802785" /><nd ref="11721802786" /><nd ref="610963193" /><nd ref="610963187" /><nd ref="11780149021" /><tag k="oneway" v="no" /><tag k="highway" v="residential" /><tag k="name" v="Chokkavelsubramani Street" /></way><way user="OSMnx" visible="true" uid="1" version="1" id="48057044" timestamp="2026-08-18T20:44:39Z" changeset="1"><nd ref="610963186" /><nd ref="11363783291" /><nd ref="11363783290" /><nd ref="11363783289" /><nd ref="11721802778" /><nd ref="11721802779" /><nd ref="610963196" /><nd ref="11363783292" /><nd ref="11363783293" /><nd ref="11363783294" /><nd ref="11363783288" /><tag k="oneway" v="no" /><tag k="highway" v="residential" /><tag k="name" v="Murugesan Street" /></way><way user="OSMnx" visible="true" uid="1" version="1" id="48057045" timestamp="2026-08-18T20:44:39Z" changeset="1"><nd ref="610963202" /><nd ref="610963201" /><nd ref="610963200" /><tag k="oneway" v="no" /><tag k="highway" v="living_street" /></way><way user="OSMnx" visible="true" uid="1" version="1" id="48057421" timestamp="2026-08-18T20:44:39Z" changeset="1"><nd ref="333226194" /><nd ref="344454395" /><nd ref="344454376" /><nd ref="11064385045" /><nd ref="344454379" /><tag k="oneway" v="no" /><tag k="highway" v="residential" /><tag k="name" v="Ramanujalu Garden Street" /></way><way user="OSMnx" visible="true" uid="1" version="1" id="48057425" timestamp="2026-08-18T20:44:39Z" changeset="1"><nd ref="344454399" /><nd ref="11721820302" /><tag k="oneway" v="no" /><tag k="highway" v="residential" /><tag k="name" v="Ramanujammal Street" /></way><way user="OSMnx" visible="true" uid="1" version="1" id="48115222" timestamp="2026-08-18T20:44:39Z" changeset="1"><nd ref="257932231" /><nd ref="344454442" /><nd ref="11363847037" /><nd ref="254491191" /><tag k="oneway" v="no" /><tag k="highway" v="residential" /><tag k="name" v="Venkatesa Street" /></way><way user="OSMnx" visible="true" uid="1" version="1" id="62069831" timestamp="2026-08-18T20:44:39Z" changeset="1"><nd ref="303283585" /><nd ref="2271543379" /><nd ref="2271543373" /><nd ref="2271543364" /><tag k="ref" v="SHU86" /><tag k="oneway" v="yes" /><tag k="highway" v="primary" /><tag k="name" v="Muthuswamy Road" /></way><way user="OSMnx" visible="true" uid="1" version="1" id="83075005" timestamp="2026-08-18T20:44:39Z" changeset="1"><nd ref="309061637" /><nd ref="966544184" /><nd ref="966544198" /><tag k="oneway" v="yes" /><tag k="highway" v="secondary" /><tag k="name" v="Pallavan Salai" /></way><way user="OSMnx" visible="true" uid="1" version="1" id="83075009" timestamp="2026-08-18T20:44:39Z" changeset="1"><nd ref="966544198" /><nd ref="11411603542" /><nd ref="9576053003" /><nd ref="966544158" /><nd ref="966544048" /><nd ref="5401053980" /><nd ref="966544085" /><nd ref="966544162" /><nd ref="11143429802" /><nd ref="2241833408" /><tag k="oneway" v="yes" /><tag k="highway" v="secondary" /><tag k="name" v="Pallavan Salai" /></way><way user="OSMnx" visible="true" uid="1" version="1" id="102479306" timestamp="2026-08-18T20:44:39Z" changeset="1"><nd ref="6539506073" /><nd ref="11937054241" /><nd ref="9908894874" /><nd ref="247692735" /><nd ref="247692736" /><nd ref="247692737" /><nd ref="2489157875" /><nd ref="2489157873" /><nd ref="2489157872" /><tag k="oneway" v="yes" /><tag k="highway" v="tertiary" /><tag k="name" v="Swami Sivananda Salai" /></way><way user="OSMnx" visible="true" uid="1" version="1" id="111721013" timestamp="2026-08-18T20:44:39Z" changeset="1"><nd ref="8291990088" /><nd ref="8637212925" /><nd ref="8291990089" /><nd ref="11416331844" /><nd ref="8291990090" /><nd ref="11416331845" /><nd ref="309061544" /><nd ref="11416331846" /><nd ref="8291990086" /><nd ref="309061536" /><nd ref="8291990087" /><nd ref="309061528" /><nd ref="10918115276" /><nd ref="2241833531" /><nd ref="309061520" /><nd ref="8291990084" /><nd ref="258978435" /><nd ref="309061515" /><nd ref="247437530" /><tag k="oneway" v="no" /><tag k="highway" v="residential" /></way><way user="OSMnx" visible="true" uid="1" version="1" id="111721014" timestamp="2026-08-18T20:44:39Z" changeset="1"><nd ref="266204443" /><nd ref="5745448489" /><nd ref="266204475" /><nd ref="2241930451" /><nd ref="2241930458" /><nd ref="266204468" /><nd ref="266204447" /><tag k="oneway" v="no" /><tag k="highway" v="residential" /><tag k="name" v="Chennakulanthia Street" /></way><way user="OSMnx" visible="true" uid="1" version="1" id="112587695" timestamp="2026-08-18T20:44:39Z" changeset="1"><nd ref="248468293" /><nd ref="248468703" /><nd ref="248467968" /><tag k="oneway" v="no" /><tag k="highway" v="residential" /></way><way user="OSMnx" visible="true" uid="1" version="1" id="112587697" timestamp="2026-08-18T20:44:39Z" changeset="1"><nd ref="1279325400" /><nd ref="1279325402" /><tag k="oneway" v="no" /><tag k="highway" v="living_street" /><tag k="name" v="Singanna 3rd Lane" /></way><way user="OSMnx" visible="true" uid="1" version="1" id="112587698" timestamp="2026-08-18T20:44:39Z" changeset="1"><nd ref="248468316" /><nd ref="248468319" /><nd ref="248468321" /><nd ref="248468324" /><tag k="oneway" v="no" /><tag k="highway" v="residential" /><tag k="name" v="Audiappa Street" /></way><way user="OSMnx" visible="true" uid="1" version="1" id="112687980" timestamp="2026-08-18T20:44:39Z" changeset="1"><nd ref="248468957" /><nd ref="266204190" /><nd ref="266204191" /><nd ref="2241930103" /><nd ref="266204188" /><tag k="oneway" v="no" /><tag k="highway" v="residential" /></way><way user="OSMnx" visible="true" uid="1" version="1" id="112687983" timestamp="2026-08-18T20:44:39Z" changeset="1"><nd ref="1280328281" /><nd ref="1280328280" /><tag k="oneway" v="no" /><tag k="highway" v="living_street" /></way><way user="OSMnx" visible="true" uid="1" version="1" id="112687985" timestamp="2026-08-18T20:44:39Z" changeset="1"><nd ref="1280328273" /><nd ref="1280328266" /><nd ref="1280328277" /><tag k="oneway" v="no" /><tag k="highway" v="living_street" /></way><way user="OSMnx" visible="true" uid="1" version="1" id="126952503" timestamp="2026-08-18T20:44:39Z" changeset="1"><nd ref="258890806" /><nd ref="258890816" /><nd ref="258890802" /><nd ref="258890813" /><nd ref="258890810" /><nd ref="258890808" /><nd ref="258890807" /><tag k="oneway" v="no" /><tag k="highway" v="residential" /><tag k="maxspeed" v="20" /><tag k="name" v="Thanja Murugappa Street" /></way><way user="OSMnx" visible="true" uid="1" version="1" id="126987698" timestamp="2026-08-18T20:44:39Z" changeset="1"><nd ref="258890975" /><nd ref="258890976" /><nd ref="258891034" /><nd ref="258891008" /><tag k="oneway" v="no" /><tag k="highway" v="residential" /><tag k="name" v="Ekambareswara Agraharam Street" /></way><way user="OSMnx" visible="true" uid="1" version="1" id="126987699" timestamp="2026-08-18T20:44:39Z" changeset="1"><nd ref="258916398" /><nd ref="258916433" /><nd ref="258916403" /><nd ref="258916408" /><nd ref="310506632" /><tag k="oneway" v="no" /><tag k="highway" v="living_street" /><tag k="name" v="Singanna Street" /></way><way user="OSMnx" visible="true" uid="1" version="1" id="184857726" timestamp="2026-08-18T20:44:39Z" changeset="1"><nd ref="254497808" /><nd ref="344492740" /><nd ref="11593757319" /><nd ref="1954173289" /><nd ref="11721452146" /><nd ref="1954173286" /><nd ref="11721452147" /><nd ref="344492739" /><tag k="oneway" v="no" /><tag k="highway" v="residential" /></way><way user="OSMnx" visible="true" uid="1" version="1" id="184857727" timestamp="2026-08-18T20:44:39Z" changeset="1"><nd ref="344492739" /><nd ref="11721452148" /><nd ref="11721452149" /><nd ref="1954173275" /><nd ref="11721452150" /><nd ref="1954173277" /><nd ref="11721452151" /><nd ref="1954173278" /><nd ref="11721452153" /><nd ref="11721452152" /><nd ref="11721452154" /><nd ref="11721452155" /><nd ref="11721452156" /><nd ref="1954173272" /><nd ref="1954173269" /><nd ref="254497768" /><tag k="oneway" v="no" /><tag k="highway" v="living_street" /></way><way user="OSMnx" visible="true" uid="1" version="1" id="207135945" timestamp="2026-08-18T20:44:39Z" changeset="1"><nd ref="2172865447" /><nd ref="2172865449" /><nd ref="11721820276" /><nd ref="11721820275" /><nd ref="11721820274" /><tag k="oneway" v="no" /><tag k="highway" v="residential" /></way><way user="OSMnx" visible="true" uid="1" version="1" id="207135946" timestamp="2026-08-18T20:44:39Z" changeset="1"><nd ref="2172865450" /><nd ref="254497991" /><tag k="oneway" v="no" /><tag k="highway" v="living_street" /></way><way user="OSMnx" visible="true" uid="1" version="1" id="207135952" timestamp="2026-08-18T20:44:39Z" changeset="1"><nd ref="344492745" /><nd ref="2172865450" /><nd ref="11721820272" /><nd ref="344492743" /><tag k="oneway" v="no" /><tag k="highway" v="living_street" /><tag k="name" v="Ayyavu Street" /></way><way user="OSMnx" visible="true" uid="1" version="1" id="207458385" timestamp="2026-08-18T20:44:39Z" changeset="1"><nd ref="2177107375" /><nd ref="2269920010" /><nd ref="2177107376" /><tag k="oneway" v="no" /><tag k="highway" v="living_street" /><tag k="name" v="Naval Hospital 13th Street" /></way><way user="OSMnx" visible="true" uid="1" version="1" id="207458386" timestamp="2026-08-18T20:44:39Z" changeset="1"><nd ref="2177107373" /><nd ref="2177107374" /><tag k="oneway" v="no" /><tag k="highway" v="residential" /></way><way user="OSMnx" visible="true" uid="1" version="1" id="207875608" timestamp="2026-08-18T20:44:39Z" changeset="1"><nd ref="333218898" /><nd ref="4001265779" /><nd ref="333218921" /><nd ref="333218928" /><nd ref="4001265782" /><nd ref="254491184" /><nd ref="13903632049" /><nd ref="333218935" /><nd ref="13903632048" /><nd ref="333219030" /><nd ref="11043963402" /><tag k="oneway" v="yes" /><tag k="highway" v="tertiary" /></way><way user="OSMnx" visible="true" uid="1" version="1" id="209561022" timestamp="2026-08-18T20:44:39Z" changeset="1"><nd ref="248467520" /><nd ref="12126250699" /><nd ref="12706486481" /><nd ref="11780215242" /><nd ref="6790559844" /><nd ref="11780146256" /><nd ref="10945643939" /><nd ref="248467521" /><nd ref="11780146253" /><nd ref="10945643906" /><tag k="oneway" v="yes" /><tag k="highway" v="secondary" /><tag k="name" v="Adithanar Road" /></way><way user="OSMnx" visible="true" uid="1" version="1" id="209561027" timestamp="2026-08-18T20:44:39Z" changeset="1"><nd ref="2197640152" /><nd ref="248467601" /><tag k="oneway" v="yes" /><tag k="bridge" v="yes" /><tag k="lanes" v="2" /><tag k="highway" v="secondary" /><tag k="name" v="Gandhi Irwin Bridge" /></way><way user="OSMnx" visible="true" uid="1" version="1" id="209561030" timestamp="2026-08-18T20:44:39Z" changeset="1"><nd ref="13880733753" /><nd ref="13880733744" /><nd ref="13880733745" /><nd ref="13880733746" /><tag k="oneway" v="yes" /><tag k="bridge" v="yes" /><tag k="highway" v="secondary" /><tag k="name" v="Pantheon Road" /></way><way user="OSMnx" visible="true" uid="1" version="1" id="209561033" timestamp="2026-08-18T20:44:39Z" changeset="1"><nd ref="13880733752" /><nd ref="2197639716" /><nd ref="7024755480" /><nd ref="6242701265" /><nd ref="11617868236" /><nd ref="11617840983" /><nd ref="11617840991" /><nd ref="248468937" /><tag k="oneway" v="yes" /><tag k="highway" v="secondary_link" /></way><way user="OSMnx" visible="true" uid="1" version="1" id="209562042" timestamp="2026-08-18T20:44:39Z" changeset="1"><nd ref="2197652478" /><nd ref="2197652356" /><tag k="oneway" v="yes" /><tag k="bridge" v="yes" /><tag k="lanes" v="2" /><tag k="highway" v="secondary" /><tag k="name" v="Gandhi Irwin Bridge" /></way><way user="OSMnx" visible="true" uid="1" version="1" id="209562046" timestamp="2026-08-18T20:44:39Z" changeset="1"><nd ref="248468818" /><nd ref="248468820" /><nd ref="266204471" /><nd ref="266204442" /><nd ref="11140192279" /><nd ref="1272165897" /><nd ref="248468821" /><nd ref="248468822" /><nd ref="248468823" /><nd ref="9189193682" /><nd ref="266204402" /><nd ref="248468824" /><nd ref="248468825" /><nd ref="248468826" /><nd ref="11892053898" /><nd ref="248468827" /><nd ref="2241930050" /><nd ref="11782562790" /><tag k="oneway" v="no" /><tag k="highway" v="tertiary" /><tag k="name" v="Langs Garden Road" /></way><way user="OSMnx" visible="true" uid="1" version="1" id="209562047" timestamp="2026-08-18T20:44:39Z" changeset="1"><nd ref="30037235" /><nd ref="2197652486" /><tag k="oneway" v="yes" /><tag k="highway" v="secondary" /><tag k="name" v="Langs Garden Road" /></way><way user="OSMnx" visible="true" uid="1" version="1" id="209562050" timestamp="2026-08-18T20:44:39Z" changeset="1"><nd ref="248467601" /><nd ref="248467585" /><nd ref="2197652485" /><tag k="oneway" v="yes" /><tag k="highway" v="secondary" /><tag k="name" v="Langs Garden Park" /></way><way user="OSMnx" visible="true" uid="1" version="1" id="209622441" timestamp="2026-08-18T20:44:39Z" changeset="1"><nd ref="2198125457" /><nd ref="2198125458" /><tag k="oneway" v="no" /><tag k="highway" v="residential" /></way><way user="OSMnx" visible="true" uid="1" version="1" id="211435477" timestamp="2026-08-18T20:44:39Z" changeset="1"><nd ref="2214510447" /><nd ref="2214510449" /><nd ref="9819004894" /><nd ref="9819004901" /><nd ref="2485567682" /><nd ref="2214510445" /><nd ref="9819004895" /><nd ref="9819004896" /><nd ref="2214510439" /><nd ref="2214510433" /><nd ref="9819004897" /><nd ref="2214510426" /><nd ref="2214510423" /><nd ref="9819004898" /><nd ref="9819004899" /><nd ref="2214510430" /><nd ref="2485567680" /><nd ref="2214510436" /><nd ref="9819004900" /><nd ref="2214510442" /><nd ref="610410570" /><nd ref="2214510447" /><tag k="oneway" v="yes" /><tag k="highway" v="secondary" /><tag k="name" v="Elephant Gate Bridge Road" /></way><way user="OSMnx" visible="true" uid="1" version="1" id="211435482" timestamp="2026-08-18T20:44:39Z" changeset="1"><nd ref="2214510439" /><nd ref="2214510421" /><nd ref="2214510412" /><nd ref="2249215833" /><nd ref="2214510406" /><nd ref="2214510396" /><nd ref="10718865439" /><nd ref="2214510385" /><tag k="oneway" v="yes" /><tag k="highway" v="secondary" /><tag k="name" v="Raja Muthiah Road" /></way><way user="OSMnx" visible="true" uid="1" version="1" id="211435483" timestamp="2026-08-18T20:44:39Z" changeset="1"><nd ref="2214510152" /><nd ref="610410489" /><nd ref="7048451837" /><nd ref="2214510244" /><nd ref="2214510256" /><nd ref="2214510343" /><nd ref="254497407" /><nd ref="10277860551" /><nd ref="2214510363" /><nd ref="2214510365" /><nd ref="2214510371" /><nd ref="7018660967" /><nd ref="610410526" /><nd ref="2214510393" /><nd ref="2214510402" /><nd ref="2214510409" /><nd ref="254497209" /><nd ref="2214510418" /><nd ref="2214510423" /><tag k="oneway" v="yes" /><tag k="highway" v="secondary" /><tag k="name" v="Raja Muthiah Road" /></way><way user="OSMnx" visible="true" uid="1" version="1" id="211435484" timestamp="2026-08-18T20:44:39Z" changeset="1"><nd ref="7030452351" /><nd ref="9169440382" /><nd ref="10201036139" /><nd ref="8292006330" /><nd ref="10201011110" /><tag k="oneway" v="yes" /><tag k="lanes" v="2" /><tag k="highway" v="secondary" /><tag k="name" v="Raja Muthiah Road" /></way><way user="OSMnx" visible="true" uid="1" version="1" id="211435486" timestamp="2026-08-18T20:44:39Z" changeset="1"><nd ref="254491165" /><nd ref="2214510235" /><nd ref="2214510231" /><nd ref="2214510229" /><nd ref="610410356" /><nd ref="2214510225" /><nd ref="13961931892" /><nd ref="12067732376" /><nd ref="4231841893" /><nd ref="2214510222" /><nd ref="2214510219" /><nd ref="2214510203" /><nd ref="2214510201" /><nd ref="6812099433" /><nd ref="11648636048" /><nd ref="2214510199" /><nd ref="11648652960" /><nd ref="2214510196" /><nd ref="2214510186" /><nd ref="9507057526" /><nd ref="2214510165" /><nd ref="2214510152" /><tag k="oneway" v="yes" /><tag k="highway" v="secondary" /><tag k="name" v="Vepery High Road" /></way><way user="OSMnx" visible="true" uid="1" version="1" id="214413807" timestamp="2026-08-18T20:44:39Z" changeset="1"><nd ref="259183482" /><nd ref="9902458726" /><nd ref="5458724677" /><nd ref="5458724674" /><nd ref="10201011138" /><nd ref="10201011139" /><nd ref="10201011140" /><nd ref="9572798758" /><nd ref="9572798762" /><nd ref="10201011141" /><nd ref="9572798757" /><tag k="ref" v="SHU86" /><tag k="oneway" v="yes" /><tag k="highway" v="primary" /><tag k="name" v="General Hospital Road" /></way><way user="OSMnx" visible="true" uid="1" version="1" id="214413808" timestamp="2026-08-18T20:44:39Z" changeset="1"><nd ref="303283557" /><nd ref="2271477981" /><nd ref="303283569" /><nd ref="2271477987" /><nd ref="2271543383" /><tag k="ref" v="SHU86" /><tag k="oneway" v="yes" /><tag k="lanes" v="2" /><tag k="highway" v="primary" /><tag k="name" v="General Hospital Road" /></way><way user="OSMnx" visible="true" uid="1" version="1" id="214698534" timestamp="2026-08-18T20:44:39Z" changeset="1"><nd ref="2241832955" /><nd ref="317152629" /><tag k="oneway" v="no" /><tag k="highway" v="residential" /><tag k="name" v="Adikesavalu Street" /></way><way user="OSMnx" visible="true" uid="1" version="1" id="214698545" timestamp="2026-08-18T20:44:39Z" changeset="1"><nd ref="248468794" /><nd ref="248468347" /><nd ref="2241833543" /><nd ref="248468180" /><tag k="oneway" v="no" /><tag k="highway" v="residential" /><tag k="name" v="Mukki Amman Koil Street" /></way><way user="OSMnx" visible="true" uid="1" version="1" id="214698547" timestamp="2026-08-18T20:44:39Z" changeset="1"><nd ref="248468361" /><nd ref="2241833366" /><nd ref="248468378" /><nd ref="248468329" /><tag k="oneway" v="no" /><tag k="highway" v="residential" /><tag k="name" v="Nyniappan Street" /></way><way user="OSMnx" visible="true" uid="1" version="1" id="214698549" timestamp="2026-08-18T20:44:39Z" changeset="1"><nd ref="248468222" /><nd ref="248468232" /><tag k="oneway" v="no" /><tag k="highway" v="living_street" /><tag k="name" v="Singanna 1st Lane" /></way><way user="OSMnx" visible="true" uid="1" version="1" id="214698551" timestamp="2026-08-18T20:44:39Z" changeset="1"><nd ref="2241833415" /><nd ref="2241833423" /><tag k="oneway" v="no" /><tag k="highway" v="living_street" /><tag k="name" v="Singanna 2nd Lane" /></way><way user="OSMnx" visible="true" uid="1" version="1" id="214698554" timestamp="2026-08-18T20:44:39Z" changeset="1"><nd ref="966544036" /><nd ref="10918137986" /><nd ref="10918137987" /><nd ref="10918137988" /><nd ref="10918137989" /><nd ref="10918137990" /><nd ref="10918137991" /><nd ref="10918137992" /><nd ref="10918137993" /><nd ref="10918137994" /><nd ref="10918137995" /><nd ref="10918137996" /><nd ref="10918137997" /><nd ref="966544150" /><nd ref="10918137998" /><nd ref="966544020" /><nd ref="966544103" /><nd ref="966544176" /><nd ref="10918137999" /><nd ref="10918138000" /><nd ref="966544055" /><nd ref="10918138001" /><nd ref="10918138002" /><nd ref="10918138003" /><nd ref="966544208" /><nd ref="10918138004" /><nd ref="10918138005" /><nd ref="10918138059" /><nd ref="966544096" /><nd ref="966544120" /><nd ref="10918138006" /><nd ref="10918138007" /><nd ref="10918138009" /><nd ref="10918138008" /><nd ref="966544187" /><nd ref="966544065" /><tag k="oneway" v="yes" /><tag k="bridge" v="yes" /><tag k="highway" v="secondary" /><tag k="name" v="Stanley Viaduct" /></way><way user="OSMnx" visible="true" uid="1" version="1" id="214698573" timestamp="2026-08-18T20:44:39Z" changeset="1"><nd ref="2241833833" /><nd ref="2241833844" /><tag k="oneway" v="no" /><tag k="highway" v="living_street" /></way><way user="OSMnx" visible="true" uid="1" version="1" id="214698574" timestamp="2026-08-18T20:44:39Z" changeset="1"><nd ref="248468799" /><nd ref="2241833787" /><tag k="oneway" v="no" /><tag k="highway" v="living_street" /></way><way user="OSMnx" visible="true" uid="1" version="1" id="214698577" timestamp="2026-08-18T20:44:39Z" changeset="1"><nd ref="2241833366" /><nd ref="2241833375" /><tag k="oneway" v="no" /><tag k="highway" v="residential" /></way><way user="OSMnx" visible="true" uid="1" version="1" id="214698580" timestamp="2026-08-18T20:44:39Z" changeset="1"><nd ref="2241833827" /><nd ref="2241833830" /><tag k="oneway" v="no" /><tag k="highway" v="living_street" /></way><way user="OSMnx" visible="true" uid="1" version="1" id="214698585" timestamp="2026-08-18T20:44:39Z" changeset="1"><nd ref="2241832823" /><nd ref="2241832812" /><tag k="oneway" v="no" /><tag k="highway" v="residential" /></way><way user="OSMnx" visible="true" uid="1" version="1" id="214698587" timestamp="2026-08-18T20:44:39Z" changeset="1"><nd ref="2241833576" /><nd ref="2241833568" /><nd ref="2241833566" /><tag k="oneway" v="no" /><tag k="highway" v="living_street" /></way><way user="OSMnx" visible="true" uid="1" version="1" id="214698588" timestamp="2026-08-18T20:44:39Z" changeset="1"><nd ref="2241833875" /><nd ref="2241833827" /><nd ref="2241833543" /><tag k="oneway" v="no" /><tag k="highway" v="residential" /></way><way user="OSMnx" visible="true" uid="1" version="1" id="214698590" timestamp="2026-08-18T20:44:39Z" changeset="1"><nd ref="2241832970" /><nd ref="2241832976" /><nd ref="2241832982" /><tag k="oneway" v="no" /><tag k="highway" v="residential" /></way><way user="OSMnx" visible="true" uid="1" version="1" id="214698592" timestamp="2026-08-18T20:44:39Z" changeset="1"><nd ref="248468724" /><nd ref="2241832823" /><nd ref="2241832818" /><tag k="oneway" v="no" /><tag k="highway" v="residential" /><tag k="name" v="Adikesavalu Street" /></way><way user="OSMnx" visible="true" uid="1" version="1" id="214698603" timestamp="2026-08-18T20:44:39Z" changeset="1"><nd ref="2241833025" /><nd ref="2241833001" /><nd ref="2241832985" /><nd ref="2241832977" /><nd ref="2241832976" /><tag k="oneway" v="no" /><tag k="highway" v="residential" /></way><way user="OSMnx" visible="true" uid="1" version="1" id="214698604" timestamp="2026-08-18T20:44:39Z" changeset="1"><nd ref="248468087" /><nd ref="2241832920" /><nd ref="2241832970" /><nd ref="2241832997" /><nd ref="2241833030" /><tag k="oneway" v="no" /><tag k="highway" v="residential" /><tag k="name" v="Washerman street" /></way><way user="OSMnx" visible="true" uid="1" version="1" id="214698605" timestamp="2026-08-18T20:44:39Z" changeset="1"><nd ref="2241833408" /><nd ref="2241833409" /><nd ref="2241833452" /><nd ref="5745444301" /><nd ref="2241833488" /><nd ref="14041248739" /><nd ref="2241833509" /><nd ref="2241833524" /><nd ref="2241833553" /><nd ref="11416332559" /><nd ref="2241833580" /><nd ref="11416332558" /><nd ref="2241833602" /><tag k="oneway" v="no" /><tag k="highway" v="residential" /></way><way user="OSMnx" visible="true" uid="1" version="1" id="214698660" timestamp="2026-08-18T20:44:39Z" changeset="1"><nd ref="248467935" /><nd ref="248467936" /><nd ref="248468712" /><nd ref="248467937" /><nd ref="248467938" /><nd ref="2241832812" /><nd ref="248467939" /><nd ref="2241832828" /><nd ref="248467940" /><tag k="oneway" v="no" /><tag k="highway" v="residential" /><tag k="name" v="Ritchie Street" /></way><way user="OSMnx" visible="true" uid="1" version="1" id="214711573" timestamp="2026-08-18T20:44:39Z" changeset="1"><nd ref="248467936" /><nd ref="248468204" /><nd ref="248468209" /><nd ref="248467966" /><tag k="oneway" v="no" /><tag k="highway" v="residential" /><tag k="name" v="Atthipattan Street" /></way><way user="OSMnx" visible="true" uid="1" version="1" id="214711578" timestamp="2026-08-18T20:44:39Z" changeset="1"><nd ref="2241930033" /><nd ref="2241930090" /><nd ref="12126250698" /><tag k="oneway" v="no" /><tag k="highway" v="living_street" /><tag k="name" v="Mir Hussain Street" /></way><way user="OSMnx" visible="true" uid="1" version="1" id="214711581" timestamp="2026-08-18T20:44:39Z" changeset="1"><nd ref="266204195" /><nd ref="266204188" /><nd ref="266204263" /><nd ref="266204261" /><nd ref="266204257" /><nd ref="266204275" /><nd ref="266204290" /><nd ref="266204281" /><nd ref="266204304" /><tag k="oneway" v="no" /><tag k="highway" v="residential" /><tag k="name" v="Veerabadhran Street" /></way><way user="OSMnx" visible="true" uid="1" version="1" id="214711590" timestamp="2026-08-18T20:44:39Z" changeset="1"><nd ref="2241930109" /><nd ref="2241930168" /><tag k="oneway" v="no" /><tag k="highway" v="residential" /></way><way user="OSMnx" visible="true" uid="1" version="1" id="214711591" timestamp="2026-08-18T20:44:39Z" changeset="1"><nd ref="2241930071" /><nd ref="2241930103" /><tag k="oneway" v="no" /><tag k="highway" v="living_street" /></way><way user="OSMnx" visible="true" uid="1" version="1" id="214711592" timestamp="2026-08-18T20:44:39Z" changeset="1"><nd ref="266204409" /><nd ref="2241930204" /><tag k="oneway" v="no" /><tag k="highway" v="residential" /></way><way user="OSMnx" visible="true" uid="1" version="1" id="214711594" timestamp="2026-08-18T20:44:39Z" changeset="1"><nd ref="2241930178" /><nd ref="2241930209" /><tag k="oneway" v="no" /><tag k="highway" v="residential" /></way><way user="OSMnx" visible="true" uid="1" version="1" id="214711595" timestamp="2026-08-18T20:44:39Z" changeset="1"><nd ref="266204410" /><nd ref="2241930199" /><tag k="oneway" v="no" /><tag k="highway" v="residential" /></way><way user="OSMnx" visible="true" uid="1" version="1" id="214711596" timestamp="2026-08-18T20:44:39Z" changeset="1"><nd ref="2241930174" /><nd ref="2241930094" /><tag k="oneway" v="no" /><tag k="highway" v="residential" /></way><way user="OSMnx" visible="true" uid="1" version="1" id="214711597" timestamp="2026-08-18T20:44:39Z" changeset="1"><nd ref="266204411" /><nd ref="11127152927" /><nd ref="2241930190" /><nd ref="2241930191" /><tag k="oneway" v="no" /><tag k="highway" v="residential" /></way><way user="OSMnx" visible="true" uid="1" version="1" id="214711599" timestamp="2026-08-18T20:44:39Z" changeset="1"><nd ref="2241930429" /><nd ref="266204474" /><nd ref="3672829584" /><nd ref="2241930443" /><nd ref="3682215510" /><nd ref="266204475" /><tag k="oneway" v="no" /><tag k="highway" v="living_street" /></way><way user="OSMnx" visible="true" uid="1" version="1" id="214711600" timestamp="2026-08-18T20:44:39Z" changeset="1"><nd ref="2241930213" /><nd ref="2241930207" /><nd ref="2241930202" /><nd ref="2241930197" /><tag k="oneway" v="no" /><tag k="highway" v="residential" /></way><way user="OSMnx" visible="true" uid="1" version="1" id="215475869" timestamp="2026-08-18T20:44:39Z" changeset="1"><nd ref="2249215848" /><nd ref="2249215844" /><nd ref="2249215842" /><tag k="oneway" v="no" /><tag k="highway" v="living_street" /></way><way user="OSMnx" visible="true" uid="1" version="1" id="215475870" timestamp="2026-08-18T20:44:39Z" changeset="1"><nd ref="2249215825" /><nd ref="2249215828" /><nd ref="2249215831" /><nd ref="2249215839" /><nd ref="2249215844" /><tag k="oneway" v="no" /><tag k="highway" v="living_street" /></way><way user="OSMnx" visible="true" uid="1" version="1" id="215475874" timestamp="2026-08-18T20:44:39Z" changeset="1"><nd ref="12757036709" /><nd ref="12757036708" /><nd ref="12757036707" /><nd ref="12757036706" /><nd ref="12757036705" /><nd ref="12757036704" /><nd ref="12757036703" /><nd ref="2249215871" /><nd ref="2249215864" /><nd ref="2249215859" /><nd ref="2249215848" /><nd ref="2249215847" /><tag k="oneway" v="no" /><tag k="highway" v="residential" /></way><way user="OSMnx" visible="true" uid="1" version="1" id="217609140" timestamp="2026-08-18T20:44:39Z" changeset="1"><nd ref="258916496" /><nd ref="258916668" /><nd ref="10931088815" /><nd ref="9187378768" /><nd ref="256347031" /><tag k="oneway" v="no" /><tag k="highway" v="residential" /><tag k="name" v="Govindappa Naicken Street" /></way><way user="OSMnx" visible="true" uid="1" version="1" id="217609142" timestamp="2026-08-18T20:44:39Z" changeset="1"><nd ref="2269042580" /><nd ref="2269042578" /><nd ref="2269042576" /><nd ref="258916356" /><nd ref="2269042575" /><tag k="oneway" v="no" /><tag k="highway" v="living_street" /></way><way user="OSMnx" visible="true" uid="1" version="1" id="217609143" timestamp="2026-08-18T20:44:39Z" changeset="1"><nd ref="258916382" /><nd ref="2269042574" /><nd ref="2269042577" /><nd ref="2269042579" /><nd ref="2269042580" /><nd ref="2269042581" /><nd ref="2269042582" /><nd ref="2269042583" /><tag k="oneway" v="no" /><tag k="highway" v="living_street" /></way><way user="OSMnx" visible="true" uid="1" version="1" id="217661373" timestamp="2026-08-18T20:44:39Z" changeset="1"><nd ref="247435684" /><nd ref="258916156" /><nd ref="3681672610" /><nd ref="3671773264" /><nd ref="3671773267" /><nd ref="258916090" /><nd ref="258915922" /><tag k="oneway" v="no" /><tag k="highway" v="residential" /><tag k="name" v="General Muthiah Street" /></way><way user="OSMnx" visible="true" uid="1" version="1" id="217682163" timestamp="2026-08-18T20:44:39Z" changeset="1"><nd ref="258915874" /><nd ref="258915878" /><tag k="oneway" v="no" /><tag k="highway" v="residential" /><tag k="name" v="Santhu Shah Street" /></way><way user="OSMnx" visible="true" uid="1" version="1" id="217682164" timestamp="2026-08-18T20:44:39Z" changeset="1"><nd ref="254497662" /><nd ref="12054359464" /><nd ref="7045397327" /><nd ref="11047806418" /><nd ref="11047806416" /><nd ref="254497665" /><tag k="oneway" v="no" /><tag k="highway" v="residential" /><tag k="name" v="Stringers Road" /></way><way user="OSMnx" visible="true" uid="1" version="1" id="217682166" timestamp="2026-08-18T20:44:39Z" changeset="1"><nd ref="333204235" /><nd ref="254497629" /><nd ref="333207923" /><nd ref="333204230" /><tag k="oneway" v="no" /><tag k="highway" v="residential" /><tag k="name" v="Veeraswamy Pillai Street" /></way><way user="OSMnx" visible="true" uid="1" version="1" id="217682169" timestamp="2026-08-18T20:44:39Z" changeset="1"><nd ref="2269920005" /><nd ref="2269920015" /><tag k="oneway" v="no" /><tag k="highway" v="residential" /></way><way user="OSMnx" visible="true" uid="1" version="1" id="217682170" timestamp="2026-08-18T20:44:39Z" changeset="1"><nd ref="254491154" /><nd ref="2269920000" /><tag k="oneway" v="no" /><tag k="highway" v="residential" /></way><way user="OSMnx" visible="true" uid="1" version="1" id="217682171" timestamp="2026-08-18T20:44:39Z" changeset="1"><nd ref="2269920007" /><nd ref="2269920006" /><tag k="oneway" v="no" /><tag k="highway" v="living_street" /><tag k="name" v="Naval Hospital 12th Street" /></way><way user="OSMnx" visible="true" uid="1" version="1" id="217682172" timestamp="2026-08-18T20:44:39Z" changeset="1"><nd ref="2269919999" /><nd ref="2269919998" /><tag k="oneway" v="no" /><tag k="highway" v="living_street" /><tag k="name" v="Naval Hospital 7th Street" /></way><way user="OSMnx" visible="true" uid="1" version="1" id="217682173" timestamp="2026-08-18T20:44:39Z" changeset="1"><nd ref="2269920003" /><nd ref="2269920004" /><tag k="oneway" v="no" /><tag k="highway" v="living_street" /><tag k="name" v="Naval Hospital 11th Street" /></way><way user="OSMnx" visible="true" uid="1" version="1" id="217682174" timestamp="2026-08-18T20:44:39Z" changeset="1"><nd ref="2269920009" /><nd ref="2269920008" /><tag k="oneway" v="no" /><tag k="highway" v="residential" /><tag k="name" v="Naval Hospital 1st Street" /></way><way user="OSMnx" visible="true" uid="1" version="1" id="217682175" timestamp="2026-08-18T20:44:39Z" changeset="1"><nd ref="2269920010" /><nd ref="2269920007" /><nd ref="2269920004" /><nd ref="2269920002" /><nd ref="2269920001" /><tag k="oneway" v="no" /><tag k="highway" v="living_street" /></way><way user="OSMnx" visible="true" uid="1" version="1" id="217684148" timestamp="2026-08-18T20:44:39Z" changeset="1"><nd ref="2269934835" /><nd ref="11047668587" /><nd ref="2269934837" /><tag k="oneway" v="no" /><tag k="highway" v="residential" /></way><way user="OSMnx" visible="true" uid="1" version="1" id="217684155" timestamp="2026-08-18T20:44:39Z" changeset="1"><nd ref="2269934891" /><nd ref="2269934897" /><tag k="oneway" v="no" /><tag k="highway" v="residential" /></way><way user="OSMnx" visible="true" uid="1" version="1" id="217684156" timestamp="2026-08-18T20:44:39Z" changeset="1"><nd ref="11593718586" /><nd ref="11593718587" /><nd ref="2269934880" /><tag k="oneway" v="no" /><tag k="highway" v="residential" /></way><way user="OSMnx" visible="true" uid="1" version="1" id="217695321" timestamp="2026-08-18T20:44:39Z" changeset="1"><nd ref="309062020" /><nd ref="9189159031" /><nd ref="9189159026" /><nd ref="309061623" /><nd ref="10277860599" /><nd ref="309061753" /><nd ref="309061625" /><nd ref="309061755" /><nd ref="309061624" /><nd ref="10277860597" /><nd ref="258978440" /><nd ref="10918115268" /><nd ref="258978418" /><nd ref="9992577924" /><nd ref="309061767" /><tag k="ref" v="SHU88" /><tag k="oneway" v="yes" /><tag k="highway" v="primary" /><tag k="name" v="Anna Salai" /></way><way user="OSMnx" visible="true" uid="1" version="1" id="217695322" timestamp="2026-08-18T20:44:39Z" changeset="1"><nd ref="309061637" /><nd ref="10285990897" /><nd ref="321833145" /><nd ref="10285990908" /><nd ref="309061743" /><tag k="ref" v="SHU88" /><tag k="oneway" v="yes" /><tag k="highway" v="primary" /><tag k="name" v="Anna Salai" /></way><way user="OSMnx" visible="true" uid="1" version="1" id="217722039" timestamp="2026-08-18T20:44:39Z" changeset="1"><nd ref="2270244770" /><nd ref="2270244769" /><tag k="oneway" v="no" /><tag k="highway" v="residential" /></way><way user="OSMnx" visible="true" uid="1" version="1" id="217722040" timestamp="2026-08-18T20:44:39Z" changeset="1"><nd ref="2270244771" /><nd ref="11721802861" /><nd ref="2270244764" /><tag k="oneway" v="no" /><tag k="highway" v="living_street" /></way><way user="OSMnx" visible="true" uid="1" version="1" id="217722041" timestamp="2026-08-18T20:44:39Z" changeset="1"><nd ref="2270244765" /><nd ref="2270244766" /><tag k="oneway" v="no" /><tag k="highway" v="residential" /></way><way user="OSMnx" visible="true" uid="1" version="1" id="217722042" timestamp="2026-08-18T20:44:39Z" changeset="1"><nd ref="2270244775" /><nd ref="2270244773" /><tag k="oneway" v="no" /><tag k="highway" v="residential" /></way><way user="OSMnx" visible="true" uid="1" version="1" id="217722044" timestamp="2026-08-18T20:44:39Z" changeset="1"><nd ref="11721820302" /><nd ref="2270244776" /><tag k="oneway" v="no" /><tag k="highway" v="residential" /></way><way user="OSMnx" visible="true" uid="1" version="1" id="217722045" timestamp="2026-08-18T20:44:39Z" changeset="1"><nd ref="344454399" /><nd ref="344454425" /><nd ref="344454337" /><tag k="oneway" v="no" /><tag k="highway" v="residential" /><tag k="name" v="Park Street" /></way><way user="OSMnx" visible="true" uid="1" version="1" id="217722046" timestamp="2026-08-18T20:44:39Z" changeset="1"><nd ref="2270244763" /><nd ref="11721802862" /><nd ref="11721802863" /><nd ref="11721802868" /><nd ref="11721802864" /><nd ref="11721802865" /><nd ref="11721820269" /><nd ref="11721802867" /><nd ref="11721802866" /><nd ref="2270244772" /><nd ref="9910876576" /><nd ref="11721802860" /><nd ref="11721802859" /><nd ref="2270244771" /><nd ref="2172865442" /><tag k="oneway" v="no" /><tag k="highway" v="living_street" /></way><way user="OSMnx" visible="true" uid="1" version="1" id="217722047" timestamp="2026-08-18T20:44:39Z" changeset="1"><nd ref="344506125" /><nd ref="344506126" /><nd ref="344506138" /><nd ref="344506124" /><tag k="oneway" v="no" /><tag k="highway" v="residential" /></way><way user="OSMnx" visible="true" uid="1" version="1" id="217722048" timestamp="2026-08-18T20:44:39Z" changeset="1"><nd ref="344454407" /><nd ref="2270244766" /><nd ref="2270244770" /><nd ref="344454433" /><nd ref="2270244775" /><nd ref="2270244777" /><tag k="oneway" v="no" /><tag k="highway" v="residential" /></way><way user="OSMnx" visible="true" uid="1" version="1" id="217723251" timestamp="2026-08-18T20:44:39Z" changeset="1"><nd ref="254497744" /><nd ref="254498023" /><nd ref="254497768" /><nd ref="254497767" /><nd ref="254497765" /><nd ref="254498042" /><nd ref="254497761" /><nd ref="254497808" /><nd ref="254497829" /><nd ref="344492736" /><nd ref="254497837" /><nd ref="2172865434" /><nd ref="254497848" /><nd ref="2172865447" /><tag k="oneway" v="no" /><tag k="highway" v="tertiary" /><tag k="name" v="Angalamman Kovli Street" /></way><way user="OSMnx" visible="true" uid="1" version="1" id="217723252" timestamp="2026-08-18T20:44:39Z" changeset="1"><nd ref="2270255357" /><nd ref="2270255361" /><tag k="oneway" v="no" /><tag k="highway" v="living_street" /></way><way user="OSMnx" visible="true" uid="1" version="1" id="217723253" timestamp="2026-08-18T20:44:39Z" changeset="1"><nd ref="2270255355" /><nd ref="2270255359" /><tag k="oneway" v="no" /><tag k="highway" v="living_street" /></way><way user="OSMnx" visible="true" uid="1" version="1" id="217723254" timestamp="2026-08-18T20:44:39Z" changeset="1"><nd ref="2270255356" /><nd ref="2270255360" /><tag k="oneway" v="no" /><tag k="highway" v="living_street" /><tag k="name" v="2nd Lane" /></way><way user="OSMnx" visible="true" uid="1" version="1" id="217845078" timestamp="2026-08-18T20:44:39Z" changeset="1"><nd ref="2271487880" /><nd ref="2271487878" /><nd ref="2271487877" /><nd ref="247436720" /><nd ref="254149411" /><nd ref="258915963" /><nd ref="258915938" /><nd ref="2271487875" /><tag k="ref" v="SHU87" /><tag k="oneway" v="yes" /><tag k="highway" v="trunk" /><tag k="name" v="Wall Tax Road" /></way><way user="OSMnx" visible="true" uid="1" version="1" id="217845079" timestamp="2026-08-18T20:44:39Z" changeset="1"><nd ref="2271477981" /><nd ref="2271477993" /><nd ref="2271478027" /><nd ref="2271478076" /><nd ref="2271478095" /><nd ref="14102453275" /><nd ref="2271478162" /><nd ref="2271478325" /><nd ref="2271478332" /><nd ref="12695850873" /><nd ref="2271478352" /><nd ref="11127188490" /><nd ref="11127188489" /><nd ref="2271478392" /><nd ref="2271478404" /><nd ref="247435687" /><nd ref="9838726905" /><nd ref="12096496484" /><nd ref="11496743267" /><nd ref="2271478467" /><nd ref="12182086108" /><nd ref="2271487876" /><tag k="ref" v="SHU87" /><tag k="oneway" v="yes" /><tag k="highway" v="trunk" /><tag k="name" v="Wall Tax Road" /></way><way user="OSMnx" visible="true" uid="1" version="1" id="217845082" timestamp="2026-08-18T20:44:39Z" changeset="1"><nd ref="2271478430" /><nd ref="2271478408" /><tag k="oneway" v="no" /><tag k="highway" v="living_street" /></way><way user="OSMnx" visible="true" uid="1" version="1" id="217845702" timestamp="2026-08-18T20:44:39Z" changeset="1"><nd ref="258890930" /><nd ref="258890929" /><nd ref="1406262479" /><nd ref="2271478344" /><tag k="oneway" v="no" /><tag k="highway" v="residential" /><tag k="name" v="Pilliyar Koil Street" /></way><way user="OSMnx" visible="true" uid="1" version="1" id="217845705" timestamp="2026-08-18T20:44:39Z" changeset="1"><nd ref="258976032" /><nd ref="2271487876" /><tag k="oneway" v="no" /><tag k="highway" v="living_street" /></way><way user="OSMnx" visible="true" uid="1" version="1" id="217845814" timestamp="2026-08-18T20:44:39Z" changeset="1"><nd ref="2271489067" /><nd ref="2271489066" /><tag k="oneway" v="no" /><tag k="highway" v="living_street" /></way><way user="OSMnx" visible="true" uid="1" version="1" id="217845815" timestamp="2026-08-18T20:44:39Z" changeset="1"><nd ref="258976032" /><nd ref="258976028" /><tag k="oneway" v="no" /><tag k="highway" v="living_street" /></way><way user="OSMnx" visible="true" uid="1" version="1" id="217848742" timestamp="2026-08-18T20:44:39Z" changeset="1"><nd ref="310505387" /><nd ref="7042973676" /><nd ref="9913682337" /><nd ref="7042973673" /><nd ref="303283584" /><nd ref="2271543382" /><nd ref="2271543377" /><tag k="oneway" v="yes" /><tag k="highway" v="secondary" /><tag k="name" v="Evening Bazaar Road" /></way><way user="OSMnx" visible="true" uid="1" version="1" id="217848743" timestamp="2026-08-18T20:44:39Z" changeset="1"><nd ref="2271543383" /><nd ref="303283583" /><nd ref="11936637469" /><nd ref="303283584" /><nd ref="9572798770" /><nd ref="303284180" /><tag k="ref" v="SHU86" /><tag k="oneway" v="yes" /><tag k="highway" v="primary" /><tag k="name" v="General Hospital Road" /></way><way user="OSMnx" visible="true" uid="1" version="1" id="217848745" timestamp="2026-08-18T20:44:39Z" changeset="1"><nd ref="247439426" /><nd ref="2271543402" /><nd ref="310505384" /><nd ref="258890827" /><nd ref="310505822" /><tag k="oneway" v="yes" /><tag k="lanes" v="2" /><tag k="highway" v="secondary" /><tag k="name" v="Memorial Hall Road" /></way><way user="OSMnx" visible="true" uid="1" version="1" id="217848746" timestamp="2026-08-18T20:44:39Z" changeset="1"><nd ref="5939197605" /><nd ref="2271543181" /><nd ref="10604028602" /><nd ref="10604028603" /><nd ref="10604028601" /><tag k="ref" v="SHU88" /><tag k="oneway" v="yes" /><tag k="bridge" v="yes" /><tag k="highway" v="primary" /><tag k="name" v="Muthuswamy Bridge" /></way><way user="OSMnx" visible="true" uid="1" version="1" id="217848747" timestamp="2026-08-18T20:44:39Z" changeset="1"><nd ref="5939197622" /><nd ref="12740774712" /><nd ref="12740774713" /><nd ref="5939197623" /><nd ref="9572798782" /><nd ref="309061547" /><nd ref="2271543126" /><nd ref="2271543119" /><nd ref="2271543113" /><nd ref="9189159037" /><nd ref="12213569492" /><tag k="oneway" v="yes" /><tag k="highway" v="primary" /><tag k="name" v="Muthuswamy Road" /></way><way user="OSMnx" visible="true" uid="1" version="1" id="217848748" timestamp="2026-08-18T20:44:39Z" changeset="1"><nd ref="303284180" /><nd ref="303284179" /><nd ref="303284178" /><nd ref="303284177" /><nd ref="9913682314" /><tag k="ref" v="NH4" /><tag k="oneway" v="yes" /><tag k="highway" v="primary" /><tag k="name" v="Muthuswamy Road" /></way><way user="OSMnx" visible="true" uid="1" version="1" id="217848749" timestamp="2026-08-18T20:44:39Z" changeset="1"><nd ref="11939347655" /><nd ref="2271543426" /><tag k="oneway" v="yes" /><tag k="highway" v="primary" /><tag k="name" v="North Fort Road" /></way><way user="OSMnx" visible="true" uid="1" version="1" id="219789894" timestamp="2026-08-18T20:44:39Z" changeset="1"><nd ref="11936637469" /><nd ref="2271543385" /><nd ref="6273945273" /><nd ref="247439426" /><tag k="oneway" v="yes" /><tag k="highway" v="secondary" /><tag k="name" v="South Mint Street" /></way><way user="OSMnx" visible="true" uid="1" version="1" id="229239824" timestamp="2026-08-18T20:44:39Z" changeset="1"><nd ref="2378610527" /><nd ref="3671773273" /><nd ref="3671773269" /><nd ref="3498442617" /><nd ref="3671773262" /><nd ref="2378582214" /><nd ref="2378610526" /><tag k="oneway" v="no" /><tag k="highway" v="living_street" /><tag k="name" v="Strotten Muthia Mudaly Street 1" /></way><way user="OSMnx" visible="true" uid="1" version="1" id="237621838" timestamp="2026-08-18T20:44:39Z" changeset="1"><nd ref="12717900614" /><nd ref="10699064158" /><nd ref="384526138" /><nd ref="7027597560" /><nd ref="12121871740" /><nd ref="12121871746" /><nd ref="2177107367" /><nd ref="11786155917" /><nd ref="30037239" /><nd ref="11047704114" /><nd ref="2198081199" /><nd ref="30037238" /><nd ref="11047703293" /><nd ref="11047703280" /><nd ref="12054364467" /><nd ref="304918724" /><nd ref="2177107368" /><nd ref="2213431538" /><nd ref="30037237" /><nd ref="30037236" /><nd ref="254497666" /><nd ref="30037235" /><tag k="ref" v="SHU86" /><tag k="oneway" v="yes" /><tag k="highway" v="primary" /><tag k="name" v="EVR Periyar Salai" /></way><way user="OSMnx" visible="true" uid="1" version="1" id="240321177" timestamp="2026-08-18T20:44:39Z" changeset="1"><nd ref="2271543377" /><nd ref="2482072932" /><nd ref="12901254878" /><nd ref="9504474775" /><nd ref="247435897" /><nd ref="12355192884" /><nd ref="2482072926" /><nd ref="9572798767" /><nd ref="9572798768" /><tag k="ref" v="SHU86" /><tag k="oneway" v="yes" /><tag k="lanes" v="2" /><tag k="highway" v="primary" /><tag k="name" v="General Hospital Road" /></way><way user="OSMnx" visible="true" uid="1" version="1" id="240472109" timestamp="2026-08-18T20:44:39Z" changeset="1"><nd ref="11764780414" /><nd ref="11764780415" /><nd ref="2482057611" /><nd ref="2482057624" /><nd ref="2482057629" /><tag k="oneway" v="no" /><tag k="highway" v="residential" /></way><way user="OSMnx" visible="true" uid="1" version="1" id="240472112" timestamp="2026-08-18T20:44:39Z" changeset="1"><nd ref="2482057614" /><nd ref="11764780421" /><nd ref="2482057610" /><nd ref="2482057611" /><nd ref="2482057615" /><tag k="oneway" v="no" /><tag k="highway" v="residential" /></way><way user="OSMnx" visible="true" uid="1" version="1" id="240474789" timestamp="2026-08-18T20:44:39Z" changeset="1"><nd ref="2482080923" /><nd ref="2482080925" /><tag k="oneway" v="no" /><tag k="highway" v="residential" /></way><way user="OSMnx" visible="true" uid="1" version="1" id="240869119" timestamp="2026-08-18T20:44:39Z" changeset="1"><nd ref="254498049" /><nd ref="9187378816" /><nd ref="254498050" /><nd ref="254498051" /><nd ref="254498060" /><tag k="oneway" v="no" /><tag k="highway" v="residential" /><tag k="name" v="Raghava Street" /></way><way user="OSMnx" visible="true" uid="1" version="1" id="240936216" timestamp="2026-08-18T20:44:39Z" changeset="1"><nd ref="2486218916" /><nd ref="2486218918" /><tag k="oneway" v="no" /><tag k="highway" v="living_street" /></way><way user="OSMnx" visible="true" uid="1" version="1" id="240980211" timestamp="2026-08-18T20:44:39Z" changeset="1"><nd ref="2486635733" /><nd ref="11593796627" /><nd ref="2486635752" /><tag k="oneway" v="no" /><tag k="highway" v="residential" /><tag k="access" v="permissive" /></way><way user="OSMnx" visible="true" uid="1" version="1" id="241003530" timestamp="2026-08-18T20:44:39Z" changeset="1"><nd ref="303284180" /><nd ref="303283585" /><tag k="ref" v="SHU86" /><tag k="oneway" v="yes" /><tag k="highway" v="primary" /><tag k="name" v="General Hospital Road" /></way><way user="OSMnx" visible="true" uid="1" version="1" id="241003531" timestamp="2026-08-18T20:44:39Z" changeset="1"><nd ref="303283783" /><nd ref="1080335957" /><nd ref="258890795" /><nd ref="2271543377" /><tag k="ref" v="SHU86" /><tag k="oneway" v="yes" /><tag k="highway" v="primary" /><tag k="name" v="General Hospital Road" /></way><way user="OSMnx" visible="true" uid="1" version="1" id="241003532" timestamp="2026-08-18T20:44:39Z" changeset="1"><nd ref="258890827" /><nd ref="310505385" /><nd ref="310505387" /><tag k="oneway" v="yes" /><tag k="highway" v="residential" /><tag k="name" v="Memorial Hall Road" /></way><way user="OSMnx" visible="true" uid="1" version="1" id="241003533" timestamp="2026-08-18T20:44:39Z" changeset="1"><nd ref="303283792" /><nd ref="30037398" /><tag k="ref" v="SHU86" /><tag k="oneway" v="yes" /><tag k="highway" v="primary" /><tag k="name" v="Muthuswamy Road" /></way><way user="OSMnx" visible="true" uid="1" version="1" id="241003534" timestamp="2026-08-18T20:44:39Z" changeset="1"><nd ref="10604028596" /><nd ref="10604028600" /><nd ref="10604028599" /><nd ref="10604028598" /><nd ref="10604028597" /><nd ref="9572798784" /><nd ref="5939197612" /><nd ref="2271543179" /><nd ref="5939197606" /><tag k="ref" v="SHU88" /><tag k="oneway" v="yes" /><tag k="bridge" v="yes" /><tag k="highway" v="primary" /><tag k="name" v="Muthuswamy Bridge" /></way><way user="OSMnx" visible="true" uid="1" version="1" id="241009506" timestamp="2026-08-18T20:44:39Z" changeset="1"><nd ref="10945638504" /><nd ref="10945643910" /><nd ref="10945643920" /><nd ref="10945643912" /><nd ref="10945643913" /><nd ref="10945643914" /><nd ref="2197639829" /><nd ref="10945643923" /><nd ref="7266849613" /><nd ref="7266849608" /><nd ref="13765886374" /><nd ref="2197639859" /><tag k="oneway" v="yes" /><tag k="lanes" v="1" /><tag k="highway" v="secondary" /><tag k="name" v="Pantheon Road" /></way><way user="OSMnx" visible="true" uid="1" version="1" id="241009507" timestamp="2026-08-18T20:44:39Z" changeset="1"><nd ref="2486858885" /><nd ref="11495672486" /><nd ref="11495672498" /><nd ref="11495672487" /><nd ref="11495672488" /><nd ref="11495672497" /><nd ref="11495672489" /><nd ref="11495672490" /><nd ref="11495672491" /><nd ref="11495672492" /><nd ref="11495672493" /><nd ref="11495672494" /><nd ref="11495672495" /><nd ref="11495672496" /><nd ref="11495672499" /><tag k="oneway" v="yes" /><tag k="lanes" v="2" /><tag k="highway" v="secondary" /><tag k="name" v="Taravath Madhavan Nair Bridge Road" /></way><way user="OSMnx" visible="true" uid="1" version="1" id="241009509" timestamp="2026-08-18T20:44:39Z" changeset="1"><nd ref="2213431528" /><nd ref="11495672450" /><nd ref="11495672449" /><tag k="oneway" v="yes" /><tag k="lanes" v="1" /><tag k="highway" v="secondary_link" /></way><way user="OSMnx" visible="true" uid="1" version="1" id="241027986" timestamp="2026-08-18T20:44:39Z" changeset="1"><nd ref="13432318289" /><nd ref="2197640037" /><nd ref="6595667918" /><nd ref="10216473215" /><nd ref="13047578139" /><nd ref="13047578142" /><nd ref="13047578143" /><nd ref="10187875495" /><nd ref="13047578155" /><nd ref="13047578140" /><nd ref="2197640097" /><tag k="oneway" v="yes" /><tag k="highway" v="secondary" /><tag k="name" v="Gandhi Irwin Road" /></way><way user="OSMnx" visible="true" uid="1" version="1" id="241027987" timestamp="2026-08-18T20:44:39Z" changeset="1"><nd ref="10696417353" /><nd ref="2487062552" /><nd ref="2487062565" /><tag k="oneway" v="yes" /><tag k="highway" v="secondary" /><tag k="name" v="Halls Road" /></way><way user="OSMnx" visible="true" uid="1" version="1" id="241027988" timestamp="2026-08-18T20:44:39Z" changeset="1"><nd ref="12740854703" /><nd ref="13900467091" /><nd ref="248467792" /><tag k="oneway" v="no" /><tag k="highway" v="secondary" /></way><way user="OSMnx" visible="true" uid="1" version="1" id="241027989" timestamp="2026-08-18T20:44:39Z" changeset="1"><nd ref="2487062536" /><nd ref="2487062537" /><nd ref="10696417352" /><tag k="oneway" v="yes" /><tag k="highway" v="secondary" /><tag k="name" v="Halls Road" /></way><way user="OSMnx" visible="true" uid="1" version="1" id="241218777" timestamp="2026-08-18T20:44:39Z" changeset="1"><nd ref="243325391" /><nd ref="6819785294" /><nd ref="30037904" /><tag k="oneway" v="yes" /><tag k="highway" v="secondary" /><tag k="name" v="Deputy Mayor Kabalamurthy Road" /></way><way user="OSMnx" visible="true" uid="1" version="1" id="241218778" timestamp="2026-08-18T20:44:39Z" changeset="1"><nd ref="2489157876" /><nd ref="6819785292" /><nd ref="663690621" /><nd ref="663690622" /><nd ref="663690625" /><nd ref="11937054240" /><nd ref="6539506074" /><nd ref="11937052854" /><tag k="oneway" v="yes" /><tag k="highway" v="tertiary" /><tag k="name" v="Swami Sivananda Salai" /></way><way user="OSMnx" visible="true" uid="1" version="1" id="241540254" timestamp="2026-08-18T20:44:39Z" changeset="1"><nd ref="2270244756" /><nd ref="11721452145" /><nd ref="11721452144" /><nd ref="11721452143" /><nd ref="2491497253" /><nd ref="2491497254" /><tag k="oneway" v="no" /><tag k="highway" v="residential" /></way><way user="OSMnx" visible="true" uid="1" version="1" id="241540255" timestamp="2026-08-18T20:44:39Z" changeset="1"><nd ref="344506124" /><nd ref="11721452138" /><nd ref="11721452139" /><nd ref="11721452140" /><nd ref="2491497257" /><nd ref="2491497260" /><tag k="oneway" v="no" /><tag k="highway" v="residential" /></way><way user="OSMnx" visible="true" uid="1" version="1" id="275459525" timestamp="2026-08-18T20:44:39Z" changeset="1"><nd ref="248467912" /><nd ref="248468200" /><nd ref="309062013" /><nd ref="11043843671" /><nd ref="30037902" /><nd ref="11782538983" /><nd ref="30037903" /><tag k="ref" v="SHU88" /><tag k="oneway" v="yes" /><tag k="highway" v="primary" /><tag k="name" v="Anna Salai (Mount Road)" /></way><way user="OSMnx" visible="true" uid="1" version="1" id="318553846" timestamp="2026-08-18T20:44:39Z" changeset="1"><nd ref="12030548521" /><nd ref="254149423" /><nd ref="254149385" /><tag k="oneway" v="no" /><tag k="highway" v="living_street" /><tag k="name" v="Nalanna Street" /></way><way user="OSMnx" visible="true" uid="1" version="1" id="318553851" timestamp="2026-08-18T20:44:39Z" changeset="1"><nd ref="254149547" /><nd ref="254149616" /><nd ref="254149580" /><tag k="oneway" v="no" /><tag k="highway" v="residential" /><tag k="name" v="Perumal Koil Garden 3rd Lane" /></way><way user="OSMnx" visible="true" uid="1" version="1" id="342677964" timestamp="2026-08-18T20:44:39Z" changeset="1"><nd ref="3496441304" /><nd ref="3496205380" /><nd ref="3494512814" /><nd ref="9913682359" /><nd ref="3671773261" /><nd ref="3671773260" /><nd ref="9913682361" /><nd ref="3496934149" /><tag k="oneway" v="no" /><tag k="highway" v="residential" /><tag k="name" v="Veerapan Street" /></way><way user="OSMnx" visible="true" uid="1" version="1" id="342885567" timestamp="2026-08-18T20:44:39Z" changeset="1"><nd ref="258916612" /><nd ref="258917103" /><nd ref="3671773263" /><nd ref="3498442617" /><tag k="oneway" v="no" /><tag k="highway" v="living_street" /><tag k="name" v="muniappan street" /></way><way user="OSMnx" visible="true" uid="1" version="1" id="362759780" timestamp="2026-08-18T20:44:39Z" changeset="1"><nd ref="247438025" /><nd ref="3670178099" /><tag k="oneway" v="yes" /><tag k="bridge" v="yes" /><tag k="highway" v="secondary" /><tag k="name" v="Elephant Gate Bridge Road" /></way><way user="OSMnx" visible="true" uid="1" version="1" id="362759781" timestamp="2026-08-18T20:44:39Z" changeset="1"><nd ref="2271478447" /><nd ref="610410593" /><tag k="oneway" v="yes" /><tag k="bridge" v="yes" /><tag k="highway" v="secondary" /><tag k="name" v="Elephant Gate Bridge Road" /></way><way user="OSMnx" visible="true" uid="1" version="1" id="362759783" timestamp="2026-08-18T20:44:39Z" changeset="1"><nd ref="11431663710" /><nd ref="247438027" /><nd ref="11431663696" /><nd ref="11431663697" /><nd ref="11431663698" /><nd ref="11431663699" /><nd ref="11431663700" /><nd ref="11431663701" /><nd ref="11431663702" /><nd ref="247438029" /><tag k="oneway" v="yes" /><tag k="highway" v="secondary" /><tag k="name" v="Elephant Gate Bridge Road" /></way><way user="OSMnx" visible="true" uid="1" version="1" id="397330145" timestamp="2026-08-18T20:44:39Z" changeset="1"><nd ref="254491185" /><nd ref="12159239095" /><nd ref="333218864" /><nd ref="610900267" /><nd ref="333218852" /><tag k="oneway" v="yes" /><tag k="highway" v="tertiary" /><tag k="name" v="Hunters Road" /></way><way user="OSMnx" visible="true" uid="1" version="1" id="397330149" timestamp="2026-08-18T20:44:39Z" changeset="1"><nd ref="333218898" /><nd ref="254491159" /><nd ref="4001265780" /><nd ref="333218903" /><nd ref="333218909" /><nd ref="12159239096" /><nd ref="4001265784" /><nd ref="12159239085" /><tag k="oneway" v="yes" /><tag k="highway" v="tertiary" /></way><way user="OSMnx" visible="true" uid="1" version="1" id="441388418" timestamp="2026-08-18T20:44:39Z" changeset="1"><nd ref="2241833897" /><nd ref="2241833874" /><nd ref="2241833856" /><nd ref="8637212925" /><tag k="oneway" v="no" /><tag k="highway" v="living_street" /><tag k="name" v="Burial Ground Road" /></way><way user="OSMnx" visible="true" uid="1" version="1" id="445440473" timestamp="2026-08-18T20:44:39Z" changeset="1"><nd ref="4428682179" /><nd ref="303283554" /><tag k="ref" v="SHU86" /><tag k="oneway" v="yes" /><tag k="highway" v="primary" /><tag k="name" v="General Hospital Road" /></way><way user="OSMnx" visible="true" uid="1" version="1" id="445440476" timestamp="2026-08-18T20:44:39Z" changeset="1"><nd ref="966544065" /><nd ref="966544148" /><tag k="oneway" v="yes" /><tag k="highway" v="secondary" /><tag k="name" v="Pallavan Salai" /></way><way user="OSMnx" visible="true" uid="1" version="1" id="547454251" timestamp="2026-08-18T20:44:39Z" changeset="1"><nd ref="3671342248" /><nd ref="5289829984" /><tag k="oneway" v="no" /><tag k="highway" v="living_street" /></way><way user="OSMnx" visible="true" uid="1" version="1" id="547454252" timestamp="2026-08-18T20:44:39Z" changeset="1"><nd ref="11932515263" /><nd ref="5289829981" /><tag k="oneway" v="no" /><tag k="highway" v="living_street" /></way><way user="OSMnx" visible="true" uid="1" version="1" id="566535353" timestamp="2026-08-18T20:44:39Z" changeset="1"><nd ref="2214510385" /><nd ref="7018660966" /><nd ref="2214510369" /><nd ref="2214510367" /><nd ref="2214510364" /><nd ref="2249215803" /><nd ref="2214510355" /><nd ref="2214510345" /><nd ref="9676735290" /><nd ref="2214510339" /><nd ref="2214510246" /><nd ref="2214510237" /><nd ref="7048451836" /><nd ref="2214510205" /><nd ref="2214510175" /><nd ref="11292824785" /><tag k="oneway" v="yes" /><tag k="highway" v="secondary" /><tag k="name" v="Raja Muthiah Road" /></way><way user="OSMnx" visible="true" uid="1" version="1" id="566607592" timestamp="2026-08-18T20:44:39Z" changeset="1"><nd ref="2197639859" /><nd ref="248467908" /><tag k="oneway" v="no" /><tag k="highway" v="residential" /><tag k="name" v="Kenneth Lane" /></way><way user="OSMnx" visible="true" uid="1" version="1" id="566607593" timestamp="2026-08-18T20:44:39Z" changeset="1"><nd ref="2197639859" /><nd ref="2197639866" /><nd ref="11780046439" /><nd ref="2197640015" /><tag k="oneway" v="yes" /><tag k="lanes" v="1" /><tag k="highway" v="secondary" /><tag k="name" v="Pantheon Road" /></way><way user="OSMnx" visible="true" uid="1" version="1" id="566607594" timestamp="2026-08-18T20:44:39Z" changeset="1"><nd ref="248467911" /><nd ref="11045720864" /><nd ref="11045720856" /><nd ref="248467910" /><nd ref="12249792467" /><nd ref="12757286693" /><nd ref="12757286694" /><tag k="oneway" v="no" /><tag k="highway" v="residential" /><tag k="name" v="Kenneth Lane" /></way><way user="OSMnx" visible="true" uid="1" version="1" id="566607595" timestamp="2026-08-18T20:44:39Z" changeset="1"><nd ref="2197640052" /><nd ref="10216473214" /><nd ref="2197640033" /><nd ref="9808370015" /><nd ref="13432318288" /><tag k="oneway" v="yes" /><tag k="highway" v="secondary" /><tag k="name" v="Gandhi Irwin Road" /></way><way user="OSMnx" visible="true" uid="1" version="1" id="567365638" timestamp="2026-08-18T20:44:39Z" changeset="1"><nd ref="9885031457" /><nd ref="2214510019" /><nd ref="258891110" /><tag k="oneway" v="no" /><tag k="highway" v="tertiary" /></way><way user="OSMnx" visible="true" uid="1" version="1" id="567365640" timestamp="2026-08-18T20:44:39Z" changeset="1"><nd ref="9885031457" /><nd ref="2214510079" /><nd ref="258891140" /><nd ref="13773576035" /><nd ref="13773576034" /><nd ref="13773576033" /><nd ref="320966030" /><nd ref="320966035" /><nd ref="13773576037" /><nd ref="13773576036" /><nd ref="258891141" /><nd ref="258891142" /><tag k="oneway" v="no" /><tag k="highway" v="tertiary" /></way><way user="OSMnx" visible="true" uid="1" version="1" id="581313381" timestamp="2026-08-18T20:44:39Z" changeset="1"><nd ref="5562445714" /><nd ref="5562445713" /><tag k="oneway" v="no" /><tag k="highway" v="secondary_link" /></way><way user="OSMnx" visible="true" uid="1" version="1" id="581313382" timestamp="2026-08-18T20:44:39Z" changeset="1"><nd ref="5562445718" /><nd ref="5562445717" /><nd ref="5562445716" /><nd ref="5562445715" /><nd ref="9913682310" /><tag k="oneway" v="no" /><tag k="highway" v="tertiary_link" /><tag k="name" v="Frazer Bridge Road" /></way><way user="OSMnx" visible="true" uid="1" version="1" id="605871914" timestamp="2026-08-18T20:44:39Z" changeset="1"><nd ref="247437529" /><nd ref="309062020" /><tag k="ref" v="SHU88" /><tag k="oneway" v="yes" /><tag k="highway" v="primary" /><tag k="name" v="Anna Salai" /></way><way user="OSMnx" visible="true" uid="1" version="1" id="666758425" timestamp="2026-08-18T20:44:39Z" changeset="1"><nd ref="6242701265" /><nd ref="6242701266" /><nd ref="6242701267" /><nd ref="6242701268" /><nd ref="6242701269" /><tag k="oneway" v="no" /><tag k="highway" v="residential" /></way><way user="OSMnx" visible="true" uid="1" version="1" id="670384691" timestamp="2026-08-18T20:44:39Z" changeset="1"><nd ref="309061750" /><nd ref="11936481870" /><nd ref="2489157876" /><nd ref="2489157872" /><nd ref="309062092" /><nd ref="13966808855" /><nd ref="309062090" /><nd ref="309061978" /><nd ref="12035794039" /><nd ref="9504474773" /><nd ref="309062015" /><nd ref="6539506031" /><nd ref="6539506041" /><nd ref="6539506040" /><nd ref="309061979" /><tag k="ref" v="SHU88" /><tag k="oneway" v="yes" /><tag k="highway" v="primary" /><tag k="name" v="Anna Salai (Mount Road)" /></way><way user="OSMnx" visible="true" uid="1" version="1" id="688440106" timestamp="2026-08-18T20:44:39Z" changeset="1"><nd ref="320277386" /><nd ref="6455707708" /><tag k="oneway" v="yes" /><tag k="lanes" v="2" /><tag k="highway" v="tertiary" /><tag k="name" v="Rukmani Lakshmipathi Road" /></way><way user="OSMnx" visible="true" uid="1" version="1" id="688440107" timestamp="2026-08-18T20:44:39Z" changeset="1"><nd ref="6455707708" /><nd ref="266204165" /><nd ref="266204155" /><nd ref="6455707707" /><tag k="oneway" v="yes" /><tag k="lanes" v="2" /><tag k="highway" v="tertiary" /><tag k="maxspeed" v="25" /><tag k="name" v="Rukmani Lakshmipathi Road" /></way><way user="OSMnx" visible="true" uid="1" version="1" id="702981250" timestamp="2026-08-18T20:44:39Z" changeset="1"><nd ref="2197640122" /><nd ref="7258263498" /><nd ref="7258263501" /><nd ref="2197640110" /><nd ref="248467911" /><tag k="oneway" v="yes" /><tag k="highway" v="secondary" /><tag k="name" v="Gandhi Irwin Road" /></way><way user="OSMnx" visible="true" uid="1" version="1" id="727734261" timestamp="2026-08-18T20:44:39Z" changeset="1"><nd ref="30037904" /><nd ref="2489157876" /><tag k="oneway" v="yes" /><tag k="highway" v="secondary" /><tag k="name" v="Swami Sivananda Salai" /></way><way user="OSMnx" visible="true" uid="1" version="1" id="727734262" timestamp="2026-08-18T20:44:39Z" changeset="1"><nd ref="243325391" /><nd ref="6819785291" /><nd ref="6819785290" /><nd ref="6819785289" /><nd ref="6819785288" /><nd ref="6819785286" /><nd ref="6819785287" /><nd ref="309061751" /><tag k="oneway" v="yes" /><tag k="highway" v="primary_link" /></way><way user="OSMnx" visible="true" uid="1" version="1" id="727734263" timestamp="2026-08-18T20:44:39Z" changeset="1"><nd ref="2489157872" /><nd ref="30037903" /><tag k="oneway" v="yes" /><tag k="highway" v="secondary" /><tag k="name" v="Deputy Mayor Kabalamurthy Road" /></way><way user="OSMnx" visible="true" uid="1" version="1" id="751435579" timestamp="2026-08-18T20:44:39Z" changeset="1"><nd ref="7024755480" /><nd ref="7024755479" /><nd ref="7024755478" /><nd ref="7024755477" /><nd ref="7024755476" /><tag k="oneway" v="no" /><tag k="highway" v="residential" /></way><way user="OSMnx" visible="true" uid="1" version="1" id="752137837" timestamp="2026-08-18T20:44:39Z" changeset="1"><nd ref="7030702545" /><nd ref="7030702544" /><tag k="oneway" v="no" /><tag k="highway" v="living_street" /></way><way user="OSMnx" visible="true" uid="1" version="1" id="752178025" timestamp="2026-08-18T20:44:39Z" changeset="1"><nd ref="11495672532" /><nd ref="10696417358" /><tag k="oneway" v="yes" /><tag k="highway" v="secondary" /><tag k="name" v="Halls Road" /></way><way user="OSMnx" visible="true" uid="1" version="1" id="754135989" timestamp="2026-08-18T20:44:39Z" changeset="1"><nd ref="12054359464" /><nd ref="7045397326" /><tag k="oneway" v="no" /><tag k="highway" v="residential" /></way><way user="OSMnx" visible="true" uid="1" version="1" id="765972545" timestamp="2026-08-18T20:44:39Z" changeset="1"><nd ref="7153909003" /><nd ref="10277778751" /><nd ref="7153909002" /><nd ref="7153909001" /><nd ref="11836557917" /><nd ref="7153909000" /><tag k="oneway" v="no" /><tag k="highway" v="residential" /></way><way user="OSMnx" visible="true" uid="1" version="1" id="767920663" timestamp="2026-08-18T20:44:39Z" changeset="1"><nd ref="7169942566" /><nd ref="7169942564" /><nd ref="7169942563" /><nd ref="7169942565" /><tag k="oneway" v="no" /><tag k="highway" v="residential" /><tag k="name" v="CORPORATION LANE 1ST STREET" /></way><way user="OSMnx" visible="true" uid="1" version="1" id="767920664" timestamp="2026-08-18T20:44:39Z" changeset="1"><nd ref="7169942567" /><nd ref="7169942566" /><nd ref="7169942565" /><nd ref="610963180" /><tag k="oneway" v="no" /><tag k="highway" v="residential" /><tag k="name" v="CORPORATION LANE 2ND STREET" /></way><way user="OSMnx" visible="true" uid="1" version="1" id="778604830" timestamp="2026-08-18T20:44:39Z" changeset="1"><nd ref="7266849613" /><nd ref="7266849612" /><nd ref="7266849611" /><nd ref="7266849610" /><nd ref="7266849609" /><tag k="oneway" v="no" /><tag k="highway" v="residential" /></way><way user="OSMnx" visible="true" uid="1" version="1" id="793704827" timestamp="2026-08-18T20:44:39Z" changeset="1"><nd ref="7412932325" /><nd ref="247438770" /><tag k="oneway" v="yes" /><tag k="highway" v="secondary" /><tag k="name" v="Netaji Subhash Chandra Bose Road" /></way><way user="OSMnx" visible="true" uid="1" version="1" id="793704828" timestamp="2026-08-18T20:44:39Z" changeset="1"><nd ref="966544148" /><nd ref="4428682178" /><tag k="ref" v="SHU86" /><tag k="oneway" v="yes" /><tag k="highway" v="primary" /><tag k="name" v="General Hospital Road" /></way><way user="OSMnx" visible="true" uid="1" version="1" id="822593939" timestamp="2026-08-18T20:44:39Z" changeset="1"><nd ref="7837970210" /><nd ref="12419282612" /><nd ref="5461093581" /><nd ref="259183482" /><tag k="ref" v="SHU86" /><tag k="oneway" v="yes" /><tag k="lanes" v="3" /><tag k="highway" v="primary" /><tag k="name" v="General Hospital Road" /></way><way user="OSMnx" visible="true" uid="1" version="1" id="822593941" timestamp="2026-08-18T20:44:39Z" changeset="1"><nd ref="7680692821" /><nd ref="4428682179" /><tag k="ref" v="SHU86" /><tag k="oneway" v="yes" /><tag k="bridge" v="yes" /><tag k="highway" v="primary" /><tag k="name" v="General Hospital Road" /></way><way user="OSMnx" visible="true" uid="1" version="1" id="822593942" timestamp="2026-08-18T20:44:39Z" changeset="1"><nd ref="4428682178" /><nd ref="7837970210" /><tag k="ref" v="SHU86" /><tag k="oneway" v="yes" /><tag k="bridge" v="yes" /><tag k="highway" v="primary" /><tag k="name" v="General Hospital Road" /></way><way user="OSMnx" visible="true" uid="1" version="1" id="994918885" timestamp="2026-08-18T20:44:39Z" changeset="1"><nd ref="254497645" /><nd ref="9187378780" /><tag k="oneway" v="no" /><tag k="highway" v="living_street" /></way><way user="OSMnx" visible="true" uid="1" version="1" id="994918887" timestamp="2026-08-18T20:44:39Z" changeset="1"><nd ref="9187378785" /><nd ref="9187378786" /><nd ref="9187378787" /><tag k="oneway" v="no" /><tag k="highway" v="residential" /></way><way user="OSMnx" visible="true" uid="1" version="1" id="994918892" timestamp="2026-08-18T20:44:39Z" changeset="1"><nd ref="9187378802" /><nd ref="9187378803" /><tag k="oneway" v="no" /><tag k="highway" v="residential" /></way><way user="OSMnx" visible="true" uid="1" version="1" id="994918896" timestamp="2026-08-18T20:44:39Z" changeset="1"><nd ref="9187378814" /><nd ref="9187378815" /><tag k="oneway" v="no" /><tag k="highway" v="residential" /><tag k="name" v="ANDIAPPA LANE" /></way><way user="OSMnx" visible="true" uid="1" version="1" id="994918897" timestamp="2026-08-18T20:44:39Z" changeset="1"><nd ref="9187378816" /><nd ref="9187378817" /><tag k="oneway" v="no" /><tag k="highway" v="residential" /></way><way user="OSMnx" visible="true" uid="1" version="1" id="995115351" timestamp="2026-08-18T20:44:39Z" changeset="1"><nd ref="11047702707" /><nd ref="11047694900" /><nd ref="11047702705" /><nd ref="9189159104" /><nd ref="2269934835" /><tag k="oneway" v="no" /><tag k="highway" v="residential" /></way><way user="OSMnx" visible="true" uid="1" version="1" id="995115352" timestamp="2026-08-18T20:44:39Z" changeset="1"><nd ref="9189159105" /><nd ref="9189159106" /><nd ref="12955637715" /><nd ref="9189159107" /><tag k="oneway" v="no" /><tag k="highway" v="residential" /></way><way user="OSMnx" visible="true" uid="1" version="1" id="995115357" timestamp="2026-08-18T20:44:39Z" changeset="1"><nd ref="9189163024" /><nd ref="9189163025" /><tag k="oneway" v="no" /><tag k="highway" v="residential" /></way><way user="OSMnx" visible="true" uid="1" version="1" id="995115359" timestamp="2026-08-18T20:44:39Z" changeset="1"><nd ref="9910876571" /><nd ref="9910876570" /><nd ref="9910876569" /><nd ref="9910876568" /><nd ref="9910876567" /><nd ref="9910876566" /><nd ref="11721802850" /><nd ref="9910876565" /><nd ref="9910876564" /><nd ref="11721802849" /><nd ref="9910876563" /><nd ref="9189163026" /><nd ref="9189163027" /><tag k="oneway" v="no" /><tag k="highway" v="residential" /></way><way user="OSMnx" visible="true" uid="1" version="1" id="995115361" timestamp="2026-08-18T20:44:39Z" changeset="1"><nd ref="9189163031" /><nd ref="9189163032" /><tag k="oneway" v="no" /><tag k="highway" v="residential" /></way><way user="OSMnx" visible="true" uid="1" version="1" id="995115362" timestamp="2026-08-18T20:44:39Z" changeset="1"><nd ref="9189163033" /><nd ref="11593727654" /><nd ref="11593727655" /><nd ref="11593727659" /><nd ref="11593727656" /><nd ref="11593727657" /><nd ref="11593727658" /><tag k="oneway" v="no" /><tag k="highway" v="residential" /></way><way user="OSMnx" visible="true" uid="1" version="1" id="995115368" timestamp="2026-08-18T20:44:39Z" changeset="1"><nd ref="9189163074" /><nd ref="9189163049" /><nd ref="9189163050" /><nd ref="11363888623" /><nd ref="11363888622" /><nd ref="11363888621" /><nd ref="11363888620" /><nd ref="11363888619" /><nd ref="9189163051" /><tag k="oneway" v="no" /><tag k="highway" v="residential" /></way><way user="OSMnx" visible="true" uid="1" version="1" id="995115369" timestamp="2026-08-18T20:44:39Z" changeset="1"><nd ref="11064385045" /><nd ref="9189163054" /><tag k="oneway" v="no" /><tag k="highway" v="residential" /></way><way user="OSMnx" visible="true" uid="1" version="1" id="1039224803" timestamp="2026-08-18T20:44:39Z" changeset="1"><nd ref="310505388" /><nd ref="7412932325" /><tag k="oneway" v="yes" /><tag k="highway" v="secondary" /><tag k="name" v="Netaji Subhash Chandra Bose Road" /></way><way user="OSMnx" visible="true" uid="1" version="1" id="1039224805" timestamp="2026-08-18T20:44:39Z" changeset="1"><nd ref="30037398" /><nd ref="303284180" /><tag k="ref" v="SHU86" /><tag k="oneway" v="yes" /><tag k="highway" v="primary" /><tag k="name" v="Muthuswamy Road" /></way><way user="OSMnx" visible="true" uid="1" version="1" id="1039224806" timestamp="2026-08-18T20:44:39Z" changeset="1"><nd ref="303283554" /><nd ref="9572798769" /><tag k="ref" v="SHU86" /><tag k="oneway" v="yes" /><tag k="highway" v="primary" /><tag k="name" v="General Hospital Road" /></way><way user="OSMnx" visible="true" uid="1" version="1" id="1039298146" timestamp="2026-08-18T20:44:39Z" changeset="1"><nd ref="2197639788" /><nd ref="10945643928" /><nd ref="10945643929" /><nd ref="10945643930" /><nd ref="2197639743" /><nd ref="11041571658" /><nd ref="11780188516" /><nd ref="248467520" /><tag k="oneway" v="yes" /><tag k="highway" v="secondary" /><tag k="name" v="Adithanar Road" /></way><way user="OSMnx" visible="true" uid="1" version="1" id="1052956026" timestamp="2026-08-18T20:44:39Z" changeset="1"><nd ref="9572798768" /><nd ref="966544148" /><tag k="ref" v="SHU86" /><tag k="oneway" v="yes" /><tag k="highway" v="primary" /><tag k="name" v="General Hospital Road" /></way><way user="OSMnx" visible="true" uid="1" version="1" id="1052967873" timestamp="2026-08-18T20:44:39Z" changeset="1"><nd ref="2214510343" /><nd ref="9676735290" /><tag k="oneway" v="no" /><tag k="highway" v="residential" /></way><way user="OSMnx" visible="true" uid="1" version="1" id="1076583934" timestamp="2026-08-18T20:44:39Z" changeset="1"><nd ref="10758209871" /><nd ref="9872392643" /><tag k="oneway" v="no" /><tag k="highway" v="residential" /><tag k="name" v="Stringer Street" /></way><way user="OSMnx" visible="true" uid="1" version="1" id="1080757458" timestamp="2026-08-18T20:44:39Z" changeset="1"><nd ref="2241832826" /><nd ref="248467943" /><nd ref="11782538974" /><nd ref="243325391" /><tag k="oneway" v="no" /><tag k="highway" v="secondary" /><tag k="name" v="Deputy Mayor Kabalamurthy Road" /></way><way user="OSMnx" visible="true" uid="1" version="1" id="1080757459" timestamp="2026-08-18T20:44:39Z" changeset="1"><nd ref="248468311" /><nd ref="243325388" /><nd ref="248468226" /><nd ref="317153313" /><nd ref="966556109" /><nd ref="11039950261" /><nd ref="11039950264" /><nd ref="243325389" /><tag k="oneway" v="no" /><tag k="highway" v="secondary" /><tag k="name" v="Arunachalam Street" /></way><way user="OSMnx" visible="true" uid="1" version="1" id="1080757460" timestamp="2026-08-18T20:44:39Z" changeset="1"><nd ref="248467940" /><nd ref="2241832836" /><nd ref="2241832839" /><nd ref="4208462362" /><nd ref="2241832826" /><tag k="oneway" v="no" /><tag k="highway" v="residential" /><tag k="name" v="Ritchie Street" /></way><way user="OSMnx" visible="true" uid="1" version="1" id="1080757461" timestamp="2026-08-18T20:44:39Z" changeset="1"><nd ref="30037903" /><nd ref="30037904" /><nd ref="309061751" /><tag k="ref" v="SHU88" /><tag k="oneway" v="yes" /><tag k="highway" v="primary" /><tag k="name" v="Anna Salai (Mount Road)" /></way><way user="OSMnx" visible="true" uid="1" version="1" id="1081040293" timestamp="2026-08-18T20:44:39Z" changeset="1"><nd ref="247438770" /><nd ref="9913682288" /><nd ref="9913682285" /><nd ref="9989783660" /><nd ref="9989783659" /><nd ref="9989783658" /><nd ref="310505827" /><tag k="oneway" v="yes" /><tag k="highway" v="secondary" /><tag k="name" v="Netaji Subhash Chandra Bose Road" /></way><way user="OSMnx" visible="true" uid="1" version="1" id="1081311816" timestamp="2026-08-18T20:44:39Z" changeset="1"><nd ref="9910876572" /><nd ref="9910876573" /><nd ref="9910876574" /><nd ref="9910876575" /><tag k="oneway" v="no" /><tag k="highway" v="residential" /></way><way user="OSMnx" visible="true" uid="1" version="1" id="1081659373" timestamp="2026-08-18T20:44:39Z" changeset="1"><nd ref="9913682310" /><nd ref="9913682311" /><nd ref="9913682312" /><nd ref="9913682313" /><nd ref="9913682314" /><tag k="oneway" v="no" /><tag k="highway" v="tertiary_link" /></way><way user="OSMnx" visible="true" uid="1" version="1" id="1081659383" timestamp="2026-08-18T20:44:39Z" changeset="1"><nd ref="9913682352" /><nd ref="9913682353" /><nd ref="9913682354" /><nd ref="9913682355" /><tag k="oneway" v="no" /><tag k="highway" v="living_street" /></way><way user="OSMnx" visible="true" uid="1" version="1" id="1081659384" timestamp="2026-08-18T20:44:39Z" changeset="1"><nd ref="9913682356" /><nd ref="9913682357" /><nd ref="9913682358" /><tag k="oneway" v="no" /><tag k="highway" v="living_street" /></way><way user="OSMnx" visible="true" uid="1" version="1" id="1081659385" timestamp="2026-08-18T20:44:39Z" changeset="1"><nd ref="9913682359" /><nd ref="9913682360" /><tag k="oneway" v="no" /><tag k="highway" v="living_street" /></way><way user="OSMnx" visible="true" uid="1" version="1" id="1081659386" timestamp="2026-08-18T20:44:39Z" changeset="1"><nd ref="9913682361" /><nd ref="9913682362" /><tag k="oneway" v="no" /><tag k="highway" v="residential" /><tag k="name" v="Veerapan Street" /></way><way user="OSMnx" visible="true" uid="1" version="1" id="1081659387" timestamp="2026-08-18T20:44:39Z" changeset="1"><nd ref="258917103" /><nd ref="9913682363" /><tag k="oneway" v="no" /><tag k="highway" v="living_street" /><tag k="name" v="muniappan street" /></way><way user="OSMnx" visible="true" uid="1" version="1" id="1081659393" timestamp="2026-08-18T20:44:39Z" changeset="1"><nd ref="247438113" /><nd ref="9913682371" /><tag k="oneway" v="no" /><tag k="highway" v="living_street" /></way><way user="OSMnx" visible="true" uid="1" version="1" id="1081659394" timestamp="2026-08-18T20:44:39Z" changeset="1"><nd ref="258917819" /><nd ref="9913682372" /><tag k="oneway" v="no" /><tag k="highway" v="living_street" /></way><way user="OSMnx" visible="true" uid="1" version="1" id="1082235958" timestamp="2026-08-18T20:44:39Z" changeset="1"><nd ref="2214510402" /><nd ref="2214510406" /><nd ref="9918432800" /><nd ref="9918432801" /><nd ref="9918432802" /><nd ref="9918432803" /><nd ref="9918432804" /><nd ref="9918432805" /><nd ref="9918432806" /><nd ref="9918432807" /><tag k="oneway" v="no" /><tag k="highway" v="residential" /></way><way user="OSMnx" visible="true" uid="1" version="1" id="1090653965" timestamp="2026-08-18T20:44:39Z" changeset="1"><nd ref="9989783631" /><nd ref="9989783654" /><nd ref="9989783643" /><nd ref="9989783653" /><nd ref="9989783644" /><nd ref="9989783652" /><nd ref="9989783645" /><nd ref="9989783651" /><nd ref="9989783655" /><nd ref="9989783646" /><nd ref="9989783647" /><nd ref="9989783648" /><nd ref="9989783650" /><nd ref="9989783649" /><tag k="oneway" v="yes" /><tag k="highway" v="secondary_link" /></way><way user="OSMnx" visible="true" uid="1" version="1" id="1090653966" timestamp="2026-08-18T20:44:39Z" changeset="1"><nd ref="310505827" /><nd ref="9989783667" /><tag k="oneway" v="no" /><tag k="highway" v="secondary_link" /></way><way user="OSMnx" visible="true" uid="1" version="1" id="1098504489" timestamp="2026-08-18T20:44:39Z" changeset="1"><nd ref="2269042572" /><nd ref="258891046" /><nd ref="9913682355" /><nd ref="9913682356" /><nd ref="247435681" /><nd ref="258890829" /><nd ref="258916486" /><nd ref="247435682" /><tag k="oneway" v="yes" /><tag k="highway" v="tertiary" /><tag k="name" v="Netaji Subhash Chandra Bose Road" /></way><way user="OSMnx" visible="true" uid="1" version="1" id="1098504490" timestamp="2026-08-18T20:44:39Z" changeset="1"><nd ref="247435682" /><nd ref="3496205377" /><nd ref="258916071" /><nd ref="3496205379" /><nd ref="258916076" /><nd ref="247438113" /><nd ref="247438112" /><tag k="oneway" v="yes" /><tag k="highway" v="residential" /><tag k="name" v="Mint Street" /></way><way user="OSMnx" visible="true" uid="1" version="1" id="1098504491" timestamp="2026-08-18T20:44:39Z" changeset="1"><nd ref="247438112" /><nd ref="258916110" /><nd ref="258915917" /><nd ref="10913742890" /><nd ref="258915922" /><nd ref="258976036" /><nd ref="258916137" /><nd ref="254149403" /><tag k="oneway" v="yes" /><tag k="highway" v="tertiary" /><tag k="name" v="Audiappa Naicken Street" /></way><way user="OSMnx" visible="true" uid="1" version="1" id="1107911289" timestamp="2026-08-18T20:44:39Z" changeset="1"><nd ref="10137228458" /><nd ref="10137228459" /><nd ref="10137228457" /><tag k="oneway" v="no" /><tag k="highway" v="residential" /></way><way user="OSMnx" visible="true" uid="1" version="1" id="1107911290" timestamp="2026-08-18T20:44:39Z" changeset="1"><nd ref="10137228457" /><nd ref="10137228538" /><nd ref="10137228460" /><nd ref="10137228539" /><nd ref="10137228461" /><nd ref="10137228540" /><nd ref="10137228462" /><nd ref="10137228541" /><nd ref="10137228463" /><nd ref="10137228542" /><nd ref="10137228464" /><nd ref="10137228465" /><tag k="oneway" v="no" /><tag k="highway" v="residential" /><tag k="name" v="Ranganathan Lane" /></way><way user="OSMnx" visible="true" uid="1" version="1" id="1115397693" timestamp="2026-08-18T20:44:39Z" changeset="1"><nd ref="10201011110" /><nd ref="10201011111" /><nd ref="10201011112" /><nd ref="10201011113" /><nd ref="10201011114" /><nd ref="10201011115" /><nd ref="10201011116" /><nd ref="10201011117" /><nd ref="10201011118" /><nd ref="10201011119" /><nd ref="10201011120" /><nd ref="10201011121" /><tag k="oneway" v="yes" /><tag k="highway" v="secondary_link" /></way><way user="OSMnx" visible="true" uid="1" version="1" id="1115397694" timestamp="2026-08-18T20:44:39Z" changeset="1"><nd ref="10201011147" /><nd ref="10201011144" /><tag k="oneway" v="yes" /><tag k="highway" v="secondary" /><tag k="name" v="Raja Muthiah Road" /></way><way user="OSMnx" visible="true" uid="1" version="1" id="1115397695" timestamp="2026-08-18T20:44:39Z" changeset="1"><nd ref="10201011149" /><nd ref="10201011152" /><nd ref="10201011125" /><nd ref="5461093584" /><tag k="ref" v="SHU86" /><tag k="oneway" v="yes" /><tag k="highway" v="primary" /><tag k="name" v="General Hospital Road" /></way><way user="OSMnx" visible="true" uid="1" version="1" id="1115495178" timestamp="2026-08-18T20:44:39Z" changeset="1"><nd ref="10201877386" /><nd ref="10201877387" /><tag k="oneway" v="no" /><tag k="highway" v="residential" /></way><way user="OSMnx" visible="true" uid="1" version="1" id="1115495179" timestamp="2026-08-18T20:44:39Z" changeset="1"><nd ref="10201877387" /><nd ref="10201877391" /><nd ref="10201877390" /><nd ref="10201877396" /><nd ref="10201877395" /><nd ref="10201877388" /><tag k="oneway" v="no" /><tag k="highway" v="residential" /></way><way user="OSMnx" visible="true" uid="1" version="1" id="1115495180" timestamp="2026-08-18T20:44:39Z" changeset="1"><nd ref="10201877389" /><nd ref="10201877390" /><tag k="oneway" v="no" /><tag k="highway" v="residential" /></way><way user="OSMnx" visible="true" uid="1" version="1" id="1115495182" timestamp="2026-08-18T20:44:39Z" changeset="1"><nd ref="9189163022" /><nd ref="10201877397" /><nd ref="10201877393" /><tag k="oneway" v="no" /><tag k="highway" v="residential" /></way><way user="OSMnx" visible="true" uid="1" version="1" id="1115495183" timestamp="2026-08-18T20:44:39Z" changeset="1"><nd ref="10201877393" /><nd ref="10201877395" /><tag k="oneway" v="no" /><tag k="highway" v="residential" /></way><way user="OSMnx" visible="true" uid="1" version="1" id="1115495184" timestamp="2026-08-18T20:44:39Z" changeset="1"><nd ref="10201877396" /><nd ref="10201877397" /><tag k="oneway" v="no" /><tag k="highway" v="residential" /></way><way user="OSMnx" visible="true" uid="1" version="1" id="1117074527" timestamp="2026-08-18T20:44:39Z" changeset="1"><nd ref="2197640097" /><nd ref="10187875506" /><nd ref="2197640106" /><nd ref="7050749856" /><nd ref="7050749853" /><nd ref="2197640118" /><nd ref="2197640130" /><nd ref="2197652314" /><nd ref="2197640142" /><tag k="oneway" v="yes" /><tag k="highway" v="secondary" /><tag k="name" v="Gandhi Irwin Road" /></way><way user="OSMnx" visible="true" uid="1" version="1" id="1117074528" timestamp="2026-08-18T20:44:39Z" changeset="1"><nd ref="248467911" /><nd ref="2197640102" /><nd ref="11252278807" /><nd ref="2197640093" /><nd ref="10216513517" /><tag k="oneway" v="yes" /><tag k="highway" v="secondary" /><tag k="name" v="Gandhi Irwin Road" /></way><way user="OSMnx" visible="true" uid="1" version="1" id="1117074529" timestamp="2026-08-18T20:44:39Z" changeset="1"><nd ref="10216513517" /><nd ref="10216473216" /><nd ref="13047578141" /><nd ref="6595667897" /><nd ref="2197640052" /><tag k="oneway" v="yes" /><tag k="highway" v="secondary" /><tag k="name" v="Gandhi Irwin Road" /></way><way user="OSMnx" visible="true" uid="1" version="1" id="1119783275" timestamp="2026-08-18T20:44:39Z" changeset="1"><nd ref="2271478415" /><nd ref="247435687" /><tag k="oneway" v="no" /><tag k="highway" v="tertiary" /><tag k="name" v="Netaji Subhash Chandra Bose Road" /></way><way user="OSMnx" visible="true" uid="1" version="1" id="1119783276" timestamp="2026-08-18T20:44:39Z" changeset="1"><nd ref="2271478323" /><nd ref="2271478300" /><nd ref="2271478271" /><nd ref="2271478159" /><nd ref="2271478118" /><nd ref="5289829971" /><nd ref="11041710845" /><nd ref="11037207658" /><nd ref="2271478096" /><nd ref="2271478034" /><nd ref="2271478005" /><nd ref="2271477995" /><nd ref="2271477987" /><tag k="ref" v="SHU87" /><tag k="oneway" v="yes" /><tag k="highway" v="trunk" /><tag k="name" v="Wall Tax Road" /></way><way user="OSMnx" visible="true" uid="1" version="1" id="1123057564" timestamp="2026-08-18T20:44:39Z" changeset="1"><nd ref="13765882159" /><nd ref="317148366" /><nd ref="248468246" /><nd ref="10270761686" /><tag k="oneway" v="no" /><tag k="highway" v="residential" /><tag k="name" v="Bazzar Street" /></way><way user="OSMnx" visible="true" uid="1" version="1" id="1123057565" timestamp="2026-08-18T20:44:39Z" changeset="1"><nd ref="248468239" /><nd ref="10270761686" /><nd ref="248468240" /><tag k="oneway" v="no" /><tag k="highway" v="tertiary" /><tag k="name" v="Ayya Mudali Street" /></way><way user="OSMnx" visible="true" uid="1" version="1" id="1123057566" timestamp="2026-08-18T20:44:39Z" changeset="1"><nd ref="248468239" /><nd ref="10270761687" /><nd ref="10270761688" /><nd ref="10270761689" /><nd ref="11416756702" /><nd ref="10270761695" /><nd ref="10270761690" /><nd ref="10270761691" /><nd ref="10270761692" /><nd ref="10270761693" /><nd ref="248468247" /><nd ref="10270761700" /><nd ref="248468248" /><nd ref="10270761701" /><nd ref="10270761702" /><nd ref="10270761703" /><nd ref="10270761704" /><nd ref="10270810309" /><nd ref="10270761705" /><nd ref="10270761706" /><nd ref="10270761707" /><nd ref="10270810310" /><nd ref="10270761708" /><nd ref="10270810319" /><nd ref="248468182" /><tag k="oneway" v="no" /><tag k="highway" v="tertiary" /><tag k="name" v="Dams Road" /></way><way user="OSMnx" visible="true" uid="1" version="1" id="1123057569" timestamp="2026-08-18T20:44:39Z" changeset="1"><nd ref="13765882160" /><nd ref="2241833880" /><nd ref="248468270" /><nd ref="10270810313" /><nd ref="10270810314" /><nd ref="10270810320" /><nd ref="10270810315" /><nd ref="10270810321" /><nd ref="10270810316" /><nd ref="2241833875" /><nd ref="10270810317" /><nd ref="10270810318" /><nd ref="10270810319" /><tag k="oneway" v="no" /><tag k="highway" v="residential" /><tag k="name" v="Rex Street" /></way><way user="OSMnx" visible="true" uid="1" version="1" id="1123856591" timestamp="2026-08-18T20:44:39Z" changeset="1"><nd ref="10277778750" /><nd ref="11292812954" /><nd ref="11292812957" /><tag k="oneway" v="yes" /><tag k="highway" v="secondary" /><tag k="name" v="Basin Bridge Road" /></way><way user="OSMnx" visible="true" uid="1" version="1" id="1135118767" timestamp="2026-08-18T20:44:39Z" changeset="1"><nd ref="2378610527" /><nd ref="258917550" /><nd ref="258917086" /><nd ref="258915910" /><tag k="oneway" v="no" /><tag k="highway" v="tertiary" /><tag k="name" v="Audiappa Naicken Street" /></way><way user="OSMnx" visible="true" uid="1" version="1" id="1135118768" timestamp="2026-08-18T20:44:39Z" changeset="1"><nd ref="2269042572" /><nd ref="258916653" /><nd ref="2378582130" /><nd ref="258916659" /><nd ref="258916496" /><tag k="oneway" v="yes" /><tag k="highway" v="residential" /><tag k="name" v="Govindappa Naicken Street" /></way><way user="OSMnx" visible="true" uid="1" version="1" id="1137586757" timestamp="2026-08-18T20:44:39Z" changeset="1"><nd ref="9572798771" /><nd ref="10604028596" /><tag k="ref" v="SHU88" /><tag k="oneway" v="yes" /><tag k="highway" v="primary" /><tag k="name" v="Muthuswamy Road" /></way><way user="OSMnx" visible="true" uid="1" version="1" id="1137586758" timestamp="2026-08-18T20:44:39Z" changeset="1"><nd ref="10604028601" /><nd ref="5939197622" /><tag k="ref" v="SHU88" /><tag k="oneway" v="yes" /><tag k="highway" v="primary" /><tag k="name" v="Muthuswamy Road" /></way><way user="OSMnx" visible="true" uid="1" version="1" id="1149806148" timestamp="2026-08-18T20:44:39Z" changeset="1"><nd ref="610963200" /><nd ref="10696301471" /><tag k="oneway" v="no" /><tag k="highway" v="living_street" /></way><way user="OSMnx" visible="true" uid="1" version="1" id="1149820862" timestamp="2026-08-18T20:44:39Z" changeset="1"><nd ref="10696417354" /><nd ref="10696417355" /><nd ref="10696417356" /><nd ref="2487062549" /><nd ref="10696417362" /><nd ref="10696417353" /><nd ref="10696417363" /><nd ref="10696417364" /><nd ref="10696417365" /><nd ref="10696417357" /><nd ref="10696417358" /><nd ref="10696417359" /><nd ref="10696417360" /><nd ref="10696417361" /><nd ref="10696417366" /><nd ref="10696417367" /><nd ref="10696417368" /><nd ref="10696417352" /><nd ref="248467712" /><nd ref="10696417354" /><tag k="oneway" v="yes" /><tag k="highway" v="secondary" /><tag k="name" v="Halls Road" /></way><way user="OSMnx" visible="true" uid="1" version="1" id="1149875361" timestamp="2026-08-18T20:44:39Z" changeset="1"><nd ref="966544148" /><nd ref="303283554" /><tag k="oneway" v="no" /><tag k="highway" v="secondary" /><tag k="name" v="Pallavan Salai" /></way><way user="OSMnx" visible="true" uid="1" version="1" id="1149875362" timestamp="2026-08-18T20:44:39Z" changeset="1"><nd ref="9572798769" /><nd ref="8291970861" /><nd ref="303283556" /><nd ref="303283557" /><tag k="ref" v="SHU86" /><tag k="oneway" v="yes" /><tag k="highway" v="primary" /><tag k="name" v="General Hospital Road" /></way><way user="OSMnx" visible="true" uid="1" version="1" id="1149875529" timestamp="2026-08-18T20:44:39Z" changeset="1"><nd ref="2197652485" /><nd ref="304918757" /><nd ref="304918754" /><nd ref="12049272709" /><nd ref="304918752" /><nd ref="12049272698" /><nd ref="304918749" /><nd ref="304918747" /><nd ref="7010373496" /><nd ref="2213431535" /><nd ref="304918745" /><nd ref="304918743" /><nd ref="12054166761" /><nd ref="304918740" /><nd ref="7010373489" /><nd ref="2213431528" /><tag k="ref" v="SHU86" /><tag k="oneway" v="yes" /><tag k="highway" v="primary" /><tag k="name" v="EVR Periyar Salai" /></way><way user="OSMnx" visible="true" uid="1" version="1" id="1149875530" timestamp="2026-08-18T20:44:39Z" changeset="1"><nd ref="2197652485" /><nd ref="30037235" /><tag k="oneway" v="yes" /><tag k="highway" v="secondary" /><tag k="name" v="Langs Garden Park" /></way><way user="OSMnx" visible="true" uid="1" version="1" id="1149875531" timestamp="2026-08-18T20:44:39Z" changeset="1"><nd ref="30037235" /><nd ref="2214509871" /><nd ref="254497449" /><nd ref="254497620" /><nd ref="254497627" /><nd ref="333204235" /><nd ref="254497613" /><nd ref="610410424" /><nd ref="254497658" /><nd ref="10201011129" /><nd ref="304918722" /><nd ref="10201011128" /><nd ref="10201011137" /><nd ref="30037233" /><nd ref="10201011136" /><nd ref="10201011127" /><nd ref="10201011126" /><nd ref="10201011144" /><tag k="ref" v="SHU86" /><tag k="oneway" v="yes" /><tag k="lanes" v="2" /><tag k="highway" v="primary" /><tag k="name" v="EVR Periyar Salai" /></way><way user="OSMnx" visible="true" uid="1" version="1" id="1149875532" timestamp="2026-08-18T20:44:39Z" changeset="1"><nd ref="2197652486" /><nd ref="2197652485" /><tag k="ref" v="SHU86" /><tag k="oneway" v="yes" /><tag k="highway" v="primary" /><tag k="name" v="EVR Periyar Salai" /></way><way user="OSMnx" visible="true" uid="1" version="1" id="1149875533" timestamp="2026-08-18T20:44:39Z" changeset="1"><nd ref="2197652486" /><nd ref="2197652484" /><nd ref="2197652478" /><tag k="oneway" v="yes" /><tag k="highway" v="secondary" /><tag k="name" v="Langs Garden Road" /></way><way user="OSMnx" visible="true" uid="1" version="1" id="1159214946" timestamp="2026-08-18T20:44:39Z" changeset="1"><nd ref="254491142" /><nd ref="2269934837" /><nd ref="254491144" /><tag k="oneway" v="no" /><tag k="highway" v="residential" /><tag k="name" v="Valliammal Road" /></way><way user="OSMnx" visible="true" uid="1" version="1" id="1175017472" timestamp="2026-08-18T20:44:39Z" changeset="1"><nd ref="10918115272" /><nd ref="10918115271" /><nd ref="10918115270" /><nd ref="10918115255" /><nd ref="11058071434" /><nd ref="12213569525" /><nd ref="12213569519" /><nd ref="10918115262" /><nd ref="10918115256" /><nd ref="10918115257" /><nd ref="10918115258" /><nd ref="10918115259" /><nd ref="10918115260" /><nd ref="10918115261" /><nd ref="10918115263" /><nd ref="10918115264" /><nd ref="10918115265" /><nd ref="10918115266" /><nd ref="10918115267" /><nd ref="10918115269" /><nd ref="10918115268" /><tag k="oneway" v="no" /><tag k="highway" v="residential" /><tag k="name" v="Burial Ground Road" /></way><way user="OSMnx" visible="true" uid="1" version="1" id="1175017473" timestamp="2026-08-18T20:44:39Z" changeset="1"><nd ref="10918115272" /><nd ref="10918115279" /><nd ref="10918115273" /><nd ref="10918115277" /><nd ref="10918115274" /><nd ref="10918115278" /><nd ref="10918115275" /><nd ref="10918115276" /><tag k="oneway" v="no" /><tag k="highway" v="residential" /></way><way user="OSMnx" visible="true" uid="1" version="1" id="1175017474" timestamp="2026-08-18T20:44:39Z" changeset="1"><nd ref="10918115272" /><nd ref="10918115280" /><nd ref="10918115281" /><nd ref="10918115282" /><nd ref="10918115284" /><nd ref="10918115283" /><tag k="oneway" v="no" /><tag k="highway" v="residential" /></way><way user="OSMnx" visible="true" uid="1" version="1" id="1176809945" timestamp="2026-08-18T20:44:39Z" changeset="1"><nd ref="10933187050" /><nd ref="10933187062" /><nd ref="10933187051" /><nd ref="10933187060" /><nd ref="10933187052" /><nd ref="10933187059" /><nd ref="10933187053" /><nd ref="10933187058" /><nd ref="10933187054" /><nd ref="10933187061" /><nd ref="10933187055" /><nd ref="10933187056" /><nd ref="10933187063" /><nd ref="10933187057" /><tag k="oneway" v="no" /><tag k="highway" v="living_street" /></way><way user="OSMnx" visible="true" uid="1" version="1" id="1176809946" timestamp="2026-08-18T20:44:39Z" changeset="1"><nd ref="10933187063" /><nd ref="10933187064" /><tag k="oneway" v="no" /><tag k="highway" v="living_street" /></way><way user="OSMnx" visible="true" uid="1" version="1" id="1177893272" timestamp="2026-08-18T20:44:39Z" changeset="1"><nd ref="10942166404" /><nd ref="10942166403" /><nd ref="11780107627" /><nd ref="10942166360" /><nd ref="10942166364" /><nd ref="10942166361" /><nd ref="10942166363" /><nd ref="10942166362" /><nd ref="11780107605" /><nd ref="10942180757" /><nd ref="10942180758" /><nd ref="11407760008" /><nd ref="10945616486" /><nd ref="10942180759" /><nd ref="10942180760" /><nd ref="10942180761" /><nd ref="10942180762" /><nd ref="11187876452" /><nd ref="10942180789" /><nd ref="10942180790" /><nd ref="2197640152" /><tag k="oneway" v="yes" /><tag k="highway" v="secondary" /><tag k="name" v="Gandhi Irwin Bridge Road" /></way><way user="OSMnx" visible="true" uid="1" version="1" id="1177893273" timestamp="2026-08-18T20:44:39Z" changeset="1"><nd ref="2197652356" /><nd ref="11187876454" /><nd ref="10942180748" /><nd ref="10942180747" /><nd ref="10942180788" /><nd ref="10942180787" /><nd ref="10942180744" /><nd ref="10942180745" /><nd ref="10942180749" /><nd ref="10942180750" /><nd ref="10945616487" /><nd ref="10942180751" /><nd ref="10942180752" /><nd ref="10942180754" /><nd ref="10942180755" /><nd ref="10942180756" /><nd ref="10942166368" /><nd ref="10942166367" /><nd ref="10942166366" /><nd ref="10942166365" /><nd ref="10942166401" /><nd ref="10942166402" /><tag k="oneway" v="yes" /><tag k="highway" v="secondary" /><tag k="name" v="Gandhi Irwin Bridge Road" /></way><way user="OSMnx" visible="true" uid="1" version="1" id="1177893274" timestamp="2026-08-18T20:44:39Z" changeset="1"><nd ref="11770880041" /><nd ref="11770880040" /><tag k="oneway" v="yes" /><tag k="bridge" v="yes" /><tag k="lanes" v="1" /><tag k="highway" v="secondary" /><tag k="name" v="St. Andrews Bridge" /></way><way user="OSMnx" visible="true" uid="1" version="1" id="1177893275" timestamp="2026-08-18T20:44:39Z" changeset="1"><nd ref="10942166372" /><nd ref="10942166371" /><tag k="oneway" v="yes" /><tag k="bridge" v="yes" /><tag k="lanes" v="1" /><tag k="highway" v="secondary" /><tag k="name" v="St. Andrews Bridge" /></way><way user="OSMnx" visible="true" uid="1" version="1" id="1177893276" timestamp="2026-08-18T20:44:39Z" changeset="1"><nd ref="10942166374" /><nd ref="10942166402" /><nd ref="10942166396" /><nd ref="10942166375" /><nd ref="10942166376" /><nd ref="10942166377" /><nd ref="10942166400" /><nd ref="10942166378" /><nd ref="10942166391" /><nd ref="10942166386" /><nd ref="10942166387" /><nd ref="10942166379" /><nd ref="10942166380" /><nd ref="12125922804" /><nd ref="10942166381" /><nd ref="10942180739" /><nd ref="10942166382" /><nd ref="10942166383" /><nd ref="10942166384" /><nd ref="10942166385" /><nd ref="10942180741" /><nd ref="10942166388" /><nd ref="10942166389" /><nd ref="10942166404" /><nd ref="10942166390" /><nd ref="10942166373" /><nd ref="10942166374" /><tag k="oneway" v="yes" /><tag k="junction" v="roundabout" /><tag k="highway" v="secondary" /></way><way user="OSMnx" visible="true" uid="1" version="1" id="1177893277" timestamp="2026-08-18T20:44:39Z" changeset="1"><nd ref="10942166396" /><nd ref="12281058950" /><nd ref="11770880041" /><tag k="oneway" v="yes" /><tag k="highway" v="secondary" /><tag k="name" v="Arunachallam Street" /></way><way user="OSMnx" visible="true" uid="1" version="1" id="1177893278" timestamp="2026-08-18T20:44:39Z" changeset="1"><nd ref="10942166371" /><nd ref="10942166397" /><nd ref="10942166398" /><nd ref="10942166399" /><nd ref="10942166400" /><tag k="oneway" v="yes" /><tag k="highway" v="secondary" /><tag k="name" v="Arunachallam Street" /></way><way user="OSMnx" visible="true" uid="1" version="1" id="1177893279" timestamp="2026-08-18T20:44:39Z" changeset="1"><nd ref="12125922804" /><nd ref="10942180710" /><nd ref="12125922809" /><nd ref="10942180709" /><nd ref="10942180740" /><nd ref="10942180708" /><nd ref="10942180707" /><nd ref="10942180706" /><nd ref="10942180719" /><nd ref="10942180705" /><nd ref="10942180825" /><nd ref="2197639884" /><tag k="oneway" v="yes" /><tag k="lanes" v="2" /><tag k="highway" v="secondary" /><tag k="name" v="Pantheon Road" /></way><way user="OSMnx" visible="true" uid="1" version="1" id="1177893280" timestamp="2026-08-18T20:44:39Z" changeset="1"><nd ref="2197640015" /><nd ref="10942180824" /><nd ref="10942180823" /><nd ref="10942180712" /><nd ref="10942180718" /><nd ref="10942180717" /><nd ref="10942180713" /><nd ref="10942180714" /><nd ref="10942180715" /><nd ref="10942180716" /><nd ref="10942166385" /><tag k="oneway" v="yes" /><tag k="lanes" v="2" /><tag k="highway" v="secondary" /><tag k="name" v="Pantheon Road" /></way><way user="OSMnx" visible="true" uid="1" version="1" id="1177893281" timestamp="2026-08-18T20:44:39Z" changeset="1"><nd ref="10942180718" /><nd ref="10942180719" /><tag k="oneway" v="no" /><tag k="highway" v="secondary_link" /></way><way user="OSMnx" visible="true" uid="1" version="1" id="1177893282" timestamp="2026-08-18T20:44:39Z" changeset="1"><nd ref="10942166391" /><nd ref="10942180720" /><nd ref="10942180721" /><nd ref="10942180722" /><nd ref="10942180723" /><nd ref="10942180724" /><nd ref="10942180729" /><nd ref="10942180728" /><nd ref="10942180727" /><nd ref="10942180726" /><nd ref="10942180725" /><nd ref="10942180831" /><tag k="oneway" v="yes" /><tag k="highway" v="tertiary" /><tag k="name" v="Langs Garden Road" /></way><way user="OSMnx" visible="true" uid="1" version="1" id="1177893283" timestamp="2026-08-18T20:44:39Z" changeset="1"><nd ref="10942180827" /><nd ref="10942180832" /><nd ref="10942180730" /><nd ref="10942180731" /><nd ref="10942180732" /><nd ref="10942180743" /><nd ref="10942180733" /><nd ref="10942180734" /><nd ref="12125922805" /><nd ref="10942180735" /><nd ref="10942166380" /><tag k="oneway" v="yes" /><tag k="highway" v="tertiary" /><tag k="name" v="Langs Garden Road" /></way><way user="OSMnx" visible="true" uid="1" version="1" id="1177893284" timestamp="2026-08-18T20:44:39Z" changeset="1"><nd ref="10942180742" /><nd ref="11780107626" /><nd ref="10942180741" /><tag k="oneway" v="no" /><tag k="lanes" v="2" /><tag k="highway" v="secondary" /><tag k="name" v="Ponniamman Koil Street" /></way><way user="OSMnx" visible="true" uid="1" version="1" id="1177893285" timestamp="2026-08-18T20:44:39Z" changeset="1"><nd ref="10942180769" /><nd ref="10942180770" /><nd ref="10942180777" /><nd ref="10942180778" /><nd ref="2197640142" /><nd ref="10942180771" /><nd ref="10942180772" /><nd ref="10942180773" /><nd ref="10942180774" /><nd ref="10942180775" /><nd ref="10942180776" /><nd ref="10942180779" /><nd ref="10942180780" /><nd ref="10942180781" /><nd ref="10942180764" /><nd ref="10942180765" /><nd ref="12839667633" /><nd ref="10942180766" /><nd ref="10942180767" /><nd ref="10942180768" /><nd ref="2197640122" /><nd ref="10942180769" /><tag k="oneway" v="yes" /><tag k="junction" v="roundabout" /><tag k="highway" v="secondary" /></way><way user="OSMnx" visible="true" uid="1" version="1" id="1177893286" timestamp="2026-08-18T20:44:39Z" changeset="1"><nd ref="10942180774" /><nd ref="10942180794" /><nd ref="10942180793" /><nd ref="10942180792" /><nd ref="10942180791" /><nd ref="10942180783" /><nd ref="11187876453" /><nd ref="10942180790" /><nd ref="10942180788" /><tag k="oneway" v="yes" /><tag k="highway" v="secondary" /><tag k="name" v="Gandhi Irwin Road" /></way><way user="OSMnx" visible="true" uid="1" version="1" id="1177893287" timestamp="2026-08-18T20:44:39Z" changeset="1"><nd ref="10942180787" /><nd ref="10942180789" /><nd ref="11185596585" /><nd ref="10942180785" /><nd ref="10942180795" /><nd ref="10942180796" /><nd ref="10942180797" /><nd ref="10942180798" /><nd ref="10942180799" /><nd ref="10942180781" /><tag k="oneway" v="yes" /><tag k="highway" v="secondary" /><tag k="name" v="Gandhi Irwin Road" /></way><way user="OSMnx" visible="true" uid="1" version="1" id="1177893288" timestamp="2026-08-18T20:44:39Z" changeset="1"><nd ref="10942180765" /><nd ref="10942180805" /><nd ref="10942180800" /><nd ref="10942180801" /><nd ref="10942180804" /><nd ref="10942180802" /><nd ref="10942180803" /><nd ref="10942180807" /><nd ref="10942180813" /><nd ref="10942180808" /><nd ref="10942180812" /><nd ref="10942180809" /><nd ref="11780096837" /><nd ref="10942180811" /><nd ref="10942180810" /><nd ref="12839667634" /><nd ref="10942180742" /><nd ref="10942180806" /><tag k="oneway" v="yes" /><tag k="highway" v="secondary" /><tag k="name" v="Whannels Road" /></way><way user="OSMnx" visible="true" uid="1" version="1" id="1177893289" timestamp="2026-08-18T20:44:39Z" changeset="1"><nd ref="10942180806" /><nd ref="10942180820" /><nd ref="13287150421" /><nd ref="10942180821" /><nd ref="10942180822" /><nd ref="10942180824" /><nd ref="2197639884" /><tag k="oneway" v="yes" /><tag k="highway" v="secondary" /><tag k="name" v="Whannels Road" /></way><way user="OSMnx" visible="true" uid="1" version="1" id="1177893290" timestamp="2026-08-18T20:44:39Z" changeset="1"><nd ref="2197640015" /><nd ref="10942180817" /><nd ref="11780046446" /><nd ref="2197640031" /><nd ref="10942180816" /><nd ref="10942180815" /><nd ref="10942180814" /><nd ref="12839667619" /><nd ref="12839667620" /><nd ref="13287150420" /><nd ref="12839667621" /><nd ref="12839667622" /><nd ref="2197640064" /><nd ref="12839667623" /><nd ref="12839667624" /><nd ref="12839667625" /><nd ref="12839667626" /><nd ref="12839667627" /><nd ref="12839667628" /><nd ref="12839667629" /><nd ref="12839667630" /><nd ref="12839667631" /><nd ref="12839667632" /><nd ref="12839667633" /><tag k="oneway" v="yes" /><tag k="highway" v="secondary" /><tag k="name" v="Whannels Road" /></way><way user="OSMnx" visible="true" uid="1" version="1" id="1177893291" timestamp="2026-08-18T20:44:39Z" changeset="1"><nd ref="10942180826" /><nd ref="2197640015" /><tag k="oneway" v="yes" /><tag k="highway" v="secondary" /></way><way user="OSMnx" visible="true" uid="1" version="1" id="1177893292" timestamp="2026-08-18T20:44:39Z" changeset="1"><nd ref="10942180833" /><nd ref="10942180834" /><nd ref="11770880039" /><nd ref="11770880038" /><tag k="oneway" v="yes" /><tag k="highway" v="secondary" /><tag k="name" v="Arunachalam Street" /></way><way user="OSMnx" visible="true" uid="1" version="1" id="1177893293" timestamp="2026-08-18T20:44:39Z" changeset="1"><nd ref="248468132" /><nd ref="10942166372" /><tag k="oneway" v="yes" /><tag k="highway" v="secondary" /><tag k="name" v="Arunachalam Street" /></way><way user="OSMnx" visible="true" uid="1" version="1" id="1178014635" timestamp="2026-08-18T20:44:39Z" changeset="1"><nd ref="10943507331" /><nd ref="10943507342" /><nd ref="254141877" /><nd ref="10943507353" /><nd ref="10943507343" /><nd ref="10943507351" /><nd ref="10943507344" /><nd ref="10943507352" /><nd ref="10943507345" /><nd ref="10943507350" /><nd ref="10943507349" /><nd ref="10943507346" /><nd ref="10943507347" /><nd ref="10943507348" /><nd ref="254141868" /><tag k="oneway" v="no" /><tag k="highway" v="residential" /><tag k="name" v="Mulla Sahib Lane" /></way><way user="OSMnx" visible="true" uid="1" version="1" id="1178014639" timestamp="2026-08-18T20:44:39Z" changeset="1"><nd ref="254141991" /><nd ref="254149443" /><nd ref="254149553" /><nd ref="254142001" /><nd ref="254149436" /><nd ref="254142013" /><tag k="oneway" v="no" /><tag k="highway" v="residential" /><tag k="name" v="Mulla Sahib Street" /></way><way user="OSMnx" visible="true" uid="1" version="1" id="1178251313" timestamp="2026-08-18T20:44:39Z" changeset="1"><nd ref="2197639808" /><nd ref="10945638485" /><nd ref="13880733755" /><nd ref="10945638484" /><nd ref="13880733762" /><nd ref="13880733737" /><nd ref="10945638482" /><nd ref="10945638481" /><nd ref="2197639805" /><nd ref="13880733758" /><nd ref="10945638479" /><nd ref="10945638478" /><nd ref="10945638477" /><nd ref="10945638476" /><nd ref="10945638475" /><nd ref="10945643947" /><nd ref="10945638474" /><nd ref="10945638473" /><nd ref="13880733740" /><nd ref="13880733741" /><nd ref="10945638488" /><nd ref="10945638487" /><nd ref="2197639725" /><nd ref="2197639808" /><tag k="oneway" v="yes" /><tag k="junction" v="roundabout" /><tag k="highway" v="secondary" /></way><way user="OSMnx" visible="true" uid="1" version="1" id="1178251314" timestamp="2026-08-18T20:44:39Z" changeset="1"><nd ref="10945638495" /><nd ref="10945638494" /><nd ref="10945638493" /><nd ref="10945638492" /><nd ref="10945638491" /><nd ref="10945638490" /><nd ref="2197639798" /><nd ref="10945643905" /><nd ref="10945638504" /><nd ref="10945638503" /><nd ref="10945638502" /><nd ref="10945638501" /><nd ref="10945638500" /><nd ref="10945638499" /><nd ref="2197639788" /><nd ref="10945638498" /><nd ref="10945643907" /><nd ref="10945643906" /><nd ref="10945638497" /><nd ref="10945638496" /><nd ref="320277386" /><nd ref="10945638495" /><tag k="oneway" v="yes" /><tag k="junction" v="roundabout" /><tag k="highway" v="secondary" /></way><way user="OSMnx" visible="true" uid="1" version="1" id="1178251315" timestamp="2026-08-18T20:44:39Z" changeset="1"><nd ref="10945638495" /><nd ref="13880733741" /><tag k="oneway" v="yes" /><tag k="highway" v="secondary" /></way><way user="OSMnx" visible="true" uid="1" version="1" id="1178251316" timestamp="2026-08-18T20:44:39Z" changeset="1"><nd ref="10945638478" /><nd ref="10945638504" /><tag k="oneway" v="yes" /><tag k="highway" v="secondary" /></way><way user="OSMnx" visible="true" uid="1" version="1" id="1181067161" timestamp="2026-08-18T20:44:39Z" changeset="1"><nd ref="10968670976" /><nd ref="10968670977" /><nd ref="10968670978" /><nd ref="10968670979" /><tag k="oneway" v="no" /><tag k="highway" v="living_street" /></way><way user="OSMnx" visible="true" uid="1" version="1" id="1181067162" timestamp="2026-08-18T20:44:39Z" changeset="1"><nd ref="10968670980" /><nd ref="10968670981" /><nd ref="10968670982" /><nd ref="10968670983" /><nd ref="10968670984" /><nd ref="10968670976" /><tag k="oneway" v="no" /><tag k="highway" v="living_street" /></way><way user="OSMnx" visible="true" uid="1" version="1" id="1181067163" timestamp="2026-08-18T20:44:39Z" changeset="1"><nd ref="10968670976" /><nd ref="10968670986" /><nd ref="10968670987" /><tag k="oneway" v="no" /><tag k="highway" v="living_street" /></way><way user="OSMnx" visible="true" uid="1" version="1" id="1188631353" timestamp="2026-08-18T20:44:39Z" changeset="1"><nd ref="2214510127" /><nd ref="7030452351" /><tag k="oneway" v="yes" /><tag k="lanes" v="2" /><tag k="highway" v="secondary" /><tag k="name" v="Raja Muthiah Road" /></way><way user="OSMnx" visible="true" uid="1" version="1" id="1189071188" timestamp="2026-08-18T20:44:39Z" changeset="1"><nd ref="11041536448" /><nd ref="11041536461" /><nd ref="11041536451" /><nd ref="11041536455" /><nd ref="11041536458" /><nd ref="11041536459" /><nd ref="11041536449" /><nd ref="11041536453" /><nd ref="11041536450" /><tag k="oneway" v="no" /><tag k="highway" v="residential" /><tag k="access" v="permissive" /></way><way user="OSMnx" visible="true" uid="1" version="1" id="1189071189" timestamp="2026-08-18T20:44:39Z" changeset="1"><nd ref="11041536451" /><nd ref="12031061509" /><nd ref="11041536452" /><nd ref="12031061508" /><nd ref="11041536456" /><nd ref="11041536457" /><nd ref="11041536460" /><nd ref="11041536453" /><nd ref="12031061512" /><tag k="oneway" v="no" /><tag k="highway" v="residential" /><tag k="access" v="permissive" /></way><way user="OSMnx" visible="true" uid="1" version="1" id="1189071190" timestamp="2026-08-18T20:44:39Z" changeset="1"><nd ref="11041536449" /><nd ref="12031061511" /><nd ref="11041536454" /><nd ref="12031061510" /><nd ref="12031061512" /><nd ref="10137228540" /><tag k="oneway" v="no" /><tag k="highway" v="residential" /><tag k="access" v="permissive" /></way><way user="OSMnx" visible="true" uid="1" version="1" id="1189071191" timestamp="2026-08-18T20:44:39Z" changeset="1"><nd ref="11041536455" /><nd ref="11041536456" /><tag k="oneway" v="no" /><tag k="highway" v="residential" /><tag k="access" v="permissive" /></way><way user="OSMnx" visible="true" uid="1" version="1" id="1189071192" timestamp="2026-08-18T20:44:39Z" changeset="1"><nd ref="11041536457" /><nd ref="11041536458" /><tag k="oneway" v="no" /><tag k="highway" v="residential" /><tag k="access" v="permissive" /></way><way user="OSMnx" visible="true" uid="1" version="1" id="1189071193" timestamp="2026-08-18T20:44:39Z" changeset="1"><nd ref="11041536459" /><nd ref="11041536460" /><tag k="oneway" v="no" /><tag k="highway" v="residential" /><tag k="access" v="permissive" /></way><way user="OSMnx" visible="true" uid="1" version="1" id="1189365072" timestamp="2026-08-18T20:44:39Z" changeset="1"><nd ref="11043917551" /><nd ref="11043917569" /><tag k="oneway" v="no" /><tag k="highway" v="residential" /></way><way user="OSMnx" visible="true" uid="1" version="1" id="1189365073" timestamp="2026-08-18T20:44:39Z" changeset="1"><nd ref="11043917570" /><nd ref="11043917552" /><tag k="oneway" v="no" /><tag k="highway" v="residential" /></way><way user="OSMnx" visible="true" uid="1" version="1" id="1189365074" timestamp="2026-08-18T20:44:39Z" changeset="1"><nd ref="11043917553" /><nd ref="11043917568" /><tag k="oneway" v="no" /><tag k="highway" v="residential" /></way><way user="OSMnx" visible="true" uid="1" version="1" id="1189365075" timestamp="2026-08-18T20:44:39Z" changeset="1"><nd ref="11043917566" /><nd ref="11043917567" /><tag k="oneway" v="no" /><tag k="highway" v="residential" /></way><way user="OSMnx" visible="true" uid="1" version="1" id="1189655636" timestamp="2026-08-18T20:44:39Z" changeset="1"><nd ref="247439444" /><nd ref="2269042572" /><tag k="oneway" v="yes" /><tag k="highway" v="tertiary" /><tag k="name" v="Netaji Subhash Chandra Bose Road" /></way><way user="OSMnx" visible="true" uid="1" version="1" id="1189790703" timestamp="2026-08-18T20:44:39Z" changeset="1"><nd ref="11047668587" /><nd ref="11047668588" /><tag k="oneway" v="no" /><tag k="highway" v="residential" /></way><way user="OSMnx" visible="true" uid="1" version="1" id="1189791049" timestamp="2026-08-18T20:44:39Z" changeset="1"><nd ref="11047702705" /><nd ref="11047702706" /><tag k="oneway" v="no" /><tag k="highway" v="residential" /></way><way user="OSMnx" visible="true" uid="1" version="1" id="1190097545" timestamp="2026-08-18T20:44:39Z" changeset="1"><nd ref="7018660969" /><nd ref="11420001950" /><nd ref="11420001952" /><nd ref="7018660968" /><nd ref="9187378802" /><nd ref="7018660967" /><nd ref="7018660966" /><tag k="oneway" v="no" /><tag k="highway" v="residential" /></way><way user="OSMnx" visible="true" uid="1" version="1" id="1190972760" timestamp="2026-08-18T20:44:39Z" changeset="1"><nd ref="11058071431" /><nd ref="11058071432" /><nd ref="11058071433" /><nd ref="11058071434" /><tag k="oneway" v="no" /><tag k="highway" v="living_street" /></way><way user="OSMnx" visible="true" uid="1" version="1" id="1191156670" timestamp="2026-08-18T20:44:39Z" changeset="1"><nd ref="11058903225" /><nd ref="10201877393" /><tag k="oneway" v="no" /><tag k="highway" v="residential" /></way><way user="OSMnx" visible="true" uid="1" version="1" id="1191746705" timestamp="2026-08-18T20:44:39Z" changeset="1"><nd ref="344454379" /><nd ref="11363888626" /><nd ref="11363888627" /><nd ref="11363888618" /><nd ref="11363888628" /><nd ref="11363888624" /><nd ref="11363888625" /><nd ref="11363888629" /><nd ref="11363888630" /><nd ref="11363888631" /><nd ref="11363888632" /><nd ref="11363888633" /><nd ref="11363888634" /><nd ref="11363888635" /><nd ref="11363888636" /><nd ref="11363888637" /><tag k="oneway" v="no" /><tag k="highway" v="living_street" /></way><way user="OSMnx" visible="true" uid="1" version="1" id="1191748998" timestamp="2026-08-18T20:44:39Z" changeset="1"><nd ref="11064517108" /><nd ref="7169942567" /><nd ref="13858134437" /><nd ref="610963179" /><nd ref="344492738" /><tag k="oneway" v="no" /><tag k="highway" v="living_street" /></way><way user="OSMnx" visible="true" uid="1" version="1" id="1199725349" timestamp="2026-08-18T20:44:39Z" changeset="1"><nd ref="5939197606" /><nd ref="2271543185" /><nd ref="2271543342" /><nd ref="5939197607" /><nd ref="5939197610" /><nd ref="2271543347" /><nd ref="10604028595" /><nd ref="5939197609" /><nd ref="2271543354" /><nd ref="10604028594" /><nd ref="5939197625" /><nd ref="30037399" /><nd ref="10604028588" /><nd ref="5939197628" /><nd ref="10604028587" /><nd ref="10604028589" /><nd ref="5939197630" /><nd ref="10604028586" /><nd ref="2271543367" /><tag k="ref" v="SHU86" /><tag k="oneway" v="yes" /><tag k="bridge" v="yes" /><tag k="highway" v="primary" /><tag k="name" v="Muthuswamy Bridge" /></way><way user="OSMnx" visible="true" uid="1" version="1" id="1199725350" timestamp="2026-08-18T20:44:39Z" changeset="1"><nd ref="2271543364" /><nd ref="10604028585" /><nd ref="5939197629" /><nd ref="10604028591" /><nd ref="10604028590" /><nd ref="5939197627" /><nd ref="10604028593" /><nd ref="2271543362" /><nd ref="10604028592" /><nd ref="5939197624" /><nd ref="5939197626" /><nd ref="2271543357" /><nd ref="2271543350" /><nd ref="5939197611" /><nd ref="5939197608" /><nd ref="2271543345" /><nd ref="2271543187" /><nd ref="5939197605" /><tag k="ref" v="SHU86" /><tag k="oneway" v="yes" /><tag k="bridge" v="yes" /><tag k="highway" v="primary" /><tag k="name" v="Muthuswamy Bridge" /></way><way user="OSMnx" visible="true" uid="1" version="1" id="1201366366" timestamp="2026-08-18T20:44:39Z" changeset="1"><nd ref="10918138026" /><nd ref="11138420446" /><nd ref="247437530" /><tag k="oneway" v="yes" /><tag k="highway" v="secondary" /><tag k="name" v="Pallavan Salai" /></way><way user="OSMnx" visible="true" uid="1" version="1" id="1201366367" timestamp="2026-08-18T20:44:39Z" changeset="1"><nd ref="2241833408" /><nd ref="966544036" /><tag k="oneway" v="yes" /><tag k="highway" v="secondary" /><tag k="name" v="Pallavan Salai" /></way><way user="OSMnx" visible="true" uid="1" version="1" id="1201917078" timestamp="2026-08-18T20:44:39Z" changeset="1"><nd ref="247437530" /><nd ref="11143429802" /><tag k="oneway" v="no" /><tag k="highway" v="residential" /></way><way user="OSMnx" visible="true" uid="1" version="1" id="1201934112" timestamp="2026-08-18T20:44:39Z" changeset="1"><nd ref="11770880040" /><nd ref="11770880042" /><nd ref="10942180835" /><nd ref="10942180833" /><tag k="oneway" v="yes" /><tag k="highway" v="secondary" /><tag k="name" v="Arunachalam Street" /></way><way user="OSMnx" visible="true" uid="1" version="1" id="1206089004" timestamp="2026-08-18T20:44:39Z" changeset="1"><nd ref="2271489067" /><nd ref="258976032" /><tag k="oneway" v="no" /><tag k="highway" v="living_street" /></way><way user="OSMnx" visible="true" uid="1" version="1" id="1211074459" timestamp="2026-08-18T20:44:39Z" changeset="1"><nd ref="9913682310" /><nd ref="303284173" /><tag k="oneway" v="no" /><tag k="highway" v="tertiary_link" /><tag k="name" v="Frazer Bridge Road" /></way><way user="OSMnx" visible="true" uid="1" version="1" id="1211074460" timestamp="2026-08-18T20:44:39Z" changeset="1"><nd ref="9913682314" /><nd ref="5562445718" /><nd ref="303284186" /><nd ref="2397809020" /><nd ref="2271543448" /><tag k="ref" v="NH4" /><tag k="oneway" v="yes" /><tag k="highway" v="primary" /><tag k="name" v="Muthuswamy Road" /></way><way user="OSMnx" visible="true" uid="1" version="1" id="1212225187" timestamp="2026-08-18T20:44:39Z" changeset="1"><nd ref="13880733754" /><nd ref="13880733743" /><nd ref="13880733736" /><nd ref="10226892811" /><nd ref="7170107136" /><nd ref="7170122935" /><nd ref="13880733738" /><nd ref="13880733739" /><nd ref="13880733756" /><nd ref="13880733763" /><nd ref="13880733755" /><tag k="oneway" v="yes" /><tag k="highway" v="secondary" /><tag k="name" v="Pantheon Road" /></way><way user="OSMnx" visible="true" uid="1" version="1" id="1214470321" timestamp="2026-08-18T20:44:39Z" changeset="1"><nd ref="11252278807" /><nd ref="11252278808" /><tag k="oneway" v="no" /><tag k="highway" v="residential" /></way><way user="OSMnx" visible="true" uid="1" version="1" id="1216196764" timestamp="2026-08-18T20:44:39Z" changeset="1"><nd ref="2271478323" /><nd ref="2271478325" /><tag k="oneway" v="yes" /><tag k="highway" v="tertiary" /><tag k="name" v="Rasappa Chetty Street" /></way><way user="OSMnx" visible="true" uid="1" version="1" id="1216196765" timestamp="2026-08-18T20:44:39Z" changeset="1"><nd ref="2271478415" /><nd ref="258916320" /><nd ref="258916373" /><nd ref="2271478390" /><nd ref="11127188488" /><nd ref="2271478381" /><nd ref="2271478371" /><nd ref="2271478356" /><nd ref="2271478344" /><nd ref="11420189370" /><nd ref="11420189369" /><nd ref="258890799" /><nd ref="2271478323" /><tag k="ref" v="SHU87" /><tag k="oneway" v="yes" /><tag k="highway" v="trunk" /><tag k="name" v="Wall Tax Road" /></way><way user="OSMnx" visible="true" uid="1" version="1" id="1216788596" timestamp="2026-08-18T20:44:39Z" changeset="1"><nd ref="11274513921" /><nd ref="11613260531" /><nd ref="11274513922" /><tag k="oneway" v="no" /><tag k="highway" v="living_street" /></way><way user="OSMnx" visible="true" uid="1" version="1" id="1218727011" timestamp="2026-08-18T20:44:39Z" changeset="1"><nd ref="254497224" /><nd ref="11292812956" /><nd ref="11292812955" /><tag k="oneway" v="yes" /><tag k="highway" v="secondary" /><tag k="name" v="D'Mellows Salai" /></way><way user="OSMnx" visible="true" uid="1" version="1" id="1218727012" timestamp="2026-08-18T20:44:39Z" changeset="1"><nd ref="11292812955" /><nd ref="10277778747" /><nd ref="10277778748" /><nd ref="10277778749" /><nd ref="10277778750" /><tag k="oneway" v="yes" /><tag k="highway" v="secondary" /><tag k="name" v="Elephant Gate Bridge Road" /></way><way user="OSMnx" visible="true" uid="1" version="1" id="1218727013" timestamp="2026-08-18T20:44:39Z" changeset="1"><nd ref="11292812953" /><nd ref="11292812955" /><tag k="oneway" v="yes" /><tag k="highway" v="secondary" /><tag k="name" v="Elephant Gate Bridge Road" /></way><way user="OSMnx" visible="true" uid="1" version="1" id="1218727014" timestamp="2026-08-18T20:44:39Z" changeset="1"><nd ref="11292812957" /><nd ref="10277778745" /><tag k="oneway" v="yes" /><tag k="highway" v="secondary" /><tag k="name" v="Basin Bridge Road" /></way><way user="OSMnx" visible="true" uid="1" version="1" id="1218727015" timestamp="2026-08-18T20:44:39Z" changeset="1"><nd ref="11292812955" /><nd ref="11292812957" /><tag k="oneway" v="yes" /><tag k="highway" v="secondary" /><tag k="name" v="Basin Bridge Road" /></way><way user="OSMnx" visible="true" uid="1" version="1" id="1218727016" timestamp="2026-08-18T20:44:39Z" changeset="1"><nd ref="11292812953" /><nd ref="254497223" /><nd ref="10277778746" /><nd ref="254497224" /><tag k="oneway" v="yes" /><tag k="lanes" v="2" /><tag k="highway" v="secondary" /><tag k="name" v="D'Mellows Salai" /></way><way user="OSMnx" visible="true" uid="1" version="1" id="1218729896" timestamp="2026-08-18T20:44:39Z" changeset="1"><nd ref="254497196" /><nd ref="2214510152" /><tag k="oneway" v="yes" /><tag k="highway" v="secondary" /><tag k="name" v="Raja Muthiah Road" /></way><way user="OSMnx" visible="true" uid="1" version="1" id="1218729897" timestamp="2026-08-18T20:44:39Z" changeset="1"><nd ref="2214510152" /><nd ref="11292824785" /><tag k="oneway" v="yes" /><tag k="highway" v="secondary" /><tag k="name" v="Vepery High Road" /></way><way user="OSMnx" visible="true" uid="1" version="1" id="1218729898" timestamp="2026-08-18T20:44:39Z" changeset="1"><nd ref="11292824785" /><nd ref="2214510127" /><tag k="oneway" v="yes" /><tag k="highway" v="secondary" /><tag k="name" v="Raja Muthiah Road" /></way><way user="OSMnx" visible="true" uid="1" version="1" id="1218729899" timestamp="2026-08-18T20:44:39Z" changeset="1"><nd ref="254497196" /><nd ref="2214510156" /><nd ref="254497448" /><nd ref="254497447" /><nd ref="2214510179" /><nd ref="254497444" /><nd ref="254497442" /><nd ref="2214510194" /><nd ref="254497441" /><nd ref="2214510195" /><nd ref="254497440" /><nd ref="11420101009" /><nd ref="254497439" /><nd ref="254497438" /><nd ref="11420120896" /><nd ref="10542355413" /><nd ref="11420120890" /><nd ref="254497437" /><nd ref="254497693" /><nd ref="11618542316" /><nd ref="11419727677" /><nd ref="610410359" /><nd ref="254491168" /><nd ref="254491155" /><tag k="oneway" v="yes" /><tag k="highway" v="secondary" /><tag k="name" v="Vepery High Road" /></way><way user="OSMnx" visible="true" uid="1" version="1" id="1221742473" timestamp="2026-08-18T20:44:39Z" changeset="1"><nd ref="610900293" /><nd ref="11330972865" /><tag k="oneway" v="no" /><tag k="highway" v="residential" /><tag k="name" v="Hunter's Lane" /></way><way user="OSMnx" visible="true" uid="1" version="1" id="1225398156" timestamp="2026-08-18T20:44:39Z" changeset="1"><nd ref="11363907651" /><nd ref="11363907652" /><nd ref="11363907660" /><nd ref="11363907662" /><nd ref="11363907665" /><nd ref="11363907667" /><nd ref="610888766" /><tag k="oneway" v="no" /><tag k="highway" v="residential" /></way><way user="OSMnx" visible="true" uid="1" version="1" id="1230134124" timestamp="2026-08-18T20:44:39Z" changeset="1"><nd ref="11407760007" /><nd ref="333218976" /><tag k="oneway" v="no" /><tag k="highway" v="secondary_link" /></way><way user="OSMnx" visible="true" uid="1" version="1" id="1231338767" timestamp="2026-08-18T20:44:39Z" changeset="1"><nd ref="11419972981" /><nd ref="310506631" /><tag k="oneway" v="no" /><tag k="highway" v="residential" /><tag k="name" v="Venkatarayan Street" /></way><way user="OSMnx" visible="true" uid="1" version="1" id="1231347823" timestamp="2026-08-18T20:44:39Z" changeset="1"><nd ref="11420001944" /><nd ref="11420001945" /><nd ref="11420001946" /><nd ref="11420001947" /><nd ref="11420001948" /><nd ref="11420001949" /><nd ref="11420001950" /><tag k="oneway" v="no" /><tag k="highway" v="residential" /></way><way user="OSMnx" visible="true" uid="1" version="1" id="1231360577" timestamp="2026-08-18T20:44:39Z" changeset="1"><nd ref="247435876" /><nd ref="258890840" /><tag k="oneway" v="no" /><tag k="highway" v="residential" /></way><way user="OSMnx" visible="true" uid="1" version="1" id="1232381656" timestamp="2026-08-18T20:44:39Z" changeset="1"><nd ref="3670178099" /><nd ref="11431663710" /><tag k="oneway" v="yes" /><tag k="highway" v="secondary" /><tag k="name" v="Elephant Gate Bridge Road" /></way><way user="OSMnx" visible="true" uid="1" version="1" id="1232381657" timestamp="2026-08-18T20:44:39Z" changeset="1"><nd ref="11431663711" /><nd ref="9926980759" /><nd ref="2271478447" /><tag k="oneway" v="yes" /><tag k="highway" v="secondary" /><tag k="name" v="Elephant Gate Bridge Road" /></way><way user="OSMnx" visible="true" uid="1" version="1" id="1232381658" timestamp="2026-08-18T20:44:39Z" changeset="1"><nd ref="610410593" /><nd ref="12121878791" /><nd ref="11431663712" /><nd ref="11431663713" /><nd ref="11431663714" /><nd ref="11431663715" /><nd ref="11431663716" /><nd ref="11431663717" /><nd ref="11431663719" /><tag k="oneway" v="yes" /><tag k="highway" v="secondary" /></way><way user="OSMnx" visible="true" uid="1" version="1" id="1232381659" timestamp="2026-08-18T20:44:39Z" changeset="1"><nd ref="11431663719" /><nd ref="11431663720" /><nd ref="11431663721" /><nd ref="2271478430" /><nd ref="11431663722" /><nd ref="11431663723" /><nd ref="11431663724" /><nd ref="12121878790" /><nd ref="247438025" /><tag k="oneway" v="yes" /><tag k="highway" v="secondary" /></way><way user="OSMnx" visible="true" uid="1" version="1" id="1232393939" timestamp="2026-08-18T20:44:39Z" changeset="1"><nd ref="254491298" /><nd ref="12032861201" /><nd ref="11043966078" /><tag k="oneway" v="yes" /><tag k="highway" v="tertiary" /><tag k="name" v="Vepery Church Road" /></way><way user="OSMnx" visible="true" uid="1" version="1" id="1232395816" timestamp="2026-08-18T20:44:39Z" changeset="1"><nd ref="254491154" /><nd ref="9187378800" /><nd ref="355981891" /><nd ref="610410347" /><nd ref="254497687" /><nd ref="2486635762" /><nd ref="11431783019" /><nd ref="11431783014" /><nd ref="254491155" /><tag k="oneway" v="no" /><tag k="highway" v="tertiary" /><tag k="name" v="EVK Sampath Salai" /></way><way user="OSMnx" visible="true" uid="1" version="1" id="1236952408" timestamp="2026-08-18T20:44:39Z" changeset="1"><nd ref="11487003164" /><nd ref="11487003165" /><tag k="oneway" v="no" /><tag k="highway" v="residential" /></way><way user="OSMnx" visible="true" uid="1" version="1" id="1237642828" timestamp="2026-08-18T20:44:39Z" changeset="1"><nd ref="248467578" /><nd ref="11495672389" /><tag k="oneway" v="yes" /><tag k="bridge" v="yes" /><tag k="lanes" v="2" /><tag k="highway" v="secondary" /><tag k="name" v="Taravath Madhavan Nair Bridge" /></way><way user="OSMnx" visible="true" uid="1" version="1" id="1237642829" timestamp="2026-08-18T20:44:39Z" changeset="1"><nd ref="2486858887" /><nd ref="11495672391" /><nd ref="2486858885" /><tag k="oneway" v="yes" /><tag k="bridge" v="yes" /><tag k="lanes" v="2" /><tag k="highway" v="secondary" /><tag k="name" v="Taravath Madhavan Nair Bridge" /></way><way user="OSMnx" visible="true" uid="1" version="1" id="1237642830" timestamp="2026-08-18T20:44:39Z" changeset="1"><nd ref="13880733762" /><nd ref="11495672609" /><nd ref="13880733761" /><nd ref="13880733760" /><nd ref="13880733759" /><nd ref="11495672566" /><nd ref="2197639850" /><nd ref="11495672557" /><nd ref="2482057614" /><nd ref="2482057629" /><nd ref="11495672555" /><nd ref="11495672521" /><nd ref="11495672516" /><tag k="oneway" v="yes" /><tag k="lanes" v="2" /><tag k="highway" v="secondary" /><tag k="name" v="Police Commissioner Office Road" /></way><way user="OSMnx" visible="true" uid="1" version="1" id="1237642831" timestamp="2026-08-18T20:44:39Z" changeset="1"><nd ref="11495672537" /><nd ref="11495672547" /><nd ref="11495672504" /><nd ref="11495672503" /><nd ref="10230598084" /><nd ref="11495672558" /><nd ref="11495672569" /><nd ref="11495672570" /><nd ref="11495672590" /><nd ref="11495672592" /><nd ref="11495672593" /><nd ref="11495672595" /><nd ref="11495672597" /><tag k="oneway" v="yes" /><tag k="lanes" v="2" /><tag k="highway" v="secondary" /><tag k="name" v="Police Commissioner Office Road" /></way><way user="OSMnx" visible="true" uid="1" version="1" id="1237642832" timestamp="2026-08-18T20:44:39Z" changeset="1"><nd ref="11495672529" /><nd ref="11495672524" /><nd ref="11495672548" /><nd ref="11495672530" /><nd ref="11495672523" /><nd ref="11495672522" /><nd ref="2197639879" /><tag k="oneway" v="yes" /><tag k="lanes" v="1" /><tag k="highway" v="secondary" /><tag k="name" v="Gandhi - Irwin Road" /></way><way user="OSMnx" visible="true" uid="1" version="1" id="1237642833" timestamp="2026-08-18T20:44:39Z" changeset="1"><nd ref="2487062565" /><nd ref="11495672544" /><nd ref="11495672525" /><nd ref="11495672549" /><tag k="oneway" v="yes" /><tag k="lanes" v="1" /><tag k="highway" v="secondary" /><tag k="name" v="Halls Road" /></way><way user="OSMnx" visible="true" uid="1" version="1" id="1237642834" timestamp="2026-08-18T20:44:39Z" changeset="1"><nd ref="11495672519" /><nd ref="11495672520" /><nd ref="11495672553" /><nd ref="13880733765" /><nd ref="11495672485" /><tag k="oneway" v="yes" /><tag k="lanes" v="2" /><tag k="highway" v="secondary" /><tag k="name" v="Taravath Madhavan Nair Bridge Road" /></way><way user="OSMnx" visible="true" uid="1" version="1" id="1237642835" timestamp="2026-08-18T20:44:39Z" changeset="1"><nd ref="11495672499" /><nd ref="11495672556" /><nd ref="11495672527" /><tag k="oneway" v="yes" /><tag k="lanes" v="2" /><tag k="highway" v="secondary" /><tag k="name" v="Taravath Madhavan Nair Bridge Road" /></way><way user="OSMnx" visible="true" uid="1" version="1" id="1237642836" timestamp="2026-08-18T20:44:39Z" changeset="1"><nd ref="11495672531" /><nd ref="9808370013" /><nd ref="11495672533" /><nd ref="11495672534" /><nd ref="11495672535" /><nd ref="11495672536" /><nd ref="11495672537" /><tag k="oneway" v="yes" /><tag k="lanes" v="2" /><tag k="highway" v="secondary" /><tag k="name" v="Gandhi - Irwin Road" /></way><way user="OSMnx" visible="true" uid="1" version="1" id="1237642837" timestamp="2026-08-18T20:44:39Z" changeset="1"><nd ref="266204988" /><nd ref="11495672540" /><nd ref="13880733765" /><tag k="oneway" v="no" /><tag k="highway" v="residential" /></way><way user="OSMnx" visible="true" uid="1" version="1" id="1237642838" timestamp="2026-08-18T20:44:39Z" changeset="1"><nd ref="11495672518" /><nd ref="11495672519" /><tag k="oneway" v="yes" /><tag k="lanes" v="2" /><tag k="highway" v="secondary" /><tag k="name" v="Police Commissioner Office Road" /></way><way user="OSMnx" visible="true" uid="1" version="1" id="1237642839" timestamp="2026-08-18T20:44:39Z" changeset="1"><nd ref="12718161001" /><nd ref="11495672546" /><nd ref="11495672538" /><nd ref="11495672532" /><tag k="oneway" v="yes" /><tag k="lanes" v="2" /><tag k="highway" v="secondary" /><tag k="name" v="Halls Road" /></way><way user="OSMnx" visible="true" uid="1" version="1" id="1237642840" timestamp="2026-08-18T20:44:39Z" changeset="1"><nd ref="11495672537" /><nd ref="11495672518" /><tag k="oneway" v="yes" /><tag k="lanes" v="2" /><tag k="highway" v="secondary" /><tag k="name" v="Gandhi Irwin Road" /></way><way user="OSMnx" visible="true" uid="1" version="1" id="1237642841" timestamp="2026-08-18T20:44:39Z" changeset="1"><nd ref="11495672527" /><nd ref="11495672537" /><tag k="oneway" v="yes" /><tag k="lanes" v="2" /><tag k="highway" v="secondary" /><tag k="name" v="Taravath Madhavan Nair Bridge Road" /></way><way user="OSMnx" visible="true" uid="1" version="1" id="1237642842" timestamp="2026-08-18T20:44:39Z" changeset="1"><nd ref="11495672549" /><nd ref="11495672550" /><nd ref="11495672551" /><nd ref="11495672552" /><nd ref="11495672553" /><tag k="oneway" v="yes" /><tag k="highway" v="secondary_link" /></way><way user="OSMnx" visible="true" uid="1" version="1" id="1247084957" timestamp="2026-08-18T20:44:39Z" changeset="1"><nd ref="11593745028" /><nd ref="11593745029" /><tag k="oneway" v="no" /><tag k="highway" v="living_street" /></way><way user="OSMnx" visible="true" uid="1" version="1" id="1247085219" timestamp="2026-08-18T20:44:39Z" changeset="1"><nd ref="11593754163" /><nd ref="11593754164" /><tag k="oneway" v="no" /><tag k="highway" v="living_street" /><tag k="name" v="Kattur Nallamuthu Street 1st and 2 lane" /></way><way user="OSMnx" visible="true" uid="1" version="1" id="1247085220" timestamp="2026-08-18T20:44:39Z" changeset="1"><nd ref="11593754165" /><nd ref="11593754166" /><tag k="oneway" v="no" /><tag k="highway" v="living_street" /></way><way user="OSMnx" visible="true" uid="1" version="1" id="1247085869" timestamp="2026-08-18T20:44:39Z" changeset="1"><nd ref="11593757319" /><nd ref="11593757320" /><tag k="oneway" v="no" /><tag k="highway" v="residential" /></way><way user="OSMnx" visible="true" uid="1" version="1" id="1247090898" timestamp="2026-08-18T20:44:39Z" changeset="1"><nd ref="11593757541" /><nd ref="11593757542" /><tag k="oneway" v="no" /><tag k="highway" v="residential" /></way><way user="OSMnx" visible="true" uid="1" version="1" id="1247093646" timestamp="2026-08-18T20:44:39Z" changeset="1"><nd ref="11593796616" /><nd ref="11593796617" /><nd ref="11593796618" /><nd ref="11593796625" /><nd ref="11593796619" /><nd ref="2486635752" /><nd ref="11593796620" /><nd ref="11593796621" /><nd ref="11593796622" /><nd ref="11593796626" /><nd ref="11593796623" /><nd ref="11593796624" /><tag k="oneway" v="no" /><tag k="highway" v="residential" /><tag k="access" v="permissive" /></way><way user="OSMnx" visible="true" uid="1" version="1" id="1249468054" timestamp="2026-08-18T20:44:39Z" changeset="1"><nd ref="11613260523" /><nd ref="11613260524" /><nd ref="11613260525" /><nd ref="11613260526" /><nd ref="11613260527" /><nd ref="11613260528" /><nd ref="11613260529" /><nd ref="11613260530" /><tag k="oneway" v="no" /><tag k="highway" v="living_street" /></way><way user="OSMnx" visible="true" uid="1" version="1" id="1249468055" timestamp="2026-08-18T20:44:39Z" changeset="1"><nd ref="11613260531" /><nd ref="11613260532" /><nd ref="11613260533" /><nd ref="11613260534" /><tag k="oneway" v="no" /><tag k="highway" v="living_street" /></way><way user="OSMnx" visible="true" uid="1" version="1" id="1250236180" timestamp="2026-08-18T20:44:39Z" changeset="1"><nd ref="11622048949" /><nd ref="11622048950" /><tag k="oneway" v="no" /><tag k="highway" v="residential" /></way><way user="OSMnx" visible="true" uid="1" version="1" id="1250237397" timestamp="2026-08-18T20:44:39Z" changeset="1"><nd ref="11622043154" /><nd ref="11622043155" /><nd ref="11622043156" /><nd ref="11622043157" /><nd ref="11622043158" /><nd ref="11622043159" /><nd ref="11622043160" /><tag k="oneway" v="no" /><tag k="highway" v="residential" /></way><way user="OSMnx" visible="true" uid="1" version="1" id="1252230201" timestamp="2026-08-18T20:44:39Z" changeset="1"><nd ref="11058719146" /><nd ref="11058719154" /><tag k="oneway" v="no" /><tag k="highway" v="residential" /></way><way user="OSMnx" visible="true" uid="1" version="1" id="1253199100" timestamp="2026-08-18T20:44:39Z" changeset="1"><nd ref="11648652960" /><nd ref="11648652961" /><tag k="oneway" v="no" /><tag k="highway" v="residential" /></way><way user="OSMnx" visible="true" uid="1" version="1" id="1253200859" timestamp="2026-08-18T20:44:39Z" changeset="1"><nd ref="11648636048" /><nd ref="11648636049" /><tag k="oneway" v="no" /><tag k="highway" v="residential" /></way><way user="OSMnx" visible="true" uid="1" version="1" id="1253832820" timestamp="2026-08-18T20:44:39Z" changeset="1"><nd ref="254149580" /><nd ref="11655247684" /><tag k="oneway" v="no" /><tag k="highway" v="residential" /></way><way user="OSMnx" visible="true" uid="1" version="1" id="1253833925" timestamp="2026-08-18T20:44:39Z" changeset="1"><nd ref="10933576255" /><nd ref="258916707" /><nd ref="258916828" /><nd ref="258916833" /><tag k="oneway" v="no" /><tag k="highway" v="residential" /><tag k="name" v="Anna Pillai Street" /></way><way user="OSMnx" visible="true" uid="1" version="1" id="1253833926" timestamp="2026-08-18T20:44:39Z" changeset="1"><nd ref="258916668" /><nd ref="258916823" /><nd ref="10933576257" /><nd ref="10933576255" /><tag k="oneway" v="no" /><tag k="highway" v="residential" /><tag k="name" v="Anna Pillai Street" /></way><way user="OSMnx" visible="true" uid="1" version="1" id="1261367094" timestamp="2026-08-18T20:44:39Z" changeset="1"><nd ref="254498045" /><nd ref="254498046" /><nd ref="11721802782" /><tag k="oneway" v="no" /><tag k="highway" v="residential" /><tag k="name" v="Kuruvam Kalan Lane" /></way><way user="OSMnx" visible="true" uid="1" version="1" id="1261367095" timestamp="2026-08-18T20:44:39Z" changeset="1"><nd ref="254497791" /><nd ref="610410404" /><nd ref="254498048" /><tag k="oneway" v="no" /><tag k="highway" v="residential" /><tag k="name" v="Avadanam 2nd Lane" /></way><way user="OSMnx" visible="true" uid="1" version="1" id="1261367099" timestamp="2026-08-18T20:44:39Z" changeset="1"><nd ref="254498008" /><nd ref="9910876571" /><nd ref="2172865442" /><nd ref="254497229" /><tag k="oneway" v="no" /><tag k="highway" v="residential" /><tag k="name" v="Old Slaughter House Road" /></way><way user="OSMnx" visible="true" uid="1" version="1" id="1261367100" timestamp="2026-08-18T20:44:39Z" changeset="1"><nd ref="254498009" /><nd ref="11721802853" /><nd ref="11721802854" /><nd ref="254498010" /><nd ref="254498011" /><nd ref="254498013" /><nd ref="344485902" /><nd ref="254497740" /><tag k="oneway" v="no" /><tag k="highway" v="residential" /><tag k="name" v="Arimuthu Maistry Street" /></way><way user="OSMnx" visible="true" uid="1" version="1" id="1261397619" timestamp="2026-08-18T20:44:39Z" changeset="1"><nd ref="12126250694" /><nd ref="12126266609" /><nd ref="12126266610" /><nd ref="12126250697" /><nd ref="12126250698" /><nd ref="12126266611" /><tag k="oneway" v="yes" /><tag k="lanes" v="1" /><tag k="highway" v="secondary" /><tag k="name" v="Adithanar Road" /></way><way user="OSMnx" visible="true" uid="1" version="1" id="1262799244" timestamp="2026-08-18T20:44:39Z" changeset="1"><nd ref="254497757" /><nd ref="2485567776" /><nd ref="344485930" /><tag k="oneway" v="no" /><tag k="highway" v="residential" /><tag k="name" v="Narasinga Perumal Koil Street" /></way><way user="OSMnx" visible="true" uid="1" version="1" id="1262799245" timestamp="2026-08-18T20:44:39Z" changeset="1"><nd ref="254497758" /><nd ref="254497757" /><tag k="oneway" v="yes" /><tag k="highway" v="tertiary" /><tag k="name" v="Rangiah Street" /></way><way user="OSMnx" visible="true" uid="1" version="1" id="1267341898" timestamp="2026-08-18T20:44:39Z" changeset="1"><nd ref="248468148" /><nd ref="248468165" /><nd ref="248468170" /><nd ref="317151764" /><nd ref="248468180" /><nd ref="248468181" /><nd ref="248468182" /><tag k="oneway" v="no" /><tag k="highway" v="tertiary" /><tag k="name" v="West Cooum River Road" /></way><way user="OSMnx" visible="true" uid="1" version="1" id="1267341899" timestamp="2026-08-18T20:44:39Z" changeset="1"><nd ref="248468148" /><nd ref="317151732" /><nd ref="248468326" /><tag k="oneway" v="yes" /><tag k="highway" v="secondary" /><tag k="name" v="Mangapathi Street" /></way><way user="OSMnx" visible="true" uid="1" version="1" id="1267341900" timestamp="2026-08-18T20:44:39Z" changeset="1"><nd ref="248468326" /><nd ref="243325386" /><tag k="oneway" v="yes" /><tag k="highway" v="secondary" /></way><way user="OSMnx" visible="true" uid="1" version="1" id="1267341901" timestamp="2026-08-18T20:44:39Z" changeset="1"><nd ref="243325386" /><nd ref="248468132" /><tag k="oneway" v="yes" /><tag k="highway" v="secondary" /><tag k="name" v="Arunachalam Street" /></way><way user="OSMnx" visible="true" uid="1" version="1" id="1267341902" timestamp="2026-08-18T20:44:39Z" changeset="1"><nd ref="11770880038" /><nd ref="248468143" /><nd ref="248468148" /><tag k="oneway" v="yes" /><tag k="highway" v="secondary" /><tag k="name" v="West Cooum River Road" /></way><way user="OSMnx" visible="true" uid="1" version="1" id="1268613122" timestamp="2026-08-18T20:44:39Z" changeset="1"><nd ref="11782581938" /><nd ref="11782581939" /><tag k="oneway" v="no" /><tag k="highway" v="residential" /></way><way user="OSMnx" visible="true" uid="1" version="1" id="1274036255" timestamp="2026-08-18T20:44:39Z" changeset="1"><nd ref="11830090751" /><nd ref="11830090752" /><tag k="oneway" v="no" /><tag k="highway" v="residential" /></way><way user="OSMnx" visible="true" uid="1" version="1" id="1274787106" timestamp="2026-08-18T20:44:39Z" changeset="1"><nd ref="11836557917" /><nd ref="11836557918" /><tag k="oneway" v="no" /><tag k="highway" v="residential" /></way><way user="OSMnx" visible="true" uid="1" version="1" id="1283900228" timestamp="2026-08-18T20:44:39Z" changeset="1"><nd ref="2271487875" /><nd ref="247438022" /><nd ref="2271478415" /><tag k="ref" v="SHU87" /><tag k="oneway" v="yes" /><tag k="highway" v="trunk" /><tag k="name" v="Wall Tax Road" /></way><way user="OSMnx" visible="true" uid="1" version="1" id="1285482053" timestamp="2026-08-18T20:44:39Z" changeset="1"><nd ref="258891110" /><nd ref="5461586524" /><tag k="oneway" v="no" /><tag k="highway" v="tertiary" /></way><way user="OSMnx" visible="true" uid="1" version="1" id="1286250291" timestamp="2026-08-18T20:44:39Z" changeset="1"><nd ref="254491184" /><nd ref="12159239085" /><nd ref="12159239086" /><nd ref="254491185" /><tag k="oneway" v="no" /><tag k="lanes" v="2" /><tag k="highway" v="secondary" /><tag k="name" v="Perambur Barracks Salai" /></way><way user="OSMnx" visible="true" uid="1" version="1" id="1286250292" timestamp="2026-08-18T20:44:39Z" changeset="1"><nd ref="254491185" /><nd ref="11934705300" /><nd ref="13807668473" /><tag k="oneway" v="no" /><tag k="lanes" v="2" /><tag k="highway" v="secondary" /><tag k="name" v="Perambur Barracks Salai" /></way><way user="OSMnx" visible="true" uid="1" version="1" id="1286990821" timestamp="2026-08-18T20:44:39Z" changeset="1"><nd ref="11936481870" /><nd ref="11936481871" /><nd ref="11936481872" /><nd ref="663690621" /><tag k="oneway" v="yes" /><tag k="highway" v="primary_link" /></way><way user="OSMnx" visible="true" uid="1" version="1" id="1287344227" timestamp="2026-08-18T20:44:39Z" changeset="1"><nd ref="247437529" /><nd ref="11939353037" /><tag k="oneway" v="yes" /><tag k="highway" v="secondary" /><tag k="name" v="Pallavan Salai" /></way><way user="OSMnx" visible="true" uid="1" version="1" id="1287344228" timestamp="2026-08-18T20:44:39Z" changeset="1"><nd ref="966544068" /><nd ref="966544184" /><nd ref="247437529" /><tag k="ref" v="SHU88" /><tag k="oneway" v="yes" /><tag k="highway" v="primary" /><tag k="name" v="Anna Salai" /></way><way user="OSMnx" visible="true" uid="1" version="1" id="1287346388" timestamp="2026-08-18T20:44:39Z" changeset="1"><nd ref="2271543448" /><nd ref="2271543454" /><nd ref="2271543466" /><tag k="oneway" v="yes" /><tag k="highway" v="primary" /><tag k="name" v="North Fort Road" /></way><way user="OSMnx" visible="true" uid="1" version="1" id="1287346389" timestamp="2026-08-18T20:44:39Z" changeset="1"><nd ref="11939347655" /><nd ref="2271543466" /><tag k="oneway" v="yes" /><tag k="highway" v="secondary" /></way><way user="OSMnx" visible="true" uid="1" version="1" id="1287583922" timestamp="2026-08-18T20:44:39Z" changeset="1"><nd ref="2214510019" /><nd ref="2214510023" /><nd ref="2214510076" /><tag k="oneway" v="no" /><tag k="highway" v="living_street" /><tag k="access" v="permissive" /></way><way user="OSMnx" visible="true" uid="1" version="1" id="1292070437" timestamp="2026-08-18T20:44:39Z" changeset="1"><nd ref="254491191" /><nd ref="13858195226" /><nd ref="9189163074" /><nd ref="344492738" /><tag k="oneway" v="no" /><tag k="lanes" v="2" /><tag k="highway" v="secondary" /><tag k="name" v="Perambur Barracks Salai" /></way><way user="OSMnx" visible="true" uid="1" version="1" id="1298963281" timestamp="2026-08-18T20:44:39Z" changeset="1"><nd ref="12032861201" /><nd ref="11043966079" /><nd ref="12032861202" /><tag k="oneway" v="yes" /><tag k="highway" v="tertiary" /></way><way user="OSMnx" visible="true" uid="1" version="1" id="1298983090" timestamp="2026-08-18T20:44:39Z" changeset="1"><nd ref="258916702" /><nd ref="10795032223" /><nd ref="10795032222" /><nd ref="258917201" /><tag k="oneway" v="no" /><tag k="highway" v="residential" /><tag k="name" v="Uthandi Street" /></way><way user="OSMnx" visible="true" uid="1" version="1" id="1300909734" timestamp="2026-08-18T20:44:39Z" changeset="1"><nd ref="266204988" /><nd ref="12049282804" /><tag k="oneway" v="no" /><tag k="highway" v="residential" /></way><way user="OSMnx" visible="true" uid="1" version="1" id="1300909735" timestamp="2026-08-18T20:44:39Z" changeset="1"><nd ref="2487062565" /><nd ref="266204833" /><nd ref="266204840" /><tag k="oneway" v="no" /><tag k="highway" v="residential" /><tag k="access" v="no" /></way><way user="OSMnx" visible="true" uid="1" version="1" id="1306082445" timestamp="2026-08-18T20:44:39Z" changeset="1"><nd ref="247438022" /><nd ref="12096496484" /><nd ref="11431663719" /><tag k="oneway" v="no" /><tag k="highway" v="secondary" /></way><way user="OSMnx" visible="true" uid="1" version="1" id="1308992620" timestamp="2026-08-18T20:44:39Z" changeset="1"><nd ref="12121871740" /><nd ref="12121871747" /><nd ref="12121871741" /><nd ref="12121871742" /><nd ref="12121871743" /><nd ref="12121871744" /><nd ref="12121871745" /><nd ref="12121871748" /><nd ref="12121871746" /><tag k="oneway" v="yes" /><tag k="highway" v="residential" /></way><way user="OSMnx" visible="true" uid="1" version="1" id="1308992621" timestamp="2026-08-18T20:44:39Z" changeset="1"><nd ref="12121871747" /><nd ref="12121871748" /><tag k="oneway" v="no" /><tag k="highway" v="residential" /></way><way user="OSMnx" visible="true" uid="1" version="1" id="1308994910" timestamp="2026-08-18T20:44:39Z" changeset="1"><nd ref="12121878790" /><nd ref="12121878791" /><tag k="oneway" v="no" /><tag k="highway" v="secondary_link" /></way><way user="OSMnx" visible="true" uid="1" version="1" id="1309249045" timestamp="2026-08-18T20:44:39Z" changeset="1"><nd ref="254497368" /><nd ref="254491187" /><tag k="oneway" v="no" /><tag k="lanes" v="2" /><tag k="highway" v="secondary" /><tag k="name" v="Perambur Barracks Salai" /></way><way user="OSMnx" visible="true" uid="1" version="1" id="1309523376" timestamp="2026-08-18T20:44:39Z" changeset="1"><nd ref="12125854887" /><nd ref="9838726905" /><tag k="oneway" v="no" /><tag k="highway" v="living_street" /></way><way user="OSMnx" visible="true" uid="1" version="1" id="1309533837" timestamp="2026-08-18T20:44:39Z" changeset="1"><nd ref="12125922805" /><nd ref="12125922806" /><nd ref="12125922807" /><nd ref="12125922808" /><nd ref="12125922809" /><tag k="oneway" v="yes" /><tag k="highway" v="secondary_link" /></way><way user="OSMnx" visible="true" uid="1" version="1" id="1309534226" timestamp="2026-08-18T20:44:39Z" changeset="1"><nd ref="248468818" /><nd ref="10942180829" /><nd ref="10942180828" /><nd ref="10942180827" /><tag k="oneway" v="yes" /><tag k="highway" v="tertiary" /><tag k="name" v="Langs Garden Road" /></way><way user="OSMnx" visible="true" uid="1" version="1" id="1309534227" timestamp="2026-08-18T20:44:39Z" changeset="1"><nd ref="10942180831" /><nd ref="10942180830" /><nd ref="248468818" /><tag k="oneway" v="yes" /><tag k="highway" v="tertiary" /><tag k="name" v="Langs Garden Road" /></way><way user="OSMnx" visible="true" uid="1" version="1" id="1309587144" timestamp="2026-08-18T20:44:39Z" changeset="1"><nd ref="12126266603" /><nd ref="266204232" /><nd ref="7030702545" /><nd ref="266204211" /><nd ref="248467510" /><nd ref="266204430" /><nd ref="248467509" /><nd ref="12126250695" /><tag k="oneway" v="yes" /><tag k="lanes" v="1" /><tag k="highway" v="secondary" /><tag k="name" v="Adithanar Road" /></way><way user="OSMnx" visible="true" uid="1" version="1" id="1309589994" timestamp="2026-08-18T20:44:39Z" changeset="1"><nd ref="12126266611" /><nd ref="12126266604" /><tag k="oneway" v="yes" /><tag k="lanes" v="1" /><tag k="highway" v="secondary" /><tag k="name" v="Adithanar Road" /></way><way user="OSMnx" visible="true" uid="1" version="1" id="1309589995" timestamp="2026-08-18T20:44:39Z" changeset="1"><nd ref="12126266604" /><nd ref="12126266603" /><tag k="oneway" v="yes" /><tag k="lanes" v="1" /><tag k="highway" v="secondary" /><tag k="name" v="Adithanar Road" /></way><way user="OSMnx" visible="true" uid="1" version="1" id="1313651448" timestamp="2026-08-18T20:44:39Z" changeset="1"><nd ref="12159239075" /><nd ref="13903632051" /><nd ref="333218894" /><tag k="oneway" v="yes" /><tag k="bridge" v="yes" /><tag k="highway" v="secondary" /><tag k="name" v="Purasaiwalkam Flyover" /></way><way user="OSMnx" visible="true" uid="1" version="1" id="1313651449" timestamp="2026-08-18T20:44:39Z" changeset="1"><nd ref="333218898" /><nd ref="12159239075" /><tag k="oneway" v="yes" /><tag k="highway" v="secondary" /><tag k="name" v="Purasaiwalkam Flyover" /></way><way user="OSMnx" visible="true" uid="1" version="1" id="1313651453" timestamp="2026-08-18T20:44:39Z" changeset="1"><nd ref="249075324" /><nd ref="333218852" /><tag k="oneway" v="yes" /><tag k="highway" v="secondary" /><tag k="name" v="Purasaiwalkam Flyover" /></way><way user="OSMnx" visible="true" uid="1" version="1" id="1313651454" timestamp="2026-08-18T20:44:39Z" changeset="1"><nd ref="12159239086" /><nd ref="12159239094" /><nd ref="12159239087" /><nd ref="12159239088" /><nd ref="12159239089" /><nd ref="333218852" /><tag k="oneway" v="yes" /><tag k="highway" v="tertiary" /></way><way user="OSMnx" visible="true" uid="1" version="1" id="1313651455" timestamp="2026-08-18T20:44:39Z" changeset="1"><nd ref="4001265784" /><nd ref="12159239094" /><nd ref="12159239095" /><tag k="oneway" v="yes" /><tag k="highway" v="tertiary_link" /></way><way user="OSMnx" visible="true" uid="1" version="1" id="1313651456" timestamp="2026-08-18T20:44:39Z" changeset="1"><nd ref="12159239096" /><nd ref="4001265782" /><tag k="oneway" v="no" /><tag k="highway" v="tertiary_link" /></way><way user="OSMnx" visible="true" uid="1" version="1" id="1316148652" timestamp="2026-08-18T20:44:39Z" changeset="1"><nd ref="247436720" /><nd ref="12182086108" /><tag k="oneway" v="no" /><tag k="highway" v="residential" /></way><way user="OSMnx" visible="true" uid="1" version="1" id="1319814297" timestamp="2026-08-18T20:44:39Z" changeset="1"><nd ref="12213569519" /><nd ref="12213569543" /><nd ref="12213569530" /><nd ref="12213569520" /><nd ref="12213569526" /><nd ref="12213569521" /><nd ref="12213569522" /><nd ref="12213569523" /><nd ref="12213569524" /><nd ref="12213569525" /><tag k="oneway" v="no" /><tag k="highway" v="residential" /></way><way user="OSMnx" visible="true" uid="1" version="1" id="1319814298" timestamp="2026-08-18T20:44:39Z" changeset="1"><nd ref="12213569526" /><nd ref="12213569528" /><nd ref="12213569527" /><tag k="oneway" v="no" /><tag k="highway" v="residential" /></way><way user="OSMnx" visible="true" uid="1" version="1" id="1319814299" timestamp="2026-08-18T20:44:39Z" changeset="1"><nd ref="12213569523" /><nd ref="12213569528" /><nd ref="12213569529" /><nd ref="12213569530" /><tag k="oneway" v="no" /><tag k="highway" v="residential" /></way><way user="OSMnx" visible="true" uid="1" version="1" id="1319814300" timestamp="2026-08-18T20:44:39Z" changeset="1"><nd ref="12213569520" /><nd ref="12213569531" /><nd ref="12213569532" /><nd ref="12213569533" /><nd ref="12213569534" /><nd ref="12213569535" /><nd ref="12213569536" /><nd ref="12213569550" /><nd ref="12213569537" /><nd ref="12213569538" /><nd ref="12213569539" /><nd ref="12213569540" /><nd ref="12213569541" /><tag k="oneway" v="no" /><tag k="highway" v="residential" /></way><way user="OSMnx" visible="true" uid="1" version="1" id="1319814301" timestamp="2026-08-18T20:44:39Z" changeset="1"><nd ref="12213569535" /><nd ref="12213569542" /><nd ref="12213569543" /><tag k="oneway" v="no" /><tag k="highway" v="residential" /></way><way user="OSMnx" visible="true" uid="1" version="1" id="1319814302" timestamp="2026-08-18T20:44:39Z" changeset="1"><nd ref="12213569542" /><nd ref="12213569544" /><nd ref="12213569545" /><nd ref="12213569546" /><nd ref="12213569547" /><nd ref="12213569548" /><nd ref="12213569549" /><nd ref="12213569550" /><tag k="oneway" v="no" /><tag k="highway" v="residential" /></way><way user="OSMnx" visible="true" uid="1" version="1" id="1319814303" timestamp="2026-08-18T20:44:39Z" changeset="1"><nd ref="12213569551" /><nd ref="12213569549" /><tag k="oneway" v="no" /><tag k="highway" v="residential" /></way><way user="OSMnx" visible="true" uid="1" version="1" id="1319814304" timestamp="2026-08-18T20:44:39Z" changeset="1"><nd ref="12213569549" /><nd ref="12213569545" /><nd ref="12213569552" /><tag k="oneway" v="no" /><tag k="highway" v="residential" /></way><way user="OSMnx" visible="true" uid="1" version="1" id="1323777281" timestamp="2026-08-18T20:44:39Z" changeset="1"><nd ref="12249792467" /><nd ref="12249792468" /><tag k="oneway" v="no" /><tag k="highway" v="residential" /></way><way user="OSMnx" visible="true" uid="1" version="1" id="1327455520" timestamp="2026-08-18T20:44:39Z" changeset="1"><nd ref="10942166365" /><nd ref="12281058947" /><nd ref="12281058948" /><nd ref="12281058949" /><nd ref="12281058950" /><tag k="oneway" v="yes" /><tag k="highway" v="secondary_link" /></way><way user="OSMnx" visible="true" uid="1" version="1" id="1342384938" timestamp="2026-08-18T20:44:39Z" changeset="1"><nd ref="12419282611" /><nd ref="12419282612" /><tag k="oneway" v="yes" /><tag k="highway" v="primary_link" /></way><way user="OSMnx" visible="true" uid="1" version="1" id="1342404643" timestamp="2026-08-18T20:44:39Z" changeset="1"><nd ref="11495672519" /><nd ref="11495672527" /><tag k="oneway" v="yes" /><tag k="lanes" v="1" /><tag k="highway" v="secondary" /><tag k="name" v="Halls Road" /></way><way user="OSMnx" visible="true" uid="1" version="1" id="1342404644" timestamp="2026-08-18T20:44:39Z" changeset="1"><nd ref="11495672549" /><nd ref="11495672519" /><tag k="oneway" v="yes" /><tag k="lanes" v="1" /><tag k="highway" v="secondary" /><tag k="name" v="Halls Road" /></way><way user="OSMnx" visible="true" uid="1" version="1" id="1349155567" timestamp="2026-08-18T20:44:39Z" changeset="1"><nd ref="10201011149" /><nd ref="9572798757" /><tag k="oneway" v="yes" /><tag k="lanes" v="2" /><tag k="highway" v="secondary" /><tag k="name" v="Raja Muthiah Road" /></way><way user="OSMnx" visible="true" uid="1" version="1" id="1349155568" timestamp="2026-08-18T20:44:39Z" changeset="1"><nd ref="10201011144" /><nd ref="10201011149" /><tag k="ref" v="SHU86" /><tag k="oneway" v="yes" /><tag k="highway" v="primary" /><tag k="name" v="General Hospital Road" /></way><way user="OSMnx" visible="true" uid="1" version="1" id="1349155569" timestamp="2026-08-18T20:44:39Z" changeset="1"><nd ref="10201011135" /><nd ref="304918797" /><nd ref="10201011134" /><nd ref="10201011133" /><nd ref="304918793" /><tag k="ref" v="SHU86" /><tag k="oneway" v="yes" /><tag k="lanes" v="2" /><tag k="highway" v="primary" /><tag k="name" v="EVR Periyar Salai" /></way><way user="OSMnx" visible="true" uid="1" version="1" id="1349716692" timestamp="2026-08-18T20:44:39Z" changeset="1"><nd ref="9572798757" /><nd ref="10201011147" /><tag k="ref" v="SHU86" /><tag k="oneway" v="yes" /><tag k="lanes" v="2" /><tag k="highway" v="primary" /><tag k="name" v="EVR Periyar Salai" /></way><way user="OSMnx" visible="true" uid="1" version="1" id="1358787352" timestamp="2026-08-18T20:44:39Z" changeset="1"><nd ref="10201011147" /><nd ref="10201011135" /><tag k="ref" v="SHU86" /><tag k="oneway" v="yes" /><tag k="lanes" v="2" /><tag k="highway" v="primary" /><tag k="name" v="EVR Periyar Salai" /></way><way user="OSMnx" visible="true" uid="1" version="1" id="1364431986" timestamp="2026-08-18T20:44:39Z" changeset="1"><nd ref="12634942462" /><nd ref="2197639887" /><nd ref="6595646915" /><nd ref="2197639882" /><nd ref="11495672531" /><tag k="oneway" v="yes" /><tag k="highway" v="secondary" /><tag k="name" v="Gandhi Irwin Road" /></way><way user="OSMnx" visible="true" uid="1" version="1" id="1370782046" timestamp="2026-08-18T20:44:39Z" changeset="1"><nd ref="2271478344" /><nd ref="12695850873" /><tag k="oneway" v="no" /><tag k="highway" v="residential" /></way><way user="OSMnx" visible="true" uid="1" version="1" id="1370841782" timestamp="2026-08-18T20:44:39Z" changeset="1"><nd ref="6455707707" /><nd ref="248468950" /><tag k="oneway" v="yes" /><tag k="lanes" v="2" /><tag k="highway" v="tertiary" /><tag k="name" v="Rukmani Lakshmipathi Road" /></way><way user="OSMnx" visible="true" uid="1" version="1" id="1370841783" timestamp="2026-08-18T20:44:39Z" changeset="1"><nd ref="248468950" /><nd ref="14001638083" /><nd ref="10290876812" /><tag k="oneway" v="yes" /><tag k="lanes" v="2" /><tag k="highway" v="tertiary" /><tag k="name" v="Rukmani Lakshmipathi Road" /></way><way user="OSMnx" visible="true" uid="1" version="1" id="1371583593" timestamp="2026-08-18T20:44:39Z" changeset="1"><nd ref="13542815599" /><nd ref="266204548" /><tag k="oneway" v="no" /><tag k="highway" v="residential" /><tag k="name" v="Thulasingam Street" /></way><way user="OSMnx" visible="true" uid="1" version="1" id="1373638877" timestamp="2026-08-18T20:44:39Z" changeset="1"><nd ref="11495672518" /><nd ref="12718161001" /><tag k="oneway" v="yes" /><tag k="lanes" v="2" /><tag k="highway" v="secondary" /><tag k="name" v="Halls Road" /></way><way user="OSMnx" visible="true" uid="1" version="1" id="1373638878" timestamp="2026-08-18T20:44:39Z" changeset="1"><nd ref="11495672527" /><nd ref="11495672529" /><tag k="oneway" v="yes" /><tag k="lanes" v="1" /><tag k="highway" v="secondary" /><tag k="name" v="Gandhi - Irwin Road" /></way><way user="OSMnx" visible="true" uid="1" version="1" id="1376033041" timestamp="2026-08-18T20:44:39Z" changeset="1"><nd ref="254497442" /><nd ref="2214510196" /><tag k="oneway" v="no" /><tag k="highway" v="residential" /></way><way user="OSMnx" visible="true" uid="1" version="1" id="1376037906" timestamp="2026-08-18T20:44:39Z" changeset="1"><nd ref="9572798777" /><nd ref="12740774714" /><nd ref="9572798771" /><tag k="oneway" v="yes" /><tag k="highway" v="primary" /><tag k="name" v="Muthuswamy Road" /></way><way user="OSMnx" visible="true" uid="1" version="1" id="1376037907" timestamp="2026-08-18T20:44:39Z" changeset="1"><nd ref="12740774713" /><nd ref="12740774715" /><nd ref="9572798778" /><nd ref="317995430" /><tag k="ref" v="SHU88" /><tag k="oneway" v="yes" /><tag k="highway" v="primary" /><tag k="name" v="Muthuswamy Road" /></way><way user="OSMnx" visible="true" uid="1" version="1" id="1376037908" timestamp="2026-08-18T20:44:39Z" changeset="1"><nd ref="317995431" /><nd ref="9572798773" /><nd ref="12740774714" /><nd ref="12740774712" /><tag k="ref" v="SHU88" /><tag k="oneway" v="yes" /><tag k="highway" v="primary" /><tag k="name" v="Muthuswamy Road" /></way><way user="OSMnx" visible="true" uid="1" version="1" id="1376044868" timestamp="2026-08-18T20:44:39Z" changeset="1"><nd ref="2487062535" /><nd ref="2487062536" /><tag k="oneway" v="no" /><tag k="highway" v="secondary" /><tag k="name" v="Halls Road" /></way><way user="OSMnx" visible="true" uid="1" version="1" id="1376044869" timestamp="2026-08-18T20:44:39Z" changeset="1"><nd ref="10696417361" /><nd ref="10696417370" /><nd ref="2487062536" /><tag k="oneway" v="yes" /><tag k="highway" v="secondary" /><tag k="name" v="Halls Road" /></way><way user="OSMnx" visible="true" uid="1" version="1" id="1376044870" timestamp="2026-08-18T20:44:39Z" changeset="1"><nd ref="12740854703" /><nd ref="12740854704" /><nd ref="12740854705" /><nd ref="10696417362" /><tag k="oneway" v="yes" /><tag k="highway" v="secondary" /></way><way user="OSMnx" visible="true" uid="1" version="1" id="1376044871" timestamp="2026-08-18T20:44:39Z" changeset="1"><nd ref="248467712" /><nd ref="12740854707" /><nd ref="12740854706" /><nd ref="12740854703" /><tag k="oneway" v="yes" /><tag k="highway" v="secondary" /></way><way user="OSMnx" visible="true" uid="1" version="1" id="1377737364" timestamp="2026-08-18T20:44:39Z" changeset="1"><nd ref="12757036710" /><nd ref="12757036709" /><nd ref="247438034" /><nd ref="13337811005" /><nd ref="12706519221" /><nd ref="12706519218" /><tag k="oneway" v="yes" /><tag k="highway" v="secondary" /><tag k="name" v="Elephant Gate Bridge Road" /></way><way user="OSMnx" visible="true" uid="1" version="1" id="1377737365" timestamp="2026-08-18T20:44:39Z" changeset="1"><nd ref="10277778733" /><nd ref="12706519220" /><nd ref="610410582" /><nd ref="12757036712" /><nd ref="12757036711" /><tag k="oneway" v="yes" /><tag k="highway" v="secondary" /><tag k="name" v="Elephant Gate Bridge Road" /></way><way user="OSMnx" visible="true" uid="1" version="1" id="1377737366" timestamp="2026-08-18T20:44:39Z" changeset="1"><nd ref="12757036712" /><nd ref="12757036713" /><nd ref="12757036714" /><nd ref="12757036715" /><nd ref="12757036716" /><nd ref="12757036717" /><nd ref="12757036718" /><nd ref="12757036719" /><nd ref="12757036720" /><nd ref="12757036721" /><nd ref="12757036722" /><nd ref="12757036723" /><nd ref="12757036724" /><nd ref="12757036725" /><nd ref="12757036726" /><nd ref="12757036727" /><nd ref="12757036728" /><nd ref="12757036729" /><tag k="oneway" v="no" /><tag k="highway" v="unclassified" /></way><way user="OSMnx" visible="true" uid="1" version="1" id="1419877429" timestamp="2026-08-18T20:44:39Z" changeset="1"><nd ref="258902915" /><nd ref="8292006325" /><nd ref="254497196" /><tag k="oneway" v="yes" /><tag k="lanes" v="2" /><tag k="highway" v="secondary" /><tag k="name" v="Raja Muthiah Road" /></way><way user="OSMnx" visible="true" uid="1" version="1" id="1419877430" timestamp="2026-08-18T20:44:39Z" changeset="1"><nd ref="258891142" /><nd ref="2214510131" /><nd ref="2214510127" /><tag k="oneway" v="no" /><tag k="highway" v="tertiary" /></way><way user="OSMnx" visible="true" uid="1" version="1" id="1424749200" timestamp="2026-08-18T20:44:39Z" changeset="1"><nd ref="11495672516" /><nd ref="11495672518" /><tag k="oneway" v="yes" /><tag k="lanes" v="2" /><tag k="highway" v="secondary" /><tag k="name" v="Police Commissioner Office Road" /></way><way user="OSMnx" visible="true" uid="1" version="1" id="1434328262" timestamp="2026-08-18T20:44:39Z" changeset="1"><nd ref="333218877" /><nd ref="4001265781" /><nd ref="333218870" /><nd ref="11043917535" /><nd ref="254491185" /><tag k="oneway" v="yes" /><tag k="highway" v="tertiary" /><tag k="name" v="Purasaivakkam High Road" /></way><way user="OSMnx" visible="true" uid="1" version="1" id="1448188216" timestamp="2026-08-18T20:44:39Z" changeset="1"><nd ref="13287150420" /><nd ref="10942180742" /><tag k="oneway" v="no" /><tag k="highway" v="secondary" /></way><way user="OSMnx" visible="true" uid="1" version="1" id="1449946599" timestamp="2026-08-18T20:44:39Z" changeset="1"><nd ref="254498134" /><nd ref="13298854275" /><tag k="oneway" v="no" /><tag k="highway" v="residential" /></way><way user="OSMnx" visible="true" uid="1" version="1" id="1454359900" timestamp="2026-08-18T20:44:39Z" changeset="1"><nd ref="13337811005" /><nd ref="13337811006" /><nd ref="13337811007" /><nd ref="13337811008" /><tag k="oneway" v="yes" /><tag k="highway" v="secondary_link" /></way><way user="OSMnx" visible="true" uid="1" version="1" id="1456003541" timestamp="2026-08-18T20:44:39Z" changeset="1"><nd ref="12757286694" /><nd ref="248467909" /><nd ref="2197639859" /><tag k="oneway" v="yes" /><tag k="highway" v="residential" /><tag k="name" v="Kenneth Lane" /></way><way user="OSMnx" visible="true" uid="1" version="1" id="1464339459" timestamp="2026-08-18T20:44:39Z" changeset="1"><nd ref="13432318288" /><nd ref="248467695" /><nd ref="12634942462" /><tag k="oneway" v="yes" /><tag k="highway" v="secondary" /><tag k="name" v="Gandhi Irwin Road" /></way><way user="OSMnx" visible="true" uid="1" version="1" id="1464339460" timestamp="2026-08-18T20:44:39Z" changeset="1"><nd ref="2197639879" /><nd ref="2197640013" /><nd ref="2197640021" /><nd ref="12634942461" /><tag k="oneway" v="yes" /><tag k="highway" v="secondary" /><tag k="name" v="Gandhi Irwin Road" /></way><way user="OSMnx" visible="true" uid="1" version="1" id="1464339461" timestamp="2026-08-18T20:44:39Z" changeset="1"><nd ref="12634942461" /><nd ref="2197640027" /><nd ref="13432318289" /><tag k="oneway" v="yes" /><tag k="highway" v="secondary" /><tag k="name" v="Gandhi Irwin Road" /></way><way user="OSMnx" visible="true" uid="1" version="1" id="1476418976" timestamp="2026-08-18T20:44:39Z" changeset="1"><nd ref="248468950" /><nd ref="13542815599" /><tag k="oneway" v="no" /><tag k="highway" v="residential" /><tag k="name" v="Thulasingam Street" /></way><way user="OSMnx" visible="true" uid="1" version="1" id="1498386241" timestamp="2026-08-18T20:44:39Z" changeset="1"><nd ref="258916451" /><nd ref="3672798676" /><nd ref="3672798673" /><nd ref="3672798666" /><nd ref="258916456" /><tag k="oneway" v="no" /><tag k="highway" v="living_street" /><tag k="name" v="Perumal Mudaly Street 2" /></way><way user="OSMnx" visible="true" uid="1" version="1" id="1498386242" timestamp="2026-08-18T20:44:39Z" changeset="1"><nd ref="258916456" /><nd ref="247438112" /><tag k="oneway" v="yes" /><tag k="highway" v="tertiary" /><tag k="name" v="Audiappa Naicken Street" /></way><way user="OSMnx" visible="true" uid="1" version="1" id="1498386243" timestamp="2026-08-18T20:44:39Z" changeset="1"><nd ref="258890829" /><nd ref="600643500" /><nd ref="10968670979" /><nd ref="258890830" /><nd ref="2378611585" /><nd ref="10968667891" /><nd ref="10973664746" /><nd ref="10973664745" /><nd ref="10973664744" /><nd ref="258916612" /><nd ref="10972886588" /><nd ref="258915910" /><tag k="oneway" v="no" /><tag k="highway" v="residential" /><tag k="name" v="Narayana Mudali Street 1" /></way><way user="OSMnx" visible="true" uid="1" version="1" id="1498386244" timestamp="2026-08-18T20:44:39Z" changeset="1"><nd ref="258915910" /><nd ref="258916456" /><tag k="oneway" v="yes" /><tag k="highway" v="tertiary" /><tag k="name" v="Audiappa Naicken Street" /></way><way user="OSMnx" visible="true" uid="1" version="1" id="1498386245" timestamp="2026-08-18T20:44:39Z" changeset="1"><nd ref="254149415" /><nd ref="254149417" /><nd ref="3672798675" /><nd ref="258917567" /><nd ref="10931088819" /><nd ref="10936848884" /><nd ref="10931088818" /><nd ref="10936848883" /><nd ref="10931088815" /><tag k="oneway" v="no" /><tag k="highway" v="residential" /><tag k="name" v="Anna Pillai Street" /></way><way user="OSMnx" visible="true" uid="1" version="1" id="1498386246" timestamp="2026-08-18T20:44:39Z" changeset="1"><nd ref="258915910" /><nd ref="3672798662" /><nd ref="3672798669" /><nd ref="254149415" /><tag k="oneway" v="no" /><tag k="highway" v="residential" /><tag k="name" v="Narayana Mudali Street 2" /></way><way user="OSMnx" visible="true" uid="1" version="1" id="1498387029" timestamp="2026-08-18T20:44:39Z" changeset="1"><nd ref="258917567" /><nd ref="10931088854" /><nd ref="3672798670" /><nd ref="10931088838" /><nd ref="2485970110" /><nd ref="10931088850" /><nd ref="10931088834" /><nd ref="2378610527" /><tag k="oneway" v="no" /><tag k="highway" v="living_street" /><tag k="name" v="Strotten Muthia Mudaly Street 2" /></way><way user="OSMnx" visible="true" uid="1" version="1" id="1498387030" timestamp="2026-08-18T20:44:39Z" changeset="1"><nd ref="258916496" /><nd ref="10936848872" /><nd ref="10936848873" /><nd ref="10936848874" /><nd ref="2378610527" /><tag k="oneway" v="no" /><tag k="highway" v="tertiary" /><tag k="name" v="Audiappa Naicken Street" /></way><way user="OSMnx" visible="true" uid="1" version="1" id="1498388128" timestamp="2026-08-18T20:44:39Z" changeset="1"><nd ref="254149415" /><nd ref="254149422" /><tag k="oneway" v="no" /><tag k="highway" v="residential" /><tag k="name" v="nattupilliar Koil street" /></way><way user="OSMnx" visible="true" uid="1" version="1" id="1498388129" timestamp="2026-08-18T20:44:39Z" changeset="1"><nd ref="254149422" /><nd ref="247438110" /><tag k="oneway" v="no" /><tag k="highway" v="residential" /><tag k="name" v="Thatha Muthiappan Street" /></way><way user="OSMnx" visible="true" uid="1" version="1" id="1498388975" timestamp="2026-08-18T20:44:39Z" changeset="1"><nd ref="256347030" /><nd ref="256347031" /><nd ref="258916784" /><nd ref="258916792" /><nd ref="258916771" /><nd ref="258917563" /><nd ref="254149422" /><tag k="oneway" v="no" /><tag k="highway" v="residential" /><tag k="name" v="Thatha Muthiappan Street 1" /></way><way user="OSMnx" visible="true" uid="1" version="1" id="1498388976" timestamp="2026-08-18T20:44:39Z" changeset="1"><nd ref="258916542" /><nd ref="258916707" /><nd ref="3672798668" /><nd ref="9187378767" /><nd ref="603499105" /><nd ref="256347030" /><tag k="oneway" v="no" /><tag k="highway" v="residential" /><tag k="name" v="Varada Muthiappan Street 1" /></way><way user="OSMnx" visible="true" uid="1" version="1" id="1498419118" timestamp="2026-08-18T20:44:39Z" changeset="1"><nd ref="610410466" /><nd ref="2269920003" /><nd ref="2269920006" /><nd ref="2269920009" /><nd ref="2177107376" /><nd ref="254497438" /><nd ref="2214510222" /><tag k="oneway" v="no" /><tag k="highway" v="tertiary" /><tag k="name" v="Naval Hospital Road" /></way><way user="OSMnx" visible="true" uid="1" version="1" id="1498419119" timestamp="2026-08-18T20:44:39Z" changeset="1"><nd ref="2269920002" /><nd ref="610410466" /><tag k="oneway" v="no" /><tag k="highway" v="residential" /><tag k="name" v="Naval Hospital 10th Street" /></way><way user="OSMnx" visible="true" uid="1" version="1" id="1499582077" timestamp="2026-08-18T20:44:39Z" changeset="1"><nd ref="248468231" /><nd ref="248468232" /><nd ref="2241833423" /><nd ref="1279325402" /><nd ref="1279325404" /><nd ref="248467985" /><tag k="oneway" v="no" /><tag k="highway" v="residential" /><tag k="name" v="Singanna Street part B" /></way><way user="OSMnx" visible="true" uid="1" version="1" id="1499582078" timestamp="2026-08-18T20:44:39Z" changeset="1"><nd ref="248467985" /><nd ref="317152629" /><nd ref="248468311" /><tag k="oneway" v="no" /><tag k="highway" v="secondary" /><tag k="name" v="Arunachalam Street" /></way><way user="OSMnx" visible="true" uid="1" version="1" id="1500148176" timestamp="2026-08-18T20:44:39Z" changeset="1"><nd ref="254498037" /><nd ref="610900301" /><nd ref="254498194" /><nd ref="254497368" /><tag k="oneway" v="yes" /><tag k="highway" v="tertiary" /><tag k="name" v="Avadhanam Papier Road" /></way><way user="OSMnx" visible="true" uid="1" version="1" id="1503263820" timestamp="2026-08-18T20:44:39Z" changeset="1"><nd ref="610410431" /><nd ref="610410432" /><nd ref="254497485" /><tag k="oneway" v="no" /><tag k="highway" v="residential" /><tag k="name" v="Tiruvengeda Mudali Street" /></way><way user="OSMnx" visible="true" uid="1" version="1" id="1504318076" timestamp="2026-08-18T20:44:39Z" changeset="1"><nd ref="13765886374" /><nd ref="11780216061" /><tag k="oneway" v="no" /><tag k="highway" v="residential" /></way><way user="OSMnx" visible="true" uid="1" version="1" id="1505475532" timestamp="2026-08-18T20:44:39Z" changeset="1"><nd ref="9913682372" /><nd ref="10957030536" /><nd ref="258916771" /><tag k="oneway" v="no" /><tag k="highway" v="living_street" /><tag k="name" v="Arumugam Street" /></way><way user="OSMnx" visible="true" uid="1" version="1" id="1510438432" timestamp="2026-08-18T20:44:39Z" changeset="1"><nd ref="13298854275" /><nd ref="254498145" /><nd ref="254497368" /><tag k="oneway" v="no" /><tag k="lanes" v="2" /><tag k="highway" v="secondary" /><tag k="name" v="Perambur Barracks Salai" /></way><way user="OSMnx" visible="true" uid="1" version="1" id="1510438433" timestamp="2026-08-18T20:44:39Z" changeset="1"><nd ref="13807668473" /><nd ref="13298854275" /><tag k="oneway" v="no" /><tag k="lanes" v="2" /><tag k="highway" v="secondary" /><tag k="name" v="Perambur Barracks Salai" /></way><way user="OSMnx" visible="true" uid="1" version="1" id="1517805999" timestamp="2026-08-18T20:44:39Z" changeset="1"><nd ref="254497744" /><nd ref="254497745" /><nd ref="254497747" /><nd ref="344492596" /><nd ref="254497755" /><tag k="oneway" v="no" /><tag k="highway" v="tertiary" /><tag k="name" v="V V koil Street 1" /></way><way user="OSMnx" visible="true" uid="1" version="1" id="1517829332" timestamp="2026-08-18T20:44:39Z" changeset="1"><nd ref="2172865452" /><nd ref="610410421" /><tag k="oneway" v="no" /><tag k="highway" v="residential" /><tag k="name" v="Motilal Nehru Street" /></way><way user="OSMnx" visible="true" uid="1" version="1" id="1518362678" timestamp="2026-08-18T20:44:39Z" changeset="1"><nd ref="610963177" /><nd ref="13858134440" /><nd ref="610963176" /><nd ref="610963179" /><tag k="oneway" v="no" /><tag k="highway" v="living_street" /><tag k="name" v="km garden 2nd street" /></way><way user="OSMnx" visible="true" uid="1" version="1" id="1518362679" timestamp="2026-08-18T20:44:39Z" changeset="1"><nd ref="13858134437" /><nd ref="13858134438" /><nd ref="13858134439" /><nd ref="13858134440" /><tag k="oneway" v="no" /><tag k="highway" v="residential" /><tag k="name" v="KM garden 3rd street" /></way><way user="OSMnx" visible="true" uid="1" version="1" id="1518365806" timestamp="2026-08-18T20:44:39Z" changeset="1"><nd ref="13858195226" /><nd ref="13858195227" /><nd ref="610963177" /><tag k="oneway" v="no" /><tag k="highway" v="residential" /><tag k="name" v="KM garden 6th street" /></way><way user="OSMnx" visible="true" uid="1" version="1" id="1522203186" timestamp="2026-08-18T20:44:39Z" changeset="1"><nd ref="10945638487" /><nd ref="13880733757" /><nd ref="7170122934" /><nd ref="2197639722" /><nd ref="7170122933" /><nd ref="11780124650" /><nd ref="11780124658" /><nd ref="2198125458" /><nd ref="11041573846" /><nd ref="13880733752" /><nd ref="13880733742" /><nd ref="13880733753" /><tag k="oneway" v="yes" /><tag k="highway" v="secondary" /><tag k="name" v="Pantheon Road" /></way><way user="OSMnx" visible="true" uid="1" version="1" id="1522203187" timestamp="2026-08-18T20:44:39Z" changeset="1"><nd ref="13880733735" /><nd ref="13880733754" /><tag k="oneway" v="yes" /><tag k="bridge" v="yes" /><tag k="highway" v="secondary" /><tag k="name" v="Pantheon Road" /></way><way user="OSMnx" visible="true" uid="1" version="1" id="1522203188" timestamp="2026-08-18T20:44:39Z" changeset="1"><nd ref="11495672597" /><nd ref="11495672608" /><nd ref="13880733764" /><nd ref="2197639805" /><tag k="oneway" v="yes" /><tag k="lanes" v="2" /><tag k="highway" v="secondary" /><tag k="name" v="Police Commissioner Office Road" /></way><way user="OSMnx" visible="true" uid="1" version="1" id="1525395554" timestamp="2026-08-18T20:44:39Z" changeset="1"><nd ref="254491187" /><nd ref="11721635070" /><nd ref="11721635069" /><nd ref="254498071" /><tag k="oneway" v="yes" /><tag k="highway" v="tertiary" /><tag k="name" v="Vadamalai Pillai Street" /></way><way user="OSMnx" visible="true" uid="1" version="1" id="1525395555" timestamp="2026-08-18T20:44:39Z" changeset="1"><nd ref="254498071" /><nd ref="254498138" /><nd ref="254498107" /><nd ref="254498150" /><nd ref="254498139" /><nd ref="254498134" /><nd ref="254498127" /><nd ref="254498114" /><tag k="oneway" v="no" /><tag k="highway" v="residential" /><tag k="name" v="Arunachalam Street" /></way><way user="OSMnx" visible="true" uid="1" version="1" id="1525395556" timestamp="2026-08-18T20:44:39Z" changeset="1"><nd ref="11363847025" /><nd ref="11363747459" /><nd ref="254491191" /><tag k="oneway" v="no" /><tag k="lanes" v="2" /><tag k="highway" v="secondary" /><tag k="name" v="Perambur Barracks Salai" /></way><way user="OSMnx" visible="true" uid="1" version="1" id="1531894098" timestamp="2026-08-18T20:44:39Z" changeset="1"><nd ref="254497437" /><nd ref="13961931892" /><tag k="oneway" v="no" /><tag k="highway" v="residential" /></way><way user="OSMnx" visible="true" uid="1" version="1" id="1533873623" timestamp="2026-08-18T20:44:39Z" changeset="1"><nd ref="247438584" /><nd ref="310505815" /><tag k="oneway" v="no" /><tag k="highway" v="tertiary" /><tag k="name" v="Rasappa Chetty Street" /></way><way user="OSMnx" visible="true" uid="1" version="1" id="1535797104" timestamp="2026-08-18T20:44:39Z" changeset="1"><nd ref="254141868" /><nd ref="247438110" /><nd ref="247438111" /><nd ref="10913194734" /><nd ref="10913194733" /><nd ref="247438112" /><tag k="oneway" v="no" /><tag k="highway" v="tertiary" /><tag k="name" v="Mint Street" /></way></osm>